motif_DB	motif_ID	motif_ALT_ID	seq_ID	seq_Score	seq_Class	is_holdout?
streme_out/streme.xml	4-AGTACGTCTGGC	STREME-4	g7206.t1_downstream::Scaffold2:10210666-10212666	23.88	tp	0
streme_out/streme.xml	4-AGTACGTCTGGC	STREME-4	g14396.t1_downstream::Scaffold5:641298-643298	21.79	tp	0
streme_out/streme.xml	4-AGTACGTCTGGC	STREME-4	g23436.t1_upstream::Scaffold8:41338090-41340090	21.72	tp	0
streme_out/streme.xml	4-AGTACGTCTGGC	STREME-4	g14467.t1_upstream::Scaffold5:1366993-1368993	20.32	tp	0
streme_out/streme.xml	4-AGTACGTCTGGC	STREME-4	g21877.t1_downstream::Scaffold8:3741070-3743070	19.89	tp	0
streme_out/streme.xml	4-AGTACGTCTGGC	STREME-4	g22904.t1_upstream::Scaffold8:35765616-35767616	19.77	tp	0
streme_out/streme.xml	4-AGTACGTCTGGC	STREME-4	g22904.t2_upstream::Scaffold8:35765616-35767616	19.77	tp	0
streme_out/streme.xml	4-AGTACGTCTGGC	STREME-4	g22904.t3_upstream::Scaffold8:35765616-35767616	19.77	tp	0
streme_out/streme.xml	4-AGTACGTCTGGC	STREME-4	g1146.t1_downstream::Scaffold1:30081391-30083391	19.77	tp	0
streme_out/streme.xml	4-AGTACGTCTGGC	STREME-4	g23616.t1_downstream::Scaffold8:43122807-43124807	19.76	fp	0
streme_out/streme.xml	4-AGTACGTCTGGC	STREME-4	g6063.t1_upstream::Scaffold1156:31358-33358	19.26	fp	0
streme_out/streme.xml	4-AGTACGTCTGGC	STREME-4	g23639.t1_upstream::Scaffold8:43293320-43295320	18.96	tp	0
streme_out/streme.xml	4-AGTACGTCTGGC	STREME-4	g23639.t2_upstream::Scaffold8:43293320-43295320	18.96	tp	0
streme_out/streme.xml	4-AGTACGTCTGGC	STREME-4	g23639.t3_upstream::Scaffold8:43293320-43295320	18.96	tp	0
streme_out/streme.xml	4-AGTACGTCTGGC	STREME-4	g12860.t1_downstream::Scaffold4:23055647-23057647	18.13	fp	0
streme_out/streme.xml	4-AGTACGTCTGGC	STREME-4	g22904.t3_downstream::Scaffold8:35770532-35772532	17.93	tp	0
streme_out/streme.xml	4-AGTACGTCTGGC	STREME-4	g22904.t2_downstream::Scaffold8:35770532-35772532	17.93	tp	0
streme_out/streme.xml	4-AGTACGTCTGGC	STREME-4	g22904.t1_downstream::Scaffold8:35770532-35772532	17.93	tp	0
streme_out/streme.xml	4-AGTACGTCTGGC	STREME-4	g15875.t1_downstream::Scaffold5:33991903-33993903	17.46	tp	0
streme_out/streme.xml	4-AGTACGTCTGGC	STREME-4	g11462.t1_downstream::Scaffold3:54180194-54182194	17.39	tp	0
streme_out/streme.xml	4-AGTACGTCTGGC	STREME-4	g7974.t1_downstream::Scaffold2:23654769-23656769	17.34	tp	0
streme_out/streme.xml	4-AGTACGTCTGGC	STREME-4	g18303.t1_upstream::Scaffold6:13349862-13351862	17.30	tp	0
streme_out/streme.xml	4-AGTACGTCTGGC	STREME-4	g3632.t1_downstream::Scaffold10:28672542-28674542	17.30	fp	0
streme_out/streme.xml	4-AGTACGTCTGGC	STREME-4	g4079.t1_downstream::Scaffold10:34543483-34545483	17.12	tp	0
streme_out/streme.xml	4-AGTACGTCTGGC	STREME-4	g1024.t1_upstream::Scaffold1:28838014-28840014	17.03	tp	0
streme_out/streme.xml	4-AGTACGTCTGGC	STREME-4	g16008.t1_upstream::Scaffold5:37152452-37154452	17.01	fp	0
streme_out/streme.xml	4-AGTACGTCTGGC	STREME-4	g7243.t1_downstream::Scaffold2:10594499-10596499	16.95	fp	0
streme_out/streme.xml	4-AGTACGTCTGGC	STREME-4	g23495.t1_downstream::Scaffold8:41877725-41879725	16.76	tp	0
streme_out/streme.xml	4-AGTACGTCTGGC	STREME-4	g25272.t1_downstream::Scaffold9:36733530-36735530	16.75	fp	0
streme_out/streme.xml	4-AGTACGTCTGGC	STREME-4	g6746.t1_downstream::Scaffold2:5751966-5753966	16.63	fp	0
streme_out/streme.xml	4-AGTACGTCTGGC	STREME-4	g23828.t1_downstream::Scaffold9:3055797-3057797	16.39	fp	0
streme_out/streme.xml	4-AGTACGTCTGGC	STREME-4	g22759.t1_upstream::Scaffold8:33362337-33364337	16.37	fp	0
streme_out/streme.xml	4-AGTACGTCTGGC	STREME-4	g10696.t1_downstream::Scaffold3:44644082-44646082	16.33	fp	0
streme_out/streme.xml	4-AGTACGTCTGGC	STREME-4	g12485.t1_upstream::Scaffold4:18849224-18851224	16.32	fp	0
streme_out/streme.xml	4-AGTACGTCTGGC	STREME-4	g10743.t1_upstream::Scaffold3:45306249-45308249	16.28	fp	0
streme_out/streme.xml	4-AGTACGTCTGGC	STREME-4	g6147.t1_upstream::Scaffold2:640317-642317	16.24	tp	0
streme_out/streme.xml	4-AGTACGTCTGGC	STREME-4	g23079.t1_downstream::Scaffold8:37927064-37929064	16.20	fp	1
streme_out/streme.xml	4-AGTACGTCTGGC	STREME-4	g6308.t1_downstream::Scaffold2:2086426-2088426	16.12	fp	0
streme_out/streme.xml	4-AGTACGTCTGGC	STREME-4	g9181.t1_upstream::Scaffold3:2640906-2642906	16.08	fp	0
streme_out/streme.xml	4-AGTACGTCTGGC	STREME-4	g6975.t1_downstream::Scaffold2:7874286-7876286	15.75	fp	0
streme_out/streme.xml	4-AGTACGTCTGGC	STREME-4	g88.t1_downstream::Scaffold1:3037019-3039019	15.60	tp	0
streme_out/streme.xml	4-AGTACGTCTGGC	STREME-4	g88.t2_downstream::Scaffold1:3037019-3039019	15.60	tp	0
streme_out/streme.xml	4-AGTACGTCTGGC	STREME-4	g4220.t1_upstream::Scaffold10:35893933-35895933	15.46	tp	1
streme_out/streme.xml	4-AGTACGTCTGGC	STREME-4	g7478.t1_upstream::Scaffold2:12987922-12989922	15.43	fp	0
streme_out/streme.xml	4-AGTACGTCTGGC	STREME-4	g10906.t1_upstream::Scaffold3:47668640-47670640	15.42	fp	0
streme_out/streme.xml	4-AGTACGTCTGGC	STREME-4	g17510.t1_downstream::Scaffold6:5172689-5174689	15.39	tp	0
streme_out/streme.xml	4-AGTACGTCTGGC	STREME-4	g3652.t1_downstream::Scaffold10:29048916-29050916	15.37	tp	0
streme_out/streme.xml	4-AGTACGTCTGGC	STREME-4	g14740.t1_downstream::Scaffold5:4176406-4178406	15.37	fp	0
streme_out/streme.xml	4-AGTACGTCTGGC	STREME-4	g16343.t1_upstream::Scaffold5:42236374-42238374	15.32	tp	1
#
streme_out/streme.xml	2-AAACCAAACATCA	STREME-2	g8456.t1_upstream::Scaffold2:48054852-48056852	22.24	tp	0
streme_out/streme.xml	2-AAACCAAACATCA	STREME-2	g1146.t1_upstream::Scaffold1:30076125-30078125	22.24	tp	0
streme_out/streme.xml	2-AAACCAAACATCA	STREME-2	g12462.t1_downstream::Scaffold4:18624624-18626624	22.24	fp	0
streme_out/streme.xml	2-AAACCAAACATCA	STREME-2	g11644.t1_upstream::Scaffold3:55898739-55900739	22.24	fp	1
streme_out/streme.xml	2-AAACCAAACATCA	STREME-2	g17014.t1_upstream::Scaffold6:452879-454879	21.91	tp	0
streme_out/streme.xml	2-AAACCAAACATCA	STREME-2	g17014.t1_upstream::Scaffold6:452879-454879	21.91	fp	0
streme_out/streme.xml	2-AAACCAAACATCA	STREME-2	g15560.t1_downstream::Scaffold5:19478178-19480178	21.47	tp	0
streme_out/streme.xml	2-AAACCAAACATCA	STREME-2	g15554.t1_downstream::Scaffold5:19339841-19341841	21.47	tp	0
streme_out/streme.xml	2-AAACCAAACATCA	STREME-2	g15555.t2_downstream::Scaffold5:19380885-19382885	21.47	tp	0
streme_out/streme.xml	2-AAACCAAACATCA	STREME-2	g15555.t1_downstream::Scaffold5:19380885-19382885	21.47	tp	0
streme_out/streme.xml	2-AAACCAAACATCA	STREME-2	g4080.t1_downstream::Scaffold10:34554350-34556350	20.63	tp	1
streme_out/streme.xml	2-AAACCAAACATCA	STREME-2	g23321.t1_upstream::Scaffold8:40306247-40308247	20.26	tp	0
streme_out/streme.xml	2-AAACCAAACATCA	STREME-2	g10213.t1_downstream::Scaffold3:34845066-34847066	20.26	fp	0
streme_out/streme.xml	2-AAACCAAACATCA	STREME-2	g9269.t1_upstream::Scaffold3:3570017-3572017	20.26	fp	0
streme_out/streme.xml	2-AAACCAAACATCA	STREME-2	g10212.t1_upstream::Scaffold3:34846191-34848191	20.26	fp	0
streme_out/streme.xml	2-AAACCAAACATCA	STREME-2	g18470.t1_upstream::Scaffold6:15288099-15290099	20.26	fp	0
streme_out/streme.xml	2-AAACCAAACATCA	STREME-2	g19535.t1_downstream::Scaffold7:1117284-1119284	20.17	tp	0
streme_out/streme.xml	2-AAACCAAACATCA	STREME-2	g21419.t1_upstream::Scaffold7:42954997-42956997	20.17	tp	0
streme_out/streme.xml	2-AAACCAAACATCA	STREME-2	g22904.t1_upstream::Scaffold8:35765616-35767616	19.92	tp	0
streme_out/streme.xml	2-AAACCAAACATCA	STREME-2	g22904.t2_upstream::Scaffold8:35765616-35767616	19.92	tp	0
streme_out/streme.xml	2-AAACCAAACATCA	STREME-2	g22904.t3_upstream::Scaffold8:35765616-35767616	19.92	tp	0
streme_out/streme.xml	2-AAACCAAACATCA	STREME-2	g14396.t1_downstream::Scaffold5:641298-643298	18.73	tp	0
streme_out/streme.xml	2-AAACCAAACATCA	STREME-2	g19598.t1_upstream::Scaffold7:1701426-1703426	18.66	tp	0
streme_out/streme.xml	2-AAACCAAACATCA	STREME-2	g19598.t2_upstream::Scaffold7:1701426-1703426	18.66	tp	1
streme_out/streme.xml	2-AAACCAAACATCA	STREME-2	g17356.t1_downstream::Scaffold6:3600291-3602291	18.57	tp	0
streme_out/streme.xml	2-AAACCAAACATCA	STREME-2	g16322.t1_downstream::Scaffold5:41979172-41981172	18.53	tp	0
streme_out/streme.xml	2-AAACCAAACATCA	STREME-2	g24571.t1_downstream::Scaffold9:29124078-29126078	18.52	fp	0
streme_out/streme.xml	2-AAACCAAACATCA	STREME-2	g24195.t1_downstream::Scaffold9:20740742-20742742	18.51	fp	0
streme_out/streme.xml	2-AAACCAAACATCA	STREME-2	g3152.t1_downstream::Scaffold10:7349904-7351904	18.40	tp	0
streme_out/streme.xml	2-AAACCAAACATCA	STREME-2	g3152.t1_downstream::Scaffold10:7349904-7351904	18.40	fp	0
streme_out/streme.xml	2-AAACCAAACATCA	STREME-2	g21877.t1_upstream::Scaffold8:3735482-3737482	18.30	tp	0
streme_out/streme.xml	2-AAACCAAACATCA	STREME-2	g24597.t1_downstream::Scaffold9:29461565-29463565	18.28	tp	0
streme_out/streme.xml	2-AAACCAAACATCA	STREME-2	g24596.t1_downstream::Scaffold9:29461214-29463214	18.28	fp	0
streme_out/streme.xml	2-AAACCAAACATCA	STREME-2	g19887.t1_upstream::Scaffold7:5818452-5820452	18.25	tp	0
streme_out/streme.xml	2-AAACCAAACATCA	STREME-2	g15875.t1_downstream::Scaffold5:33991903-33993903	18.20	tp	0
streme_out/streme.xml	2-AAACCAAACATCA	STREME-2	g17085.t1_downstream::Scaffold6:1192573-1194573	18.11	fp	0
streme_out/streme.xml	2-AAACCAAACATCA	STREME-2	g9911.t1_upstream::Scaffold3:17272733-17274733	17.98	fp	0
streme_out/streme.xml	2-AAACCAAACATCA	STREME-2	g24500.t1_downstream::Scaffold9:28124492-28126492	17.74	tp	0
streme_out/streme.xml	2-AAACCAAACATCA	STREME-2	g17708.t1_upstream::Scaffold6:7077587-7079587	17.69	tp	0
streme_out/streme.xml	2-AAACCAAACATCA	STREME-2	g12879.t1_downstream::Scaffold4:23231334-23233334	17.51	fp	0
streme_out/streme.xml	2-AAACCAAACATCA	STREME-2	g8332.t1_upstream::Scaffold2:45274544-45276544	17.49	fp	1
streme_out/streme.xml	2-AAACCAAACATCA	STREME-2	g10942.t1_downstream::Scaffold3:48141410-48143410	17.45	fp	0
streme_out/streme.xml	2-AAACCAAACATCA	STREME-2	g10756.t1_upstream::Scaffold3:45454403-45456403	17.25	tp	0
streme_out/streme.xml	2-AAACCAAACATCA	STREME-2	g10756.t1_upstream::Scaffold3:45454403-45456403	17.25	fp	0
streme_out/streme.xml	2-AAACCAAACATCA	STREME-2	g957.t1_downstream::Scaffold1:28122443-28124443	17.19	fp	0
streme_out/streme.xml	2-AAACCAAACATCA	STREME-2	g23640.t1_upstream::Scaffold8:43307881-43309881	17.19	fp	0
streme_out/streme.xml	2-AAACCAAACATCA	STREME-2	g3806.t1_downstream::Scaffold10:31515280-31517280	17.15	fp	0
streme_out/streme.xml	2-AAACCAAACATCA	STREME-2	g1084.t1_upstream::Scaffold1:29411607-29413607	17.10	fp	0
streme_out/streme.xml	2-AAACCAAACATCA	STREME-2	g8766.t1_upstream::Scaffold2:53111631-53113631	17.09	tp	0
streme_out/streme.xml	2-AAACCAAACATCA	STREME-2	g4691.t1_downstream::Scaffold11:2234159-2236159	17.08	fp	0
streme_out/streme.xml	2-AAACCAAACATCA	STREME-2	g17356.t1_upstream::Scaffold6:3609844-3611844	16.85	tp	0
streme_out/streme.xml	2-AAACCAAACATCA	STREME-2	g16195.t2_downstream::Scaffold5:40109428-40111428	16.83	tp	0
streme_out/streme.xml	2-AAACCAAACATCA	STREME-2	g16195.t1_downstream::Scaffold5:40109428-40111428	16.83	tp	0
streme_out/streme.xml	2-AAACCAAACATCA	STREME-2	g12146.t1_upstream::Scaffold4:13518235-13520235	16.80	fp	0
streme_out/streme.xml	2-AAACCAAACATCA	STREME-2	g882.t1_downstream::Scaffold1:27099773-27101773	16.80	fp	0
streme_out/streme.xml	2-AAACCAAACATCA	STREME-2	g11543.t1_upstream::Scaffold3:55044747-55046747	16.72	tp	0
streme_out/streme.xml	2-AAACCAAACATCA	STREME-2	g5332.t1_downstream::Scaffold11:8483370-8485370	16.63	tp	0
streme_out/streme.xml	2-AAACCAAACATCA	STREME-2	g1571.t1_downstream::Scaffold1:34000222-34002222	16.62	tp	0
streme_out/streme.xml	2-AAACCAAACATCA	STREME-2	g14438.t1_downstream::Scaffold5:1042986-1044986	16.59	fp	0
streme_out/streme.xml	2-AAACCAAACATCA	STREME-2	g9319.t1_downstream::Scaffold3:4197237-4199237	16.53	tp	0
streme_out/streme.xml	2-AAACCAAACATCA	STREME-2	g19863.t1_upstream::Scaffold7:5482186-5484186	16.53	fp	0
streme_out/streme.xml	2-AAACCAAACATCA	STREME-2	g13209.t1_downstream::Scaffold4:26318965-26320965	16.45	fp	0
streme_out/streme.xml	2-AAACCAAACATCA	STREME-2	g15975.t1_downstream::Scaffold5:36351152-36353152	16.45	fp	0
streme_out/streme.xml	2-AAACCAAACATCA	STREME-2	g20599.t1_downstream::Scaffold7:32563249-32565249	16.45	fp	0
streme_out/streme.xml	2-AAACCAAACATCA	STREME-2	g12936.t1_downstream::Scaffold4:23812934-23814934	16.45	fp	0
streme_out/streme.xml	2-AAACCAAACATCA	STREME-2	g7183.t1_upstream::Scaffold2:9908628-9910628	16.45	fp	0
streme_out/streme.xml	2-AAACCAAACATCA	STREME-2	g4691.t1_upstream::Scaffold11:2230118-2232118	16.45	fp	0
streme_out/streme.xml	2-AAACCAAACATCA	STREME-2	g25055.t1_upstream::Scaffold9:34816530-34818530	16.45	fp	0
streme_out/streme.xml	2-AAACCAAACATCA	STREME-2	g6945.t1_upstream::Scaffold2:7612788-7614788	16.45	fp	0
streme_out/streme.xml	2-AAACCAAACATCA	STREME-2	g12679.t1_upstream::Scaffold4:21100502-21102502	16.45	fp	0
streme_out/streme.xml	2-AAACCAAACATCA	STREME-2	g7206.t1_upstream::Scaffold2:10216244-10218244	16.45	tp	1
streme_out/streme.xml	2-AAACCAAACATCA	STREME-2	g8268.t1_upstream::Scaffold2:43365220-43367220	16.45	fp	1
streme_out/streme.xml	2-AAACCAAACATCA	STREME-2	g8913.t1_upstream::Scaffold2:54815125-54817125	16.42	fp	0
streme_out/streme.xml	2-AAACCAAACATCA	STREME-2	g10090.t1_upstream::Scaffold3:31154107-31156107	16.30	tp	0
streme_out/streme.xml	2-AAACCAAACATCA	STREME-2	g20076.t1_upstream::Scaffold7:9731341-9733341	16.19	tp	1
streme_out/streme.xml	2-AAACCAAACATCA	STREME-2	g2690.t1_downstream::Scaffold1:46018531-46020531	16.14	fp	0
streme_out/streme.xml	2-AAACCAAACATCA	STREME-2	g17561.t1_upstream::Scaffold6:5558257-5560257	16.12	fp	0
streme_out/streme.xml	2-AAACCAAACATCA	STREME-2	g7276.t1_downstream::Scaffold2:10906796-10908796	16.10	tp	0
streme_out/streme.xml	2-AAACCAAACATCA	STREME-2	g19204.t1_upstream::Scaffold6:35236788-35238788	16.10	fp	0
streme_out/streme.xml	2-AAACCAAACATCA	STREME-2	g24804.t1_downstream::Scaffold9:32079653-32081653	16.10	fp	0
streme_out/streme.xml	2-AAACCAAACATCA	STREME-2	g14965.t1_downstream::Scaffold5:6722643-6724643	16.10	fp	0
streme_out/streme.xml	2-AAACCAAACATCA	STREME-2	g14438.t1_upstream::Scaffold5:1039304-1041304	16.10	fp	0
streme_out/streme.xml	2-AAACCAAACATCA	STREME-2	g22094.t1_upstream::Scaffold8:6876376-6878376	16.09	tp	1
streme_out/streme.xml	2-AAACCAAACATCA	STREME-2	g15017.t1_upstream::Scaffold5:7370469-7372469	15.85	fp	1
streme_out/streme.xml	2-AAACCAAACATCA	STREME-2	g15313.t1_upstream::Scaffold5:12287419-12289419	15.69	tp	0
streme_out/streme.xml	2-AAACCAAACATCA	STREME-2	g1138.t1_upstream::Scaffold1:29980671-29982671	15.59	fp	0
streme_out/streme.xml	2-AAACCAAACATCA	STREME-2	g15977.t1_upstream::Scaffold5:36374862-36376862	15.58	fp	0
streme_out/streme.xml	2-AAACCAAACATCA	STREME-2	g24596.t1_upstream::Scaffold9:29456584-29458584	15.54	fp	0
streme_out/streme.xml	2-AAACCAAACATCA	STREME-2	g20549.t1_downstream::Scaffold7:31638229-31640229	15.41	fp	0
streme_out/streme.xml	2-AAACCAAACATCA	STREME-2	g13723.t1_downstream::Scaffold4:32141274-32143274	15.38	fp	0
streme_out/streme.xml	2-AAACCAAACATCA	STREME-2	g16266.t1_upstream::Scaffold5:41237690-41239690	15.31	fp	0
streme_out/streme.xml	2-AAACCAAACATCA	STREME-2	g18773.t1_downstream::Scaffold6:19451479-19453479	15.24	fp	0
streme_out/streme.xml	2-AAACCAAACATCA	STREME-2	g11461.t1_downstream::Scaffold3:54177980-54179980	15.16	fp	1
streme_out/streme.xml	2-AAACCAAACATCA	STREME-2	g11209.t1_upstream::Scaffold3:51527671-51529671	15.15	fp	0
streme_out/streme.xml	2-AAACCAAACATCA	STREME-2	g24666.t1_upstream::Scaffold9:30441413-30443413	15.13	tp	0
streme_out/streme.xml	2-AAACCAAACATCA	STREME-2	g16552.t1_upstream::Scaffold5:45549198-45551198	15.04	fp	0
streme_out/streme.xml	2-AAACCAAACATCA	STREME-2	g20300.t1_upstream::Scaffold7:20166167-20168167	14.96	tp	0
streme_out/streme.xml	2-AAACCAAACATCA	STREME-2	g24776.t1_upstream::Scaffold9:31742937-31744937	14.94	fp	0
streme_out/streme.xml	2-AAACCAAACATCA	STREME-2	g7533.t1_downstream::Scaffold2:13659693-13661693	14.85	tp	0
streme_out/streme.xml	2-AAACCAAACATCA	STREME-2	g13462.t1_upstream::Scaffold4:28918699-28920699	14.85	tp	0
streme_out/streme.xml	2-AAACCAAACATCA	STREME-2	g23085.t1_upstream::Scaffold8:37983809-37985809	14.85	tp	0
streme_out/streme.xml	2-AAACCAAACATCA	STREME-2	g645.t1_upstream::Scaffold1:23777246-23779246	14.85	fp	0
streme_out/streme.xml	2-AAACCAAACATCA	STREME-2	g9421.t2_upstream::Scaffold3:5338462-5340462	14.85	fp	0
streme_out/streme.xml	2-AAACCAAACATCA	STREME-2	g10799.t1_upstream::Scaffold3:45997182-45999182	14.85	fp	0
streme_out/streme.xml	2-AAACCAAACATCA	STREME-2	g1855.t1_upstream::Scaffold1:36854819-36856819	14.85	fp	0
streme_out/streme.xml	2-AAACCAAACATCA	STREME-2	g25214.t1_upstream::Scaffold9:36188025-36190025	14.85	fp	0
streme_out/streme.xml	2-AAACCAAACATCA	STREME-2	g12615.t1_upstream::Scaffold4:20268880-20270880	14.85	fp	0
streme_out/streme.xml	2-AAACCAAACATCA	STREME-2	g22217.t1_upstream::Scaffold8:9296233-9298233	14.85	fp	0
streme_out/streme.xml	2-AAACCAAACATCA	STREME-2	g20549.t1_upstream::Scaffold7:31625418-31627418	14.85	fp	0
streme_out/streme.xml	2-AAACCAAACATCA	STREME-2	g261.t1_downstream::Scaffold1:11729183-11731183	14.85	fp	0
streme_out/streme.xml	2-AAACCAAACATCA	STREME-2	g6550.t1_downstream::Scaffold2:3927652-3929652	14.85	fp	0
streme_out/streme.xml	2-AAACCAAACATCA	STREME-2	g16286.t1_upstream::Scaffold5:41546628-41548628	14.85	fp	0
streme_out/streme.xml	2-AAACCAAACATCA	STREME-2	g5645.t1_upstream::Scaffold11:13769548-13771548	14.85	fp	0
streme_out/streme.xml	2-AAACCAAACATCA	STREME-2	g14515.t1_downstream::Scaffold5:1810847-1812847	14.85	fp	0
streme_out/streme.xml	2-AAACCAAACATCA	STREME-2	g22483.t1_upstream::Scaffold8:20486349-20488349	14.85	fp	0
streme_out/streme.xml	2-AAACCAAACATCA	STREME-2	g8810.t1_upstream::Scaffold2:53665026-53667026	14.85	fp	0
streme_out/streme.xml	2-AAACCAAACATCA	STREME-2	g9893.t2_upstream::Scaffold3:16562608-16564608	14.85	fp	0
streme_out/streme.xml	2-AAACCAAACATCA	STREME-2	g23048.t1_downstream::Scaffold8:37669343-37671343	14.85	fp	0
streme_out/streme.xml	2-AAACCAAACATCA	STREME-2	g24564.t1_upstream::Scaffold9:29051977-29053977	14.85	fp	1
streme_out/streme.xml	2-AAACCAAACATCA	STREME-2	g9389.t2_downstream::Scaffold3:4930808-4932808	14.83	tp	0
streme_out/streme.xml	2-AAACCAAACATCA	STREME-2	g9389.t1_downstream::Scaffold3:4930808-4932808	14.83	tp	1
streme_out/streme.xml	2-AAACCAAACATCA	STREME-2	g1892.t2_downstream::Scaffold1:37196694-37198694	14.78	fp	0
streme_out/streme.xml	2-AAACCAAACATCA	STREME-2	g3097.t1_upstream::Scaffold10:5844812-5846812	14.76	fp	0
streme_out/streme.xml	2-AAACCAAACATCA	STREME-2	g3097.t2_upstream::Scaffold10:5844812-5846812	14.76	fp	0
streme_out/streme.xml	2-AAACCAAACATCA	STREME-2	g11494.t1_downstream::Scaffold3:54534291-54536291	14.61	tp	0
streme_out/streme.xml	2-AAACCAAACATCA	STREME-2	g5497.t1_upstream::Scaffold11:11135679-11137679	14.60	fp	0
streme_out/streme.xml	2-AAACCAAACATCA	STREME-2	g25181.t1_downstream::Scaffold9:35877131-35879131	14.56	fp	1
streme_out/streme.xml	2-AAACCAAACATCA	STREME-2	g11529.t1_upstream::Scaffold3:54897555-54899555	14.56	fp	0
streme_out/streme.xml	2-AAACCAAACATCA	STREME-2	g22450.t1_downstream::Scaffold8:18617556-18619556	14.55	fp	0
streme_out/streme.xml	2-AAACCAAACATCA	STREME-2	g23960.t1_downstream::Scaffold9:7536380-7538380	14.54	fp	0
streme_out/streme.xml	2-AAACCAAACATCA	STREME-2	g20077.t1_downstream::Scaffold7:9743638-9745638	14.43	tp	0
streme_out/streme.xml	2-AAACCAAACATCA	STREME-2	g10276.t1_upstream::Scaffold3:36656671-36658671	14.22	fp	0
streme_out/streme.xml	2-AAACCAAACATCA	STREME-2	g13209.t1_upstream::Scaffold4:26321882-26323882	14.22	fp	0
streme_out/streme.xml	2-AAACCAAACATCA	STREME-2	g24302.t1_downstream::Scaffold9:24120869-24122869	14.18	fp	0
streme_out/streme.xml	2-AAACCAAACATCA	STREME-2	g22483.t1_downstream::Scaffold8:20473795-20475795	14.17	fp	0
streme_out/streme.xml	2-AAACCAAACATCA	STREME-2	g6945.t1_downstream::Scaffold2:7606444-7608444	14.15	fp	0
streme_out/streme.xml	2-AAACCAAACATCA	STREME-2	g23760.t1_downstream::Scaffold9:1793800-1795800	14.14	fp	0
streme_out/streme.xml	2-AAACCAAACATCA	STREME-2	g25221.t1_downstream::Scaffold9:36213383-36215383	14.09	fp	0
streme_out/streme.xml	2-AAACCAAACATCA	STREME-2	g4117.t1_upstream::Scaffold10:34982949-34984949	14.08	fp	0
streme_out/streme.xml	2-AAACCAAACATCA	STREME-2	g20483.t3_downstream::Scaffold7:29973378-29975378	14.07	fp	0
streme_out/streme.xml	2-AAACCAAACATCA	STREME-2	g15818.t1_downstream::Scaffold5:32523068-32525068	14.03	fp	0
streme_out/streme.xml	2-AAACCAAACATCA	STREME-2	g18890.t1_downstream::Scaffold6:21839949-21841949	13.99	fp	0
streme_out/streme.xml	2-AAACCAAACATCA	STREME-2	g20903.t1_upstream::Scaffold7:37346688-37348688	13.99	tp	0
streme_out/streme.xml	2-AAACCAAACATCA	STREME-2	g17389.t1_upstream::Scaffold6:3862079-3864079	13.93	fp	0
streme_out/streme.xml	2-AAACCAAACATCA	STREME-2	g25263.t1_downstream::Scaffold9:36634997-36636997	13.87	fp	0
streme_out/streme.xml	2-AAACCAAACATCA	STREME-2	g14849.t2_upstream::Scaffold5:5339648-5341648	13.86	tp	0
streme_out/streme.xml	2-AAACCAAACATCA	STREME-2	g14849.t1_upstream::Scaffold5:5339633-5341633	13.86	tp	0
streme_out/streme.xml	2-AAACCAAACATCA	STREME-2	g7377.t1_upstream::Scaffold2:11919149-11921149	13.86	tp	0
streme_out/streme.xml	2-AAACCAAACATCA	STREME-2	g18982.t1_upstream::Scaffold6:23944959-23946959	13.81	tp	0
streme_out/streme.xml	2-AAACCAAACATCA	STREME-2	g8540.t1_upstream::Scaffold2:49654444-49656444	13.77	tp	0
streme_out/streme.xml	2-AAACCAAACATCA	STREME-2	g9242.t1_upstream::Scaffold3:3242479-3244479	13.77	fp	0
streme_out/streme.xml	2-AAACCAAACATCA	STREME-2	g24506.t1_upstream::Scaffold9:28209595-28211595	13.75	fp	0
streme_out/streme.xml	2-AAACCAAACATCA	STREME-2	g16772.t1_upstream::Scaffold5:48335435-48337435	13.70	fp	0
streme_out/streme.xml	2-AAACCAAACATCA	STREME-2	g1589.t1_downstream::Scaffold1:34160702-34162702	13.68	fp	0
streme_out/streme.xml	2-AAACCAAACATCA	STREME-2	g5703.t1_upstream::Scaffold11:15094483-15096483	13.66	fp	0
streme_out/streme.xml	2-AAACCAAACATCA	STREME-2	g14946.t1_upstream::Scaffold5:6489191-6491191	13.65	fp	0
streme_out/streme.xml	2-AAACCAAACATCA	STREME-2	g2986.t1_downstream::Scaffold10:4106378-4108378	13.60	tp	0
streme_out/streme.xml	2-AAACCAAACATCA	STREME-2	g23760.t1_upstream::Scaffold9:1791015-1793015	13.52	fp	0
streme_out/streme.xml	2-AAACCAAACATCA	STREME-2	g25121.t1_downstream::Scaffold9:35434588-35436588	13.45	fp	0
streme_out/streme.xml	2-AAACCAAACATCA	STREME-2	g2255.t1_downstream::Scaffold1:41121666-41123666	13.39	fp	0
streme_out/streme.xml	2-AAACCAAACATCA	STREME-2	g11283.t1_upstream::Scaffold3:52355261-52357261	13.37	fp	0
streme_out/streme.xml	2-AAACCAAACATCA	STREME-2	g14524.t1_downstream::Scaffold5:1888909-1890909	13.36	fp	0
streme_out/streme.xml	2-AAACCAAACATCA	STREME-2	g5506.t1_downstream::Scaffold11:11234242-11236242	13.35	fp	0
streme_out/streme.xml	2-AAACCAAACATCA	STREME-2	g16168.t1_upstream::Scaffold5:39703281-39705281	13.34	fp	0
streme_out/streme.xml	2-AAACCAAACATCA	STREME-2	g14946.t1_downstream::Scaffold5:6492575-6494575	13.29	fp	0
streme_out/streme.xml	2-AAACCAAACATCA	STREME-2	g10632.t1_downstream::Scaffold3:43502398-43504398	13.28	fp	0
streme_out/streme.xml	2-AAACCAAACATCA	STREME-2	g15563.t1_upstream::Scaffold5:19757531-19759531	13.27	fp	1
streme_out/streme.xml	2-AAACCAAACATCA	STREME-2	g14971.t1_upstream::Scaffold5:6789745-6791745	13.24	fp	0
streme_out/streme.xml	2-AAACCAAACATCA	STREME-2	g15807.t1_upstream::Scaffold5:32264984-32266984	13.24	fp	0
streme_out/streme.xml	2-AAACCAAACATCA	STREME-2	g9910.t1_upstream::Scaffold3:17226066-17228066	13.21	fp	0
streme_out/streme.xml	2-AAACCAAACATCA	STREME-2	g16491.t1_upstream::Scaffold5:44729781-44731781	13.16	fp	0
streme_out/streme.xml	2-AAACCAAACATCA	STREME-2	g17131.t1_upstream::Scaffold6:1597723-1599723	13.14	fp	0
streme_out/streme.xml	2-AAACCAAACATCA	STREME-2	g442.t1_upstream::Scaffold1:19882902-19884902	13.09	fp	0
streme_out/streme.xml	2-AAACCAAACATCA	STREME-2	g17503.t1_upstream::Scaffold6:5119379-5121379	13.04	tp	0
streme_out/streme.xml	2-AAACCAAACATCA	STREME-2	g13726.t1_downstream::Scaffold4:32154441-32156441	13.03	tp	0
streme_out/streme.xml	2-AAACCAAACATCA	STREME-2	g1669.t1_upstream::Scaffold1:35085603-35087603	13.03	fp	0
streme_out/streme.xml	2-AAACCAAACATCA	STREME-2	g7508.t1_upstream::Scaffold2:13349292-13351292	13.03	fp	0
streme_out/streme.xml	2-AAACCAAACATCA	STREME-2	g19853.t1_upstream::Scaffold7:5321103-5323103	13.03	fp	1
streme_out/streme.xml	2-AAACCAAACATCA	STREME-2	g921.t1_downstream::Scaffold1:27730149-27732149	13.02	fp	0
streme_out/streme.xml	2-AAACCAAACATCA	STREME-2	g6557.t1_downstream::Scaffold2:3981084-3983084	13.01	fp	0
streme_out/streme.xml	2-AAACCAAACATCA	STREME-2	g23374.t2_upstream::Scaffold8:40778114-40780114	12.98	fp	0
streme_out/streme.xml	2-AAACCAAACATCA	STREME-2	g14467.t1_upstream::Scaffold5:1366993-1368993	12.97	tp	0
streme_out/streme.xml	2-AAACCAAACATCA	STREME-2	g23239.t1_upstream::Scaffold8:39616543-39618543	12.93	tp	1
streme_out/streme.xml	2-AAACCAAACATCA	STREME-2	g12484.t1_upstream::Scaffold4:18836144-18838144	12.84	tp	0
streme_out/streme.xml	2-AAACCAAACATCA	STREME-2	g12146.t1_downstream::Scaffold4:13524010-13526010	12.76	fp	0
streme_out/streme.xml	2-AAACCAAACATCA	STREME-2	g3745.t1_downstream::Scaffold10:30769569-30771569	12.72	tp	0
streme_out/streme.xml	2-AAACCAAACATCA	STREME-2	g7697.t1_downstream::Scaffold2:17038251-17040251	12.64	tp	1
streme_out/streme.xml	2-AAACCAAACATCA	STREME-2	g4853.t1_upstream::Scaffold11:3743594-3745594	12.64	fp	0
streme_out/streme.xml	2-AAACCAAACATCA	STREME-2	g18507.t1_upstream::Scaffold6:15723938-15725938	12.60	fp	0
streme_out/streme.xml	2-AAACCAAACATCA	STREME-2	g24135.t1_downstream::Scaffold9:17477446-17479446	12.53	fp	0
streme_out/streme.xml	2-AAACCAAACATCA	STREME-2	g9383.t1_downstream::Scaffold3:4894218-4896218	12.52	fp	0
streme_out/streme.xml	2-AAACCAAACATCA	STREME-2	g20375.t1_upstream::Scaffold7:25057260-25059260	12.52	tp	0
streme_out/streme.xml	2-AAACCAAACATCA	STREME-2	g22895.t1_upstream::Scaffold8:35648079-35650079	12.52	fp	0
streme_out/streme.xml	2-AAACCAAACATCA	STREME-2	g14934.t1_upstream::Scaffold5:6368175-6370175	12.51	fp	1
streme_out/streme.xml	2-AAACCAAACATCA	STREME-2	g21942.t1_downstream::Scaffold8:4530271-4532271	12.45	fp	0
streme_out/streme.xml	2-AAACCAAACATCA	STREME-2	g3652.t1_downstream::Scaffold10:29048916-29050916	12.43	tp	0
streme_out/streme.xml	2-AAACCAAACATCA	STREME-2	g23905.t1_downstream::Scaffold9:4543980-4545980	12.38	fp	0
streme_out/streme.xml	2-AAACCAAACATCA	STREME-2	g23520.t1_downstream::Scaffold8:42222265-42224265	12.38	fp	0
streme_out/streme.xml	2-AAACCAAACATCA	STREME-2	g15644.t1_upstream::Scaffold5:25928980-25930980	12.37	fp	0
streme_out/streme.xml	2-AAACCAAACATCA	STREME-2	g10390.t1_upstream::Scaffold3:38737379-38739379	12.34	fp	0
streme_out/streme.xml	2-AAACCAAACATCA	STREME-2	g20905.t1_upstream::Scaffold7:37383374-37385374	12.33	tp	1
streme_out/streme.xml	2-AAACCAAACATCA	STREME-2	g7622.t1_downstream::Scaffold2:15007911-15009911	12.31	fp	0
streme_out/streme.xml	2-AAACCAAACATCA	STREME-2	g20599.t1_upstream::Scaffold7:32556219-32558219	12.28	fp	0
streme_out/streme.xml	2-AAACCAAACATCA	STREME-2	g8730.t1_downstream::Scaffold2:52565607-52567607	12.24	fp	0
streme_out/streme.xml	2-AAACCAAACATCA	STREME-2	g11209.t1_downstream::Scaffold3:51530024-51532024	12.19	fp	0
streme_out/streme.xml	2-AAACCAAACATCA	STREME-2	g10254.t1_upstream::Scaffold3:36294810-36296810	12.16	fp	1
streme_out/streme.xml	2-AAACCAAACATCA	STREME-2	g6853.t1_downstream::Scaffold2:6742991-6744991	12.13	fp	0
streme_out/streme.xml	2-AAACCAAACATCA	STREME-2	g19501.t1_downstream::Scaffold7:737820-739820	12.08	tp	0
streme_out/streme.xml	2-AAACCAAACATCA	STREME-2	g6975.t1_downstream::Scaffold2:7874286-7876286	12.07	fp	0
streme_out/streme.xml	2-AAACCAAACATCA	STREME-2	g2653.t1_upstream::Scaffold1:45677313-45679313	12.05	fp	0
streme_out/streme.xml	2-AAACCAAACATCA	STREME-2	g1285.t1_upstream::Scaffold1:31370220-31372220	12.03	fp	0
streme_out/streme.xml	2-AAACCAAACATCA	STREME-2	g9253.t1_downstream::Scaffold3:3378181-3380181	12.01	fp	1
streme_out/streme.xml	2-AAACCAAACATCA	STREME-2	g21980.t2_downstream::Scaffold8:4934330-4936330	11.98	fp	0
streme_out/streme.xml	2-AAACCAAACATCA	STREME-2	g1714.t1_upstream::Scaffold1:35428569-35430569	11.97	tp	0
streme_out/streme.xml	2-AAACCAAACATCA	STREME-2	g9114.t1_upstream::Scaffold3:1904200-1906200	11.97	fp	0
streme_out/streme.xml	2-AAACCAAACATCA	STREME-2	g18662.t1_downstream::Scaffold6:17783690-17785690	11.95	fp	0
streme_out/streme.xml	2-AAACCAAACATCA	STREME-2	g8066.t1_downstream::Scaffold2:30479877-30481877	11.93	fp	0
streme_out/streme.xml	2-AAACCAAACATCA	STREME-2	g14063.t1_downstream::Scaffold4:37669108-37671108	11.89	fp	0
streme_out/streme.xml	2-AAACCAAACATCA	STREME-2	g6195.t1_downstream::Scaffold2:1065182-1067182	11.88	fp	0
streme_out/streme.xml	2-AAACCAAACATCA	STREME-2	g16658.t1_upstream::Scaffold5:47118259-47120259	11.82	fp	0
streme_out/streme.xml	2-AAACCAAACATCA	STREME-2	g8028.t1_upstream::Scaffold2:26054496-26056496	11.81	fp	0
streme_out/streme.xml	2-AAACCAAACATCA	STREME-2	g22863.t1_downstream::Scaffold8:35225777-35227777	11.77	fp	0
streme_out/streme.xml	2-AAACCAAACATCA	STREME-2	g24945.t2_upstream::Scaffold9:33612369-33614369	11.76	fp	0
streme_out/streme.xml	2-AAACCAAACATCA	STREME-2	g3036.t1_upstream::Scaffold10:4793193-4795193	11.74	fp	0
streme_out/streme.xml	2-AAACCAAACATCA	STREME-2	g7422.t1_downstream::Scaffold2:12410676-12412676	11.72	fp	0
streme_out/streme.xml	2-AAACCAAACATCA	STREME-2	g21401.t1_upstream::Scaffold7:42809145-42811145	11.69	fp	0
streme_out/streme.xml	2-AAACCAAACATCA	STREME-2	g16322.t1_upstream::Scaffold5:41983413-41985413	11.64	tp	0
streme_out/streme.xml	2-AAACCAAACATCA	STREME-2	g25314.t1_upstream::Scaffold9:37083833-37085833	11.63	fp	0
streme_out/streme.xml	2-AAACCAAACATCA	STREME-2	g20676.t1_upstream::Scaffold7:33860370-33862370	11.58	fp	0
streme_out/streme.xml	2-AAACCAAACATCA	STREME-2	g20076.t1_downstream::Scaffold7:9734229-9736229	11.57	tp	1
