motif_ID	motif_ALT_ID	motif_P-value	seq_ID	seq_Score	seq_Class	is_holdout?
1-AAAAATATCTT	STREME-1	7.0e-003	g6178.t1_downstream::Scaffold2:897520-899520	15.68	tp	0
1-AAAAATATCTT	STREME-1	7.0e-003	g17618.t1_upstream::Scaffold6:6158162-6160162	15.68	tp	0
1-AAAAATATCTT	STREME-1	7.0e-003	g25159.t1_downstream::Scaffold9:35709683-35711683	15.68	tp	0
1-AAAAATATCTT	STREME-1	7.0e-003	g6105.t1_upstream::Scaffold2:291933-293933	15.68	tp	0
1-AAAAATATCTT	STREME-1	7.0e-003	g22945.t1_upstream::Scaffold8:36295150-36297150	15.68	fp	0
1-AAAAATATCTT	STREME-1	7.0e-003	g18439.t1_upstream::Scaffold6:14776797-14778797	15.68	fp	0
1-AAAAATATCTT	STREME-1	7.0e-003	g25080.t1_upstream::Scaffold9:35034719-35036719	15.31	fp	1
1-AAAAATATCTT	STREME-1	7.0e-003	g12242.t1_downstream::Scaffold4:15205225-15207225	15.21	tp	0
1-AAAAATATCTT	STREME-1	7.0e-003	g1225.t1_upstream::Scaffold1:30867783-30869783	15.21	tp	0
1-AAAAATATCTT	STREME-1	7.0e-003	g1499.t1_upstream::Scaffold1:33439676-33441676	15.21	tp	0
1-AAAAATATCTT	STREME-1	7.0e-003	g20909.t1_upstream::Scaffold7:37436890-37438890	15.21	tp	0
1-AAAAATATCTT	STREME-1	7.0e-003	g13017.t2_upstream::Scaffold4:24640304-24642304	15.21	tp	0
1-AAAAATATCTT	STREME-1	7.0e-003	g18943.t2_upstream::Scaffold6:22861250-22863250	15.21	tp	0
1-AAAAATATCTT	STREME-1	7.0e-003	g24200.t1_downstream::Scaffold9:20939123-20941123	15.21	fp	0
1-AAAAATATCTT	STREME-1	7.0e-003	g22270.t1_downstream::Scaffold8:10313597-10315597	15.21	fp	0
1-AAAAATATCTT	STREME-1	7.0e-003	g12451.t1_upstream::Scaffold4:18532919-18534919	15.21	fp	0
1-AAAAATATCTT	STREME-1	7.0e-003	g12242.t1_downstream::Scaffold4:15205225-15207225	15.21	fp	0
1-AAAAATATCTT	STREME-1	7.0e-003	g24781.t1_downstream::Scaffold9:31780698-31782698	15.21	fp	0
1-AAAAATATCTT	STREME-1	7.0e-003	g14037.t1_upstream::Scaffold4:37062549-37064549	15.21	fp	0
1-AAAAATATCTT	STREME-1	7.0e-003	g13017.t1_upstream::Scaffold4:24640304-24642304	15.21	tp	1
1-AAAAATATCTT	STREME-1	7.0e-003	g547.t1_upstream::Scaffold1:22119807-22121807	15.21	fp	1
1-AAAAATATCTT	STREME-1	7.0e-003	g23181.t1_upstream::Scaffold8:38991787-38993787	15.08	tp	0
1-AAAAATATCTT	STREME-1	7.0e-003	g9277.t1_upstream::Scaffold3:3678330-3680330	15.08	tp	0
1-AAAAATATCTT	STREME-1	7.0e-003	g10703.t1_upstream::Scaffold3:44732392-44734392	15.08	tp	0
1-AAAAATATCTT	STREME-1	7.0e-003	g19513.t1_downstream::Scaffold7:875234-877234	15.08	tp	0
1-AAAAATATCTT	STREME-1	7.0e-003	g18761.t1_upstream::Scaffold6:19262876-19264876	15.08	tp	0
1-AAAAATATCTT	STREME-1	7.0e-003	g24473.t1_upstream::Scaffold9:27738407-27740407	15.08	tp	0
1-AAAAATATCTT	STREME-1	7.0e-003	g25200.t1_downstream::Scaffold9:36066192-36068192	15.08	tp	0
1-AAAAATATCTT	STREME-1	7.0e-003	g17160.t1_upstream::Scaffold6:1849468-1851468	15.08	tp	0
1-AAAAATATCTT	STREME-1	7.0e-003	g21216.t2_upstream::Scaffold7:40876349-40878349	15.08	tp	0
1-AAAAATATCTT	STREME-1	7.0e-003	g18101.t1_upstream::Scaffold6:11446134-11448134	15.08	tp	0
1-AAAAATATCTT	STREME-1	7.0e-003	g11769.t1_upstream::Scaffold3:57349428-57351428	15.08	tp	0
1-AAAAATATCTT	STREME-1	7.0e-003	g10419.t1_upstream::Scaffold3:39245632-39247632	15.08	tp	0
1-AAAAATATCTT	STREME-1	7.0e-003	g2778.t1_downstream::Scaffold10:644840-646840	15.08	tp	0
1-AAAAATATCTT	STREME-1	7.0e-003	g21216.t1_upstream::Scaffold7:40876343-40878343	15.08	tp	0
1-AAAAATATCTT	STREME-1	7.0e-003	g17087.t1_upstream::Scaffold6:1201844-1203844	15.08	tp	0
1-AAAAATATCTT	STREME-1	7.0e-003	g17456.t1_downstream::Scaffold6:4484136-4486136	15.08	tp	0
1-AAAAATATCTT	STREME-1	7.0e-003	g20665.t1_upstream::Scaffold7:33722290-33724290	15.08	fp	0
1-AAAAATATCTT	STREME-1	7.0e-003	g18662.t1_downstream::Scaffold6:17783690-17785690	15.08	fp	0
1-AAAAATATCTT	STREME-1	7.0e-003	g6807.t1_downstream::Scaffold2:6344291-6346291	15.08	fp	0
1-AAAAATATCTT	STREME-1	7.0e-003	g21964.t1_downstream::Scaffold8:4769894-4771894	15.08	fp	0
1-AAAAATATCTT	STREME-1	7.0e-003	g5226.t1_upstream::Scaffold11:7325869-7327869	15.08	fp	0
1-AAAAATATCTT	STREME-1	7.0e-003	g18849.t1_downstream::Scaffold6:20720091-20722091	15.08	fp	0
1-AAAAATATCTT	STREME-1	7.0e-003	g24925.t1_downstream::Scaffold9:33474882-33476882	15.08	fp	0
1-AAAAATATCTT	STREME-1	7.0e-003	g9893.t2_upstream::Scaffold3:16562608-16564608	15.08	fp	0
1-AAAAATATCTT	STREME-1	7.0e-003	g18196.t1_downstream::Scaffold6:12235574-12237574	15.08	fp	0
1-AAAAATATCTT	STREME-1	7.0e-003	g25370.t1_upstream::Scaffold9:37662149-37664149	15.08	fp	0
1-AAAAATATCTT	STREME-1	7.0e-003	g25460.t1_upstream::Scaffold9:38445910-38447910	15.08	fp	0
1-AAAAATATCTT	STREME-1	7.0e-003	g24186.t1_upstream::Scaffold9:20357578-20359578	15.08	tp	1
1-AAAAATATCTT	STREME-1	7.0e-003	g18439.t1_downstream::Scaffold6:14769422-14771422	15.08	fp	1
1-AAAAATATCTT	STREME-1	7.0e-003	g24999.t1_downstream::Scaffold9:34217247-34219247	15.06	tp	0
1-AAAAATATCTT	STREME-1	7.0e-003	g25429.t1_upstream::Scaffold9:38188810-38190810	15.06	tp	0
1-AAAAATATCTT	STREME-1	7.0e-003	g12615.t1_upstream::Scaffold4:20268880-20270880	15.06	fp	0
1-AAAAATATCTT	STREME-1	7.0e-003	g5509.t1_upstream::Scaffold11:11266009-11268009	14.84	tp	0
1-AAAAATATCTT	STREME-1	7.0e-003	g4486.t1_downstream::Scaffold11:457137-459137	14.84	tp	0
1-AAAAATATCTT	STREME-1	7.0e-003	g4063.t1_upstream::Scaffold10:34367598-34369598	14.84	tp	0
1-AAAAATATCTT	STREME-1	7.0e-003	g4486.t2_downstream::Scaffold11:457137-459137	14.84	tp	0
1-AAAAATATCTT	STREME-1	7.0e-003	g9398.t1_upstream::Scaffold3:5063162-5065162	14.84	tp	0
1-AAAAATATCTT	STREME-1	7.0e-003	g12892.t1_downstream::Scaffold4:23373161-23375161	14.84	tp	0
1-AAAAATATCTT	STREME-1	7.0e-003	g13469.t1_upstream::Scaffold4:28976459-28978459	14.84	fp	0
1-AAAAATATCTT	STREME-1	7.0e-003	g786.t1_downstream::Scaffold1:25924110-25926110	14.84	fp	0
1-AAAAATATCTT	STREME-1	7.0e-003	g10040.t1_upstream::Scaffold3:27839353-27841353	14.71	tp	0
1-AAAAATATCTT	STREME-1	7.0e-003	g8559.t1_upstream::Scaffold2:50083402-50085402	14.71	tp	0
1-AAAAATATCTT	STREME-1	7.0e-003	g4748.t1_upstream::Scaffold11:2731729-2733729	14.71	tp	0
1-AAAAATATCTT	STREME-1	7.0e-003	g4684.t1_upstream::Scaffold11:2164517-2166517	14.71	fp	0
1-AAAAATATCTT	STREME-1	7.0e-003	g24235.t1_downstream::Scaffold9:22038814-22040814	14.71	fp	0
1-AAAAATATCTT	STREME-1	7.0e-003	g14767.t1_upstream::Scaffold5:4466075-4468075	14.71	fp	0
1-AAAAATATCTT	STREME-1	7.0e-003	g8000.t1_upstream::Scaffold2:24699644-24701644	14.71	fp	0
1-AAAAATATCTT	STREME-1	7.0e-003	g958.t1_downstream::Scaffold1:28127723-28129723	14.71	fp	0
1-AAAAATATCTT	STREME-1	7.0e-003	g22571.t1_downstream::Scaffold8:28121855-28123855	14.71	fp	0
1-AAAAATATCTT	STREME-1	7.0e-003	g14606.t1_upstream::Scaffold5:2764325-2766325	14.71	fp	0
1-AAAAATATCTT	STREME-1	7.0e-003	g1717.t1_upstream::Scaffold1:35444255-35446255	14.71	fp	0
1-AAAAATATCTT	STREME-1	7.0e-003	g14248.t1_upstream::Scaffold4:44095701-44097701	14.71	fp	0
1-AAAAATATCTT	STREME-1	7.0e-003	g4063.t1_downstream::Scaffold10:34373422-34375422	14.71	tp	1
1-AAAAATATCTT	STREME-1	7.0e-003	g25252.t1_upstream::Scaffold9:36550200-36552200	14.68	tp	0
1-AAAAATATCTT	STREME-1	7.0e-003	g4275.t1_downstream::Scaffold10:36387418-36389418	14.68	fp	0
1-AAAAATATCTT	STREME-1	7.0e-003	g14179.t1_downstream::Scaffold4:40778605-40780605	14.68	fp	0
1-AAAAATATCTT	STREME-1	7.0e-003	g320.t1_downstream::Scaffold1:16431202-16433202	14.68	fp	0
1-AAAAATATCTT	STREME-1	7.0e-003	g21560.t2_upstream::Scaffold8:55848-57848	14.68	fp	1
1-AAAAATATCTT	STREME-1	7.0e-003	g23126.t1_upstream::Scaffold8:38432504-38434504	14.61	fp	0
1-AAAAATATCTT	STREME-1	7.0e-003	g23533.t1_upstream::Scaffold8:42374954-42376954	14.61	fp	0
1-AAAAATATCTT	STREME-1	7.0e-003	g87.t1_upstream::Scaffold1:3025917-3027917	14.60	tp	0
1-AAAAATATCTT	STREME-1	7.0e-003	g7541.t1_downstream::Scaffold2:13759697-13761697	14.60	fp	0
1-AAAAATATCTT	STREME-1	7.0e-003	g559.t1_upstream::Scaffold1:22353352-22355352	14.60	tp	1
1-AAAAATATCTT	STREME-1	7.0e-003	g16719.t1_upstream::Scaffold5:47722630-47724630	14.60	tp	1
1-AAAAATATCTT	STREME-1	7.0e-003	g12609.t1_downstream::Scaffold4:20234168-20236168	14.55	tp	0
1-AAAAATATCTT	STREME-1	7.0e-003	g9269.t1_upstream::Scaffold3:3570017-3572017	14.55	fp	0
1-AAAAATATCTT	STREME-1	7.0e-003	g14951.t2_downstream::Scaffold5:6534030-6536030	14.55	fp	0
1-AAAAATATCTT	STREME-1	7.0e-003	g12609.t1_downstream::Scaffold4:20234168-20236168	14.55	fp	0
1-AAAAATATCTT	STREME-1	7.0e-003	g5964.t1_downstream::Scaffold11:28446389-28448389	14.55	fp	1
1-AAAAATATCTT	STREME-1	7.0e-003	g23685.t1_downstream::Scaffold9:580598-582598	14.47	tp	0
1-AAAAATATCTT	STREME-1	7.0e-003	g13017.t1_downstream::Scaffold4:24633686-24635686	14.47	tp	0
1-AAAAATATCTT	STREME-1	7.0e-003	g1050.t1_upstream::Scaffold1:29103884-29105884	14.47	tp	0
1-AAAAATATCTT	STREME-1	7.0e-003	g2370.t1_upstream::Scaffold1:42253248-42255248	14.47	tp	0
1-AAAAATATCTT	STREME-1	7.0e-003	g1050.t2_upstream::Scaffold1:29103884-29105884	14.47	tp	0
1-AAAAATATCTT	STREME-1	7.0e-003	g4326.t1_upstream::Scaffold10:36808299-36810299	14.47	tp	0
1-AAAAATATCTT	STREME-1	7.0e-003	g24668.t1_downstream::Scaffold9:30458581-30460581	14.47	tp	0
1-AAAAATATCTT	STREME-1	7.0e-003	g24668.t1_downstream::Scaffold9:30458581-30460581	14.47	fp	0
1-AAAAATATCTT	STREME-1	7.0e-003	g19454.t1_downstream::Scaffold7:223173-225173	14.47	fp	0
1-AAAAATATCTT	STREME-1	7.0e-003	g251.t1_downstream::Scaffold1:10998331-11000331	14.47	fp	0
1-AAAAATATCTT	STREME-1	7.0e-003	g2027.t1_upstream::Scaffold1:38348745-38350745	14.47	fp	0
1-AAAAATATCTT	STREME-1	7.0e-003	g261.t1_upstream::Scaffold1:11714485-11716485	14.47	fp	0
1-AAAAATATCTT	STREME-1	7.0e-003	g10480.t1_upstream::Scaffold3:40618238-40620238	14.47	fp	0
1-AAAAATATCTT	STREME-1	7.0e-003	g10871.t1_upstream::Scaffold3:47267429-47269429	14.47	fp	0
1-AAAAATATCTT	STREME-1	7.0e-003	g1050.t3_upstream::Scaffold1:29103890-29105890	14.47	tp	1
1-AAAAATATCTT	STREME-1	7.0e-003	g2210.t1_downstream::Scaffold1:40575103-40577103	14.31	fp	0
1-AAAAATATCTT	STREME-1	7.0e-003	g20235.t1_upstream::Scaffold7:14236380-14238380	14.31	fp	0
1-AAAAATATCTT	STREME-1	7.0e-003	g13708.t1_downstream::Scaffold4:31922296-31924296	14.31	fp	0
1-AAAAATATCTT	STREME-1	7.0e-003	g10942.t1_upstream::Scaffold3:48148191-48150191	14.31	fp	1
1-AAAAATATCTT	STREME-1	7.0e-003	g10162.t1_upstream::Scaffold3:33281016-33283016	14.14	fp	0
1-AAAAATATCTT	STREME-1	7.0e-003	g9454.t1_downstream::Scaffold3:5661025-5663025	14.14	fp	0
1-AAAAATATCTT	STREME-1	7.0e-003	g21585.t1_downstream::Scaffold8:305028-307028	14.14	fp	0
1-AAAAATATCTT	STREME-1	7.0e-003	g10929.t1_downstream::Scaffold3:48020104-48022104	14.12	tp	0
1-AAAAATATCTT	STREME-1	7.0e-003	g25461.t1_upstream::Scaffold9:38448273-38450273	14.08	tp	0
1-AAAAATATCTT	STREME-1	7.0e-003	g1950.t2_upstream::Scaffold1:37708405-37710405	14.08	tp	0
1-AAAAATATCTT	STREME-1	7.0e-003	g10714.t1_upstream::Scaffold3:44894214-44896214	14.08	tp	0
1-AAAAATATCTT	STREME-1	7.0e-003	g20837.t1_downstream::Scaffold7:36626907-36628907	14.08	tp	0
1-AAAAATATCTT	STREME-1	7.0e-003	g6222.t1_upstream::Scaffold2:1295454-1297454	14.08	tp	0
1-AAAAATATCTT	STREME-1	7.0e-003	g10727.t1_upstream::Scaffold3:45075149-45077149	14.08	tp	0
1-AAAAATATCTT	STREME-1	7.0e-003	g25444.t1_upstream::Scaffold9:38355149-38357149	14.08	fp	0
1-AAAAATATCTT	STREME-1	7.0e-003	g3258.t1_upstream::Scaffold10:9701388-9703388	14.08	fp	0
1-AAAAATATCTT	STREME-1	7.0e-003	g20835.t1_upstream::Scaffold7:36595255-36597255	14.08	fp	0
1-AAAAATATCTT	STREME-1	7.0e-003	g6222.t1_upstream::Scaffold2:1295454-1297454	14.08	fp	0
1-AAAAATATCTT	STREME-1	7.0e-003	g24701.t1_upstream::Scaffold9:30851581-30853581	14.08	fp	0
1-AAAAATATCTT	STREME-1	7.0e-003	g22212.t1_upstream::Scaffold8:9209778-9211778	14.08	fp	0
1-AAAAATATCTT	STREME-1	7.0e-003	g20760.t1_downstream::Scaffold7:35158244-35160244	14.08	fp	0
1-AAAAATATCTT	STREME-1	7.0e-003	g1950.t1_upstream::Scaffold1:37708402-37710402	14.08	tp	1
1-AAAAATATCTT	STREME-1	7.0e-003	g5522.t1_upstream::Scaffold11:11429174-11431174	14.07	tp	0
1-AAAAATATCTT	STREME-1	7.0e-003	g8592.t1_downstream::Scaffold2:50619729-50621729	14.07	fp	0
1-AAAAATATCTT	STREME-1	7.0e-003	g24668.t1_upstream::Scaffold9:30464282-30466282	14.01	tp	0
1-AAAAATATCTT	STREME-1	7.0e-003	g15342.t1_downstream::Scaffold5:13086834-13088834	14.01	tp	0
1-AAAAATATCTT	STREME-1	7.0e-003	g25102.t1_upstream::Scaffold9:35237624-35239624	14.01	tp	0
1-AAAAATATCTT	STREME-1	7.0e-003	g16003.t1_downstream::Scaffold5:37001039-37003039	14.01	fp	0
1-AAAAATATCTT	STREME-1	7.0e-003	g24668.t1_upstream::Scaffold9:30464282-30466282	14.01	fp	0
1-AAAAATATCTT	STREME-1	7.0e-003	g15343.t2_downstream::Scaffold5:13086441-13088441	14.01	fp	0
1-AAAAATATCTT	STREME-1	7.0e-003	g7915.t1_downstream::Scaffold2:22054995-22056995	14.01	fp	0
1-AAAAATATCTT	STREME-1	7.0e-003	g10655.t1_downstream::Scaffold3:44047026-44049026	14.01	fp	0
1-AAAAATATCTT	STREME-1	7.0e-003	g17199.t1_downstream::Scaffold6:2226821-2228821	14.01	fp	1
1-AAAAATATCTT	STREME-1	7.0e-003	g22945.t1_downstream::Scaffold8:36282910-36284910	14.00	fp	0
1-AAAAATATCTT	STREME-1	7.0e-003	g15793.t1_upstream::Scaffold5:31832664-31834664	14.00	fp	0
1-AAAAATATCTT	STREME-1	7.0e-003	g7769.t2_upstream::Scaffold2:18819973-18821973	13.95	tp	0
1-AAAAATATCTT	STREME-1	7.0e-003	g23247.t2_upstream::Scaffold8:39693887-39695887	13.95	tp	0
1-AAAAATATCTT	STREME-1	7.0e-003	g21961.t2_upstream::Scaffold8:4719634-4721634	13.95	tp	0
1-AAAAATATCTT	STREME-1	7.0e-003	g3030.t2_upstream::Scaffold10:4717668-4719668	13.95	tp	0
1-AAAAATATCTT	STREME-1	7.0e-003	g21961.t1_upstream::Scaffold8:4719832-4721832	13.95	tp	0
1-AAAAATATCTT	STREME-1	7.0e-003	g23247.t1_upstream::Scaffold8:39693887-39695887	13.95	tp	0
1-AAAAATATCTT	STREME-1	7.0e-003	g15928.t1_upstream::Scaffold5:35160070-35162070	13.95	tp	0
1-AAAAATATCTT	STREME-1	7.0e-003	g18356.t1_upstream::Scaffold6:13849132-13851132	13.95	tp	0
1-AAAAATATCTT	STREME-1	7.0e-003	g3030.t3_upstream::Scaffold10:4717782-4719782	13.95	tp	0
1-AAAAATATCTT	STREME-1	7.0e-003	g7769.t1_upstream::Scaffold2:18819973-18821973	13.95	tp	0
1-AAAAATATCTT	STREME-1	7.0e-003	g13545.t1_upstream::Scaffold4:29917369-29919369	13.95	tp	0
1-AAAAATATCTT	STREME-1	7.0e-003	g3030.t1_upstream::Scaffold10:4717668-4719668	13.95	tp	0
1-AAAAATATCTT	STREME-1	7.0e-003	g24463.t1_upstream::Scaffold9:27653469-27655469	13.95	tp	0
1-AAAAATATCTT	STREME-1	7.0e-003	g15928.t2_upstream::Scaffold5:35160070-35162070	13.95	tp	0
1-AAAAATATCTT	STREME-1	7.0e-003	g4757.t1_upstream::Scaffold11:2825254-2827254	13.95	tp	0
1-AAAAATATCTT	STREME-1	7.0e-003	g23006.t1_downstream::Scaffold8:37122832-37124832	13.95	fp	0
1-AAAAATATCTT	STREME-1	7.0e-003	g8912.t1_downstream::Scaffold2:54789176-54791176	13.95	fp	0
1-AAAAATATCTT	STREME-1	7.0e-003	g3840.t1_upstream::Scaffold10:31876073-31878073	13.95	fp	0
1-AAAAATATCTT	STREME-1	7.0e-003	g12007.t1_upstream::Scaffold4:10841308-10843308	13.95	fp	0
1-AAAAATATCTT	STREME-1	7.0e-003	g14195.t1_upstream::Scaffold4:41555503-41557503	13.95	fp	0
1-AAAAATATCTT	STREME-1	7.0e-003	g13939.t2_downstream::Scaffold4:35127332-35129332	13.95	fp	0
1-AAAAATATCTT	STREME-1	7.0e-003	g22863.t1_upstream::Scaffold8:35228085-35230085	13.95	fp	0
1-AAAAATATCTT	STREME-1	7.0e-003	g22589.t1_downstream::Scaffold8:28861727-28863727	13.95	fp	0
1-AAAAATATCTT	STREME-1	7.0e-003	g14344.t1_downstream::Scaffold5:153632-155632	13.95	fp	0
1-AAAAATATCTT	STREME-1	7.0e-003	g13057.t1_upstream::Scaffold4:24926233-24928233	13.95	fp	0
1-AAAAATATCTT	STREME-1	7.0e-003	g17646.t1_downstream::Scaffold6:6482322-6484322	13.95	fp	0
1-AAAAATATCTT	STREME-1	7.0e-003	g7769.t2_upstream::Scaffold2:18819973-18821973	13.95	fp	0
1-AAAAATATCTT	STREME-1	7.0e-003	g4446.t1_upstream::Scaffold11:77341-79341	13.65	tp	0
1-AAAAATATCTT	STREME-1	7.0e-003	g3070.t1_upstream::Scaffold10:5359383-5361383	13.65	tp	0
1-AAAAATATCTT	STREME-1	7.0e-003	g12288.t2_upstream::Scaffold4:16306775-16308775	13.65	fp	0
1-AAAAATATCTT	STREME-1	7.0e-003	g24506.t1_downstream::Scaffold9:28204432-28206432	13.65	fp	0
1-AAAAATATCTT	STREME-1	7.0e-003	g8667.t1_downstream::Scaffold2:51814236-51816236	13.65	fp	0
1-AAAAATATCTT	STREME-1	7.0e-003	g17264.t1_downstream::Scaffold6:2733836-2735836	13.63	fp	0
1-AAAAATATCTT	STREME-1	7.0e-003	g19928.t1_downstream::Scaffold7:6626125-6628125	13.63	fp	0
1-AAAAATATCTT	STREME-1	7.0e-003	g4691.t1_upstream::Scaffold11:2230118-2232118	13.63	fp	1
1-AAAAATATCTT	STREME-1	7.0e-003	g22966.t1_upstream::Scaffold8:36569710-36571710	13.56	tp	0
1-AAAAATATCTT	STREME-1	7.0e-003	g15928.t2_downstream::Scaffold5:35178730-35180730	13.56	tp	0
1-AAAAATATCTT	STREME-1	7.0e-003	g8780.t1_upstream::Scaffold2:53349054-53351054	13.56	fp	0
1-AAAAATATCTT	STREME-1	7.0e-003	g8088.t1_downstream::Scaffold2:35065868-35067868	13.56	fp	0
1-AAAAATATCTT	STREME-1	7.0e-003	g8040.t1_downstream::Scaffold2:26452923-26454923	13.56	fp	0
1-AAAAATATCTT	STREME-1	7.0e-003	g3587.t1_downstream::Scaffold10:27437646-27439646	13.56	fp	0
1-AAAAATATCTT	STREME-1	7.0e-003	g2094.t1_upstream::Scaffold1:39085515-39087515	13.56	fp	0
1-AAAAATATCTT	STREME-1	7.0e-003	g15928.t1_downstream::Scaffold5:35178730-35180730	13.56	tp	1
1-AAAAATATCTT	STREME-1	7.0e-003	g2094.t1_upstream::Scaffold1:39085515-39087515	13.56	tp	1
1-AAAAATATCTT	STREME-1	7.0e-003	g3889.t1_downstream::Scaffold10:32448506-32450506	13.54	fp	0
1-AAAAATATCTT	STREME-1	7.0e-003	g13989.t1_upstream::Scaffold4:36208351-36210351	13.53	tp	0
1-AAAAATATCTT	STREME-1	7.0e-003	g5533.t1_upstream::Scaffold11:11597055-11599055	13.53	fp	0
1-AAAAATATCTT	STREME-1	7.0e-003	g15306.t2_upstream::Scaffold5:12226007-12228007	13.53	fp	0
1-AAAAATATCTT	STREME-1	7.0e-003	g8218.t1_downstream::Scaffold2:41553623-41555623	13.53	fp	0
1-AAAAATATCTT	STREME-1	7.0e-003	g17247.t1_downstream::Scaffold6:2591043-2593043	13.52	tp	0
1-AAAAATATCTT	STREME-1	7.0e-003	g18101.t1_downstream::Scaffold6:11436454-11438454	13.52	tp	0
1-AAAAATATCTT	STREME-1	7.0e-003	g23417.t1_downstream::Scaffold8:41171671-41173671	13.52	tp	0
1-AAAAATATCTT	STREME-1	7.0e-003	g3191.t1_upstream::Scaffold10:8015981-8017981	13.52	fp	0
1-AAAAATATCTT	STREME-1	7.0e-003	g3751.t1_downstream::Scaffold10:30919127-30921127	13.52	fp	0
1-AAAAATATCTT	STREME-1	7.0e-003	g8623.t1_downstream::Scaffold2:51113263-51115263	13.52	fp	0
1-AAAAATATCTT	STREME-1	7.0e-003	g16191.t1_downstream::Scaffold5:40075218-40077218	13.52	fp	0
1-AAAAATATCTT	STREME-1	7.0e-003	g11701.t1_upstream::Scaffold3:56773165-56775165	13.52	fp	0
1-AAAAATATCTT	STREME-1	7.0e-003	g21851.t1_downstream::Scaffold8:3441543-3443543	13.50	tp	0
1-AAAAATATCTT	STREME-1	7.0e-003	g522.t1_downstream::Scaffold1:21706663-21708663	13.50	tp	0
1-AAAAATATCTT	STREME-1	7.0e-003	g1838.t1_upstream::Scaffold1:36634571-36636571	13.50	fp	0
1-AAAAATATCTT	STREME-1	7.0e-003	g11998.t1_downstream::Scaffold4:10564882-10566882	13.50	fp	1
1-AAAAATATCTT	STREME-1	7.0e-003	g1050.t1_downstream::Scaffold1:29099894-29101894	13.17	tp	0
1-AAAAATATCTT	STREME-1	7.0e-003	g18365.t1_upstream::Scaffold6:13975617-13977617	13.17	tp	0
1-AAAAATATCTT	STREME-1	7.0e-003	g15241.t1_upstream::Scaffold5:10835912-10837912	13.17	tp	0
1-AAAAATATCTT	STREME-1	7.0e-003	g21862.t2_upstream::Scaffold8:3616054-3618054	13.17	tp	0
1-AAAAATATCTT	STREME-1	7.0e-003	g14073.t1_upstream::Scaffold4:37959511-37961511	13.17	tp	0
1-AAAAATATCTT	STREME-1	7.0e-003	g14613.t1_upstream::Scaffold5:2831088-2833088	13.17	tp	0
1-AAAAATATCTT	STREME-1	7.0e-003	g2452.t1_upstream::Scaffold1:43160218-43162218	13.17	tp	0
1-AAAAATATCTT	STREME-1	7.0e-003	g1050.t2_downstream::Scaffold1:29099894-29101894	13.17	tp	0
1-AAAAATATCTT	STREME-1	7.0e-003	g21862.t1_upstream::Scaffold8:3616054-3618054	13.17	tp	0
1-AAAAATATCTT	STREME-1	7.0e-003	g1669.t1_upstream::Scaffold1:35085603-35087603	13.17	fp	0
1-AAAAATATCTT	STREME-1	7.0e-003	g5685.t1_upstream::Scaffold11:14423451-14425451	13.17	fp	0
1-AAAAATATCTT	STREME-1	7.0e-003	g18788.t1_upstream::Scaffold6:19655575-19657575	13.17	fp	0
1-AAAAATATCTT	STREME-1	7.0e-003	g11174.t1_downstream::Scaffold3:51153606-51155606	13.17	fp	0
1-AAAAATATCTT	STREME-1	7.0e-003	g22756.t1_downstream::Scaffold8:33346461-33348461	13.17	fp	0
1-AAAAATATCTT	STREME-1	7.0e-003	g1050.t3_downstream::Scaffold1:29099894-29101894	13.17	tp	1
1-AAAAATATCTT	STREME-1	7.0e-003	g17050.t1_upstream::Scaffold6:888860-890860	13.17	tp	1
1-AAAAATATCTT	STREME-1	7.0e-003	g1291.t1_upstream::Scaffold1:31438983-31440983	13.17	fp	1
1-AAAAATATCTT	STREME-1	7.0e-003	g16990.t1_downstream::Scaffold6:277625-279625	13.17	fp	1
1-AAAAATATCTT	STREME-1	7.0e-003	g20713.t1_upstream::Scaffold7:34508212-34510212	13.17	fp	1
1-AAAAATATCTT	STREME-1	7.0e-003	g16508.t1_upstream::Scaffold5:44910884-44912884	13.17	fp	1
1-AAAAATATCTT	STREME-1	7.0e-003	g18806.t1_downstream::Scaffold6:20098110-20100110	13.17	fp	0
1-AAAAATATCTT	STREME-1	7.0e-003	g17832.t1_downstream::Scaffold6:8343250-8345250	13.17	fp	0
1-AAAAATATCTT	STREME-1	7.0e-003	g7418.t1_upstream::Scaffold2:12370341-12372341	13.12	tp	0
1-AAAAATATCTT	STREME-1	7.0e-003	g3840.t1_downstream::Scaffold10:31886285-31888285	13.12	fp	0
1-AAAAATATCTT	STREME-1	7.0e-003	g2111.t1_downstream::Scaffold1:39392779-39394779	13.12	fp	0
1-AAAAATATCTT	STREME-1	7.0e-003	g10799.t1_downstream::Scaffold3:45971183-45973183	13.12	fp	0
1-AAAAATATCTT	STREME-1	7.0e-003	g427.t1_upstream::Scaffold1:19593830-19595830	13.10	fp	0
1-AAAAATATCTT	STREME-1	7.0e-003	g17993.t1_downstream::Scaffold6:10297209-10299209	13.10	fp	0
1-AAAAATATCTT	STREME-1	7.0e-003	g2505.t1_upstream::Scaffold1:43891364-43893364	13.10	fp	1
1-AAAAATATCTT	STREME-1	7.0e-003	g14563.t1_downstream::Scaffold5:2349442-2351442	13.07	fp	0
1-AAAAATATCTT	STREME-1	7.0e-003	g9471.t1_upstream::Scaffold3:5847677-5849677	13.07	fp	1
1-AAAAATATCTT	STREME-1	7.0e-003	g21851.t1_upstream::Scaffold8:3446905-3448905	13.07	tp	0
1-AAAAATATCTT	STREME-1	7.0e-003	g25159.t1_upstream::Scaffold9:35713926-35715926	13.07	tp	0
1-AAAAATATCTT	STREME-1	7.0e-003	g13989.t1_downstream::Scaffold4:36191692-36193692	13.07	tp	0
1-AAAAATATCTT	STREME-1	7.0e-003	g3915.t1_downstream::Scaffold10:32759704-32761704	13.07	tp	0
1-AAAAATATCTT	STREME-1	7.0e-003	g6853.t1_downstream::Scaffold2:6742991-6744991	13.07	fp	0
1-AAAAATATCTT	STREME-1	7.0e-003	g21177.t1_upstream::Scaffold7:40302879-40304879	13.07	fp	0
1-AAAAATATCTT	STREME-1	7.0e-003	g20867.t2_upstream::Scaffold7:36943868-36945868	13.07	fp	0
1-AAAAATATCTT	STREME-1	7.0e-003	g24204.t1_downstream::Scaffold9:21062533-21064533	13.03	tp	0
1-AAAAATATCTT	STREME-1	7.0e-003	g13069.t2_upstream::Scaffold4:25019855-25021855	13.03	tp	0
1-AAAAATATCTT	STREME-1	7.0e-003	g16525.t1_upstream::Scaffold5:45099569-45101569	13.03	tp	0
1-AAAAATATCTT	STREME-1	7.0e-003	g13069.t1_upstream::Scaffold4:25019939-25021939	13.03	tp	0
1-AAAAATATCTT	STREME-1	7.0e-003	g13289.t1_downstream::Scaffold4:27078593-27080593	13.03	fp	0
1-AAAAATATCTT	STREME-1	7.0e-003	g13069.t1_upstream::Scaffold4:25019939-25021939	13.03	fp	0
1-AAAAATATCTT	STREME-1	7.0e-003	g25244.t1_downstream::Scaffold9:36507452-36509452	13.03	fp	0
1-AAAAATATCTT	STREME-1	7.0e-003	g19855.t1_downstream::Scaffold7:5350547-5352547	13.03	fp	0
1-AAAAATATCTT	STREME-1	7.0e-003	g7502.t1_downstream::Scaffold2:13291322-13293322	13.02	tp	0
1-AAAAATATCTT	STREME-1	7.0e-003	g17406.t1_downstream::Scaffold6:4036632-4038632	13.02	tp	0
1-AAAAATATCTT	STREME-1	7.0e-003	g16719.t1_downstream::Scaffold5:47725994-47727994	13.02	tp	0
1-AAAAATATCTT	STREME-1	7.0e-003	g1763.t1_upstream::Scaffold1:35949325-35951325	13.02	tp	0
1-AAAAATATCTT	STREME-1	7.0e-003	g12980.t1_upstream::Scaffold4:24223983-24225983	13.02	tp	0
1-AAAAATATCTT	STREME-1	7.0e-003	g22887.t1_downstream::Scaffold8:35570360-35572360	13.02	tp	0
1-AAAAATATCTT	STREME-1	7.0e-003	g14073.t1_downstream::Scaffold4:37966087-37968087	13.02	tp	0
1-AAAAATATCTT	STREME-1	7.0e-003	g11068.t1_downstream::Scaffold3:49577193-49579193	13.02	tp	0
1-AAAAATATCTT	STREME-1	7.0e-003	g16852.t1_downstream::Scaffold5:49176045-49178045	13.02	tp	0
1-AAAAATATCTT	STREME-1	7.0e-003	g20061.t1_downstream::Scaffold7:9529148-9531148	13.02	fp	0
1-AAAAATATCTT	STREME-1	7.0e-003	g14216.t1_upstream::Scaffold4:42536079-42538079	13.02	fp	0
1-AAAAATATCTT	STREME-1	7.0e-003	g15097.t1_downstream::Scaffold5:8698036-8700036	13.02	fp	0
1-AAAAATATCTT	STREME-1	7.0e-003	g12712.t1_upstream::Scaffold4:21512672-21514672	13.02	fp	0
1-AAAAATATCTT	STREME-1	7.0e-003	g8810.t1_upstream::Scaffold2:53665026-53667026	13.02	fp	0
1-AAAAATATCTT	STREME-1	7.0e-003	g10660.t1_downstream::Scaffold3:44131922-44133922	13.02	fp	0
1-AAAAATATCTT	STREME-1	7.0e-003	g14850.t1_upstream::Scaffold5:5342866-5344866	13.02	fp	0
1-AAAAATATCTT	STREME-1	7.0e-003	g4774.t1_upstream::Scaffold11:2993739-2995739	13.02	fp	0
1-AAAAATATCTT	STREME-1	7.0e-003	g25371.t1_upstream::Scaffold9:37667077-37669077	13.02	fp	0
1-AAAAATATCTT	STREME-1	7.0e-003	g8004.t1_downstream::Scaffold2:24773743-24775743	13.02	fp	0
1-AAAAATATCTT	STREME-1	7.0e-003	g21566.t1_upstream::Scaffold8:143379-145379	13.02	fp	0
1-AAAAATATCTT	STREME-1	7.0e-003	g4457.t1_upstream::Scaffold11:190983-192983	13.02	fp	0
1-AAAAATATCTT	STREME-1	7.0e-003	g19805.t1_upstream::Scaffold7:4649574-4651574	13.02	fp	0
1-AAAAATATCTT	STREME-1	7.0e-003	g21687.t1_upstream::Scaffold8:1348336-1350336	13.02	tp	1
1-AAAAATATCTT	STREME-1	7.0e-003	g24818.t1_downstream::Scaffold9:32198567-32200567	13.02	fp	1
1-AAAAATATCTT	STREME-1	7.0e-003	g1139.t1_upstream::Scaffold1:29991742-29993742	13.02	fp	1
1-AAAAATATCTT	STREME-1	7.0e-003	g15771.t1_upstream::Scaffold5:31037720-31039720	13.02	fp	1
1-AAAAATATCTT	STREME-1	7.0e-003	g19191.t1_downstream::Scaffold6:33701622-33703622	12.96	tp	0
1-AAAAATATCTT	STREME-1	7.0e-003	g2672.t1_upstream::Scaffold1:45861266-45863266	12.96	tp	0
1-AAAAATATCTT	STREME-1	7.0e-003	g21744.t1_upstream::Scaffold8:2004813-2006813	12.96	tp	0
1-AAAAATATCTT	STREME-1	7.0e-003	g7143.t1_downstream::Scaffold2:9456565-9458565	12.96	fp	0
1-AAAAATATCTT	STREME-1	7.0e-003	g11364.t1_upstream::Scaffold3:53131815-53133815	12.96	fp	0
1-AAAAATATCTT	STREME-1	7.0e-003	g2998.t1_downstream::Scaffold10:4254371-4256371	12.96	fp	0
1-AAAAATATCTT	STREME-1	7.0e-003	g18134.t1_upstream::Scaffold6:11692429-11694429	12.96	fp	0
1-AAAAATATCTT	STREME-1	7.0e-003	g11621.t1_upstream::Scaffold3:55701973-55703973	12.96	fp	0
1-AAAAATATCTT	STREME-1	7.0e-003	g10480.t1_downstream::Scaffold3:40594276-40596276	12.96	fp	1
1-AAAAATATCTT	STREME-1	7.0e-003	g1724.t1_upstream::Scaffold1:35520544-35522544	12.96	tp	0
1-AAAAATATCTT	STREME-1	7.0e-003	g25309.t1_downstream::Scaffold9:37040327-37042327	12.96	tp	0
1-AAAAATATCTT	STREME-1	7.0e-003	g25312.t1_upstream::Scaffold9:37068035-37070035	12.96	tp	0
1-AAAAATATCTT	STREME-1	7.0e-003	g7152.t2_downstream::Scaffold2:9595000-9597000	12.96	fp	0
1-AAAAATATCTT	STREME-1	7.0e-003	g6853.t1_upstream::Scaffold2:6738324-6740324	12.96	fp	0
1-AAAAATATCTT	STREME-1	7.0e-003	g7983.t1_upstream::Scaffold2:23972901-23974901	12.96	fp	0
1-AAAAATATCTT	STREME-1	7.0e-003	g23724.t1_upstream::Scaffold9:1072503-1074503	12.96	fp	0
1-AAAAATATCTT	STREME-1	7.0e-003	g13938.t1_downstream::Scaffold4:35117014-35119014	12.96	fp	0
1-AAAAATATCTT	STREME-1	7.0e-003	g3753.t1_upstream::Scaffold10:30949720-30951720	12.96	tp	1
1-AAAAATATCTT	STREME-1	7.0e-003	g12971.t1_upstream::Scaffold4:24096094-24098094	12.96	fp	1
1-AAAAATATCTT	STREME-1	7.0e-003	g18805.t1_upstream::Scaffold6:20080031-20082031	12.94	tp	0
1-AAAAATATCTT	STREME-1	7.0e-003	g2853.t1_upstream::Scaffold10:1601903-1603903	12.94	tp	0
1-AAAAATATCTT	STREME-1	7.0e-003	g18845.t1_upstream::Scaffold6:20654849-20656849	12.94	fp	0
1-AAAAATATCTT	STREME-1	7.0e-003	g204.t3_downstream::Scaffold1:8028640-8030640	12.94	fp	0
1-AAAAATATCTT	STREME-1	7.0e-003	g11556.t1_upstream::Scaffold3:55170822-55172822	12.94	tp	0
1-AAAAATATCTT	STREME-1	7.0e-003	g25024.t1_upstream::Scaffold9:34505523-34507523	12.94	tp	0
1-AAAAATATCTT	STREME-1	7.0e-003	g18596.t1_upstream::Scaffold6:16802925-16804925	12.94	tp	0
1-AAAAATATCTT	STREME-1	7.0e-003	g7461.t1_upstream::Scaffold2:12803700-12805700	12.94	tp	0
1-AAAAATATCTT	STREME-1	7.0e-003	g20543.t1_upstream::Scaffold7:31502502-31504502	12.94	tp	0
1-AAAAATATCTT	STREME-1	7.0e-003	g13347.t1_upstream::Scaffold4:27600635-27602635	12.94	tp	0
1-AAAAATATCTT	STREME-1	7.0e-003	g6584.t1_downstream::Scaffold2:4218674-4220674	12.94	tp	0
1-AAAAATATCTT	STREME-1	7.0e-003	g16797.t1_upstream::Scaffold5:48576576-48578576	12.94	fp	0
1-AAAAATATCTT	STREME-1	7.0e-003	g11534.t1_upstream::Scaffold3:54929906-54931906	12.94	fp	0
1-AAAAATATCTT	STREME-1	7.0e-003	g20526.t1_downstream::Scaffold7:31148462-31150462	12.94	fp	0
1-AAAAATATCTT	STREME-1	7.0e-003	g6924.t2_upstream::Scaffold2:7410053-7412053	12.94	fp	0
1-AAAAATATCTT	STREME-1	7.0e-003	g18596.t2_upstream::Scaffold6:16802925-16804925	12.94	tp	1
1-AAAAATATCTT	STREME-1	7.0e-003	g3097.t1_downstream::Scaffold10:5850377-5852377	12.93	fp	0
1-AAAAATATCTT	STREME-1	7.0e-003	g3097.t2_downstream::Scaffold10:5850377-5852377	12.93	fp	0
1-AAAAATATCTT	STREME-1	7.0e-003	g22392.t1_downstream::Scaffold8:14767528-14769528	12.90	tp	0
1-AAAAATATCTT	STREME-1	7.0e-003	g10419.t1_downstream::Scaffold3:39255344-39257344	12.90	tp	0
1-AAAAATATCTT	STREME-1	7.0e-003	g6379.t1_upstream::Scaffold2:2556571-2558571	12.90	tp	0
1-AAAAATATCTT	STREME-1	7.0e-003	g4948.t1_downstream::Scaffold11:4601356-4603356	12.90	fp	0
1-AAAAATATCTT	STREME-1	7.0e-003	g25121.t1_downstream::Scaffold9:35434588-35436588	12.90	fp	0
1-AAAAATATCTT	STREME-1	7.0e-003	g14818.t1_downstream::Scaffold5:4957469-4959469	12.90	fp	0
1-AAAAATATCTT	STREME-1	7.0e-003	g13491.t1_upstream::Scaffold4:29232881-29234881	12.90	fp	0
1-AAAAATATCTT	STREME-1	7.0e-003	g12909.t1_upstream::Scaffold4:23556081-23558081	12.90	fp	0
1-AAAAATATCTT	STREME-1	7.0e-003	g19767.t1_downstream::Scaffold7:4124745-4126745	12.90	fp	0
1-AAAAATATCTT	STREME-1	7.0e-003	g24645.t1_upstream::Scaffold9:30203204-30205204	12.90	fp	0
1-AAAAATATCTT	STREME-1	7.0e-003	g8218.t1_upstream::Scaffold2:41556069-41558069	12.90	fp	0
1-AAAAATATCTT	STREME-1	7.0e-003	g13209.t1_downstream::Scaffold4:26318965-26320965	12.90	fp	0
1-AAAAATATCTT	STREME-1	7.0e-003	g17986.t1_upstream::Scaffold6:10218446-10220446	12.90	fp	0
1-AAAAATATCTT	STREME-1	7.0e-003	g9166.t1_upstream::Scaffold3:2401897-2403897	12.90	tp	1
1-AAAAATATCTT	STREME-1	7.0e-003	g17058.t1_downstream::Scaffold6:984380-986380	12.90	fp	1
1-AAAAATATCTT	STREME-1	7.0e-003	g12726.t1_upstream::Scaffold4:21705345-21707345	12.90	fp	1
1-AAAAATATCTT	STREME-1	7.0e-003	g7398.t1_downstream::Scaffold2:12091185-12093185	12.87	tp	0
1-AAAAATATCTT	STREME-1	7.0e-003	g1242.t1_downstream::Scaffold1:30997529-30999529	12.87	tp	0
1-AAAAATATCTT	STREME-1	7.0e-003	g17108.t1_downstream::Scaffold6:1362100-1364100	12.87	fp	0
1-AAAAATATCTT	STREME-1	7.0e-003	g3820.t1_upstream::Scaffold10:31650583-31652583	12.84	fp	0
1-AAAAATATCTT	STREME-1	7.0e-003	g22027.t1_upstream::Scaffold8:5715654-5717654	12.84	fp	0
1-AAAAATATCTT	STREME-1	7.0e-003	g2025.t2_upstream::Scaffold1:38328894-38330894	12.81	tp	0
1-AAAAATATCTT	STREME-1	7.0e-003	g21868.t1_downstream::Scaffold8:3669203-3671203	12.81	tp	0
1-AAAAATATCTT	STREME-1	7.0e-003	g2025.t1_upstream::Scaffold1:38328894-38330894	12.81	tp	0
1-AAAAATATCTT	STREME-1	7.0e-003	g1797.t1_downstream::Scaffold1:36270123-36272123	12.81	tp	0
1-AAAAATATCTT	STREME-1	7.0e-003	g5161.t2_upstream::Scaffold11:6568855-6570855	12.81	tp	0
1-AAAAATATCTT	STREME-1	7.0e-003	g7991.t1_upstream::Scaffold2:24132097-24134097	12.81	fp	0
1-AAAAATATCTT	STREME-1	7.0e-003	g25392.t1_downstream::Scaffold9:37864874-37866874	12.81	fp	0
1-AAAAATATCTT	STREME-1	7.0e-003	g11932.t1_upstream::Scaffold4:8631202-8633202	12.81	fp	0
1-AAAAATATCTT	STREME-1	7.0e-003	g5161.t1_upstream::Scaffold11:6568846-6570846	12.81	tp	1
1-AAAAATATCTT	STREME-1	7.0e-003	g16701.t2_downstream::Scaffold5:47515672-47517672	12.76	tp	0
1-AAAAATATCTT	STREME-1	7.0e-003	g13380.t1_upstream::Scaffold4:27875751-27877751	12.76	tp	0
1-AAAAATATCTT	STREME-1	7.0e-003	g16701.t1_downstream::Scaffold5:47515672-47517672	12.76	tp	0
1-AAAAATATCTT	STREME-1	7.0e-003	g10655.t1_upstream::Scaffold3:44036143-44038143	12.76	fp	0
1-AAAAATATCTT	STREME-1	7.0e-003	g8780.t1_downstream::Scaffold2:53351425-53353425	12.76	fp	0
1-AAAAATATCTT	STREME-1	7.0e-003	g10790.t1_upstream::Scaffold3:45870885-45872885	12.76	fp	0
1-AAAAATATCTT	STREME-1	7.0e-003	g16296.t1_upstream::Scaffold5:41630971-41632971	12.76	fp	0
1-AAAAATATCTT	STREME-1	7.0e-003	g14946.t1_upstream::Scaffold5:6489191-6491191	12.76	fp	0
1-AAAAATATCTT	STREME-1	7.0e-003	g24310.t1_upstream::Scaffold9:24342247-24344247	12.76	fp	0
1-AAAAATATCTT	STREME-1	7.0e-003	g24999.t1_upstream::Scaffold9:34228110-34230110	12.66	tp	0
1-AAAAATATCTT	STREME-1	7.0e-003	g18196.t1_upstream::Scaffold6:12242375-12244375	12.66	fp	0
1-AAAAATATCTT	STREME-1	7.0e-003	g6195.t1_downstream::Scaffold2:1065182-1067182	12.66	fp	0
1-AAAAATATCTT	STREME-1	7.0e-003	g15342.t1_upstream::Scaffold5:13053280-13055280	12.66	tp	0
1-AAAAATATCTT	STREME-1	7.0e-003	g12857.t1_downstream::Scaffold4:23031190-23033190	12.66	tp	0
1-AAAAATATCTT	STREME-1	7.0e-003	g12242.t1_upstream::Scaffold4:15212737-15214737	12.66	tp	0
1-AAAAATATCTT	STREME-1	7.0e-003	g2254.t1_upstream::Scaffold1:41115595-41117595	12.66	tp	0
1-AAAAATATCTT	STREME-1	7.0e-003	g16060.t1_upstream::Scaffold5:38021820-38023820	12.66	tp	0
1-AAAAATATCTT	STREME-1	7.0e-003	g23417.t1_upstream::Scaffold8:41166511-41168511	12.66	tp	0
1-AAAAATATCTT	STREME-1	7.0e-003	g8750.t1_downstream::Scaffold2:52827972-52829972	12.66	tp	0
1-AAAAATATCTT	STREME-1	7.0e-003	g22392.t1_upstream::Scaffold8:14775101-14777101	12.66	tp	0
1-AAAAATATCTT	STREME-1	7.0e-003	g1472.t1_downstream::Scaffold1:33208652-33210652	12.66	tp	0
1-AAAAATATCTT	STREME-1	7.0e-003	g10816.t1_downstream::Scaffold3:46465969-46467969	12.66	fp	0
1-AAAAATATCTT	STREME-1	7.0e-003	g3283.t1_downstream::Scaffold10:10574673-10576673	12.66	fp	0
1-AAAAATATCTT	STREME-1	7.0e-003	g14857.t1_downstream::Scaffold5:5429651-5431651	12.66	fp	0
1-AAAAATATCTT	STREME-1	7.0e-003	g707.t1_upstream::Scaffold1:24779665-24781665	12.66	fp	0
1-AAAAATATCTT	STREME-1	7.0e-003	g24271.t1_downstream::Scaffold9:23425777-23427777	12.66	fp	0
1-AAAAATATCTT	STREME-1	7.0e-003	g2210.t1_upstream::Scaffold1:40572069-40574069	12.66	fp	0
1-AAAAATATCTT	STREME-1	7.0e-003	g7804.t1_upstream::Scaffold2:19701447-19703447	12.66	fp	0
1-AAAAATATCTT	STREME-1	7.0e-003	g40.t1_downstream::Scaffold1:1386126-1388126	12.66	fp	0
1-AAAAATATCTT	STREME-1	7.0e-003	g8332.t1_upstream::Scaffold2:45274544-45276544	12.66	fp	0
1-AAAAATATCTT	STREME-1	7.0e-003	g16223.t1_downstream::Scaffold5:40591833-40593833	12.66	fp	0
1-AAAAATATCTT	STREME-1	7.0e-003	g18773.t1_downstream::Scaffold6:19451479-19453479	12.66	fp	0
1-AAAAATATCTT	STREME-1	7.0e-003	g11283.t1_downstream::Scaffold3:52359315-52361315	12.66	fp	0
1-AAAAATATCTT	STREME-1	7.0e-003	g18028.t1_upstream::Scaffold6:10677543-10679543	12.66	fp	0
1-AAAAATATCTT	STREME-1	7.0e-003	g6323.t1_upstream::Scaffold2:2202969-2204969	12.66	fp	0
1-AAAAATATCTT	STREME-1	7.0e-003	g19492.t1_upstream::Scaffold7:644999-646999	12.66	fp	0
1-AAAAATATCTT	STREME-1	7.0e-003	g14767.t1_downstream::Scaffold5:4470655-4472655	12.66	fp	0
1-AAAAATATCTT	STREME-1	7.0e-003	g9670.t1_upstream::Scaffold3:8836928-8838928	12.66	fp	0
1-AAAAATATCTT	STREME-1	7.0e-003	g12857.t1_downstream::Scaffold4:23031190-23033190	12.66	fp	0
1-AAAAATATCTT	STREME-1	7.0e-003	g1472.t2_downstream::Scaffold1:33208652-33210652	12.66	tp	1
1-AAAAATATCTT	STREME-1	7.0e-003	g12242.t1_upstream::Scaffold4:15212737-15214737	12.66	fp	1
1-AAAAATATCTT	STREME-1	7.0e-003	g20078.t1_upstream::Scaffold7:9747100-9749100	12.65	fp	0
1-AAAAATATCTT	STREME-1	7.0e-003	g9553.t1_upstream::Scaffold3:6861644-6863644	12.65	fp	0
1-AAAAATATCTT	STREME-1	7.0e-003	g6584.t1_upstream::Scaffold2:4226913-4228913	12.60	tp	0
1-AAAAATATCTT	STREME-1	7.0e-003	g3805.t1_downstream::Scaffold10:31500606-31502606	12.60	tp	0
1-AAAAATATCTT	STREME-1	7.0e-003	g15467.t1_downstream::Scaffold5:16101932-16103932	12.60	tp	0
1-AAAAATATCTT	STREME-1	7.0e-003	g3805.t2_downstream::Scaffold10:31500606-31502606	12.60	tp	0
1-AAAAATATCTT	STREME-1	7.0e-003	g6550.t1_upstream::Scaffold2:3922747-3924747	12.60	fp	0
1-AAAAATATCTT	STREME-1	7.0e-003	g5110.t1_downstream::Scaffold11:6114187-6116187	12.60	fp	0
1-AAAAATATCTT	STREME-1	7.0e-003	g9454.t1_upstream::Scaffold3:5656155-5658155	12.60	fp	0
1-AAAAATATCTT	STREME-1	7.0e-003	g12860.t1_downstream::Scaffold4:23055647-23057647	12.60	fp	0
1-AAAAATATCTT	STREME-1	7.0e-003	g16107.t1_upstream::Scaffold5:38747021-38749021	12.57	fp	0
1-AAAAATATCTT	STREME-1	7.0e-003	g20401.t1_downstream::Scaffold7:26616943-26618943	12.56	tp	0
1-AAAAATATCTT	STREME-1	7.0e-003	g12757.t1_upstream::Scaffold4:22067025-22069025	12.56	fp	0
1-AAAAATATCTT	STREME-1	7.0e-003	g14971.t1_upstream::Scaffold5:6789745-6791745	12.55	fp	0
1-AAAAATATCTT	STREME-1	7.0e-003	g20184.t1_upstream::Scaffold7:12523950-12525950	12.55	fp	0
1-AAAAATATCTT	STREME-1	7.0e-003	g10738.t1_upstream::Scaffold3:45268341-45270341	12.54	tp	0
1-AAAAATATCTT	STREME-1	7.0e-003	g7419.t1_upstream::Scaffold2:12387271-12389271	12.54	fp	0
1-AAAAATATCTT	STREME-1	7.0e-003	g12462.t1_upstream::Scaffold4:18631884-18633884	12.54	fp	0
1-AAAAATATCTT	STREME-1	7.0e-003	g23048.t1_upstream::Scaffold8:37666057-37668057	12.54	fp	0
1-AAAAATATCTT	STREME-1	7.0e-003	g2812.t1_downstream::Scaffold10:1099853-1101853	12.54	fp	0
1-AAAAATATCTT	STREME-1	7.0e-003	g22174.t1_upstream::Scaffold8:8391771-8393771	12.54	fp	0
1-AAAAATATCTT	STREME-1	7.0e-003	g9743.t2_downstream::Scaffold3:12270006-12272006	12.54	fp	0
1-AAAAATATCTT	STREME-1	7.0e-003	g21353.t1_upstream::Scaffold7:42276842-42278842	12.54	fp	0
1-AAAAATATCTT	STREME-1	7.0e-003	g15310.t1_downstream::Scaffold5:12268542-12270542	12.52	tp	0
1-AAAAATATCTT	STREME-1	7.0e-003	g4762.t1_upstream::Scaffold11:2856421-2858421	12.52	tp	0
1-AAAAATATCTT	STREME-1	7.0e-003	g22212.t1_downstream::Scaffold8:9216209-9218209	12.52	fp	0
1-AAAAATATCTT	STREME-1	7.0e-003	g8693.t1_downstream::Scaffold2:52137087-52139087	12.52	fp	0
1-AAAAATATCTT	STREME-1	7.0e-003	g24618.t1_upstream::Scaffold9:29754647-29756647	12.52	fp	1
1-AAAAATATCTT	STREME-1	7.0e-003	g10162.t1_downstream::Scaffold3:33270574-33272574	12.52	fp	1
1-AAAAATATCTT	STREME-1	7.0e-003	g25214.t1_downstream::Scaffold9:36182863-36184863	12.50	fp	0
1-AAAAATATCTT	STREME-1	7.0e-003	g6063.t1_downstream::Scaffold1156:27916-29916	12.50	fp	0
1-AAAAATATCTT	STREME-1	7.0e-003	g10696.t1_downstream::Scaffold3:44644082-44646082	12.50	fp	0
1-AAAAATATCTT	STREME-1	7.0e-003	g3815.t1_upstream::Scaffold10:31616486-31618486	12.50	fp	0
1-AAAAATATCTT	STREME-1	7.0e-003	g24848.t1_upstream::Scaffold9:32496604-32498604	12.50	fp	0
1-AAAAATATCTT	STREME-1	7.0e-003	g12313.t1_upstream::Scaffold4:16629994-16631994	12.41	tp	0
1-AAAAATATCTT	STREME-1	7.0e-003	g2370.t1_downstream::Scaffold1:42255877-42257877	12.41	tp	0
1-AAAAATATCTT	STREME-1	7.0e-003	g22370.t2_downstream::Scaffold8:13967904-13969904	12.41	tp	0
1-AAAAATATCTT	STREME-1	7.0e-003	g22370.t3_downstream::Scaffold8:13968057-13970057	12.41	tp	0
1-AAAAATATCTT	STREME-1	7.0e-003	g10929.t1_upstream::Scaffold3:48022583-48024583	12.41	tp	0
1-AAAAATATCTT	STREME-1	7.0e-003	g3408.t2_downstream::Scaffold10:21393628-21395628	12.41	fp	0
1-AAAAATATCTT	STREME-1	7.0e-003	g4275.t1_upstream::Scaffold10:36392960-36394960	12.41	fp	0
1-AAAAATATCTT	STREME-1	7.0e-003	g18435.t2_upstream::Scaffold6:14725107-14727107	12.41	fp	0
1-AAAAATATCTT	STREME-1	7.0e-003	g7713.t1_upstream::Scaffold2:17328666-17330666	12.41	tp	1
1-AAAAATATCTT	STREME-1	7.0e-003	g22370.t1_downstream::Scaffold8:13967904-13969904	12.41	tp	1
1-AAAAATATCTT	STREME-1	7.0e-003	g17482.t1_downstream::Scaffold6:4895470-4897470	12.41	tp	0
1-AAAAATATCTT	STREME-1	7.0e-003	g6950.t1_upstream::Scaffold2:7656064-7658064	12.41	tp	0
1-AAAAATATCTT	STREME-1	7.0e-003	g24937.t1_upstream::Scaffold9:33562821-33564821	12.41	tp	0
1-AAAAATATCTT	STREME-1	7.0e-003	g9349.t1_downstream::Scaffold3:4533390-4535390	12.41	fp	0
1-AAAAATATCTT	STREME-1	7.0e-003	g12766.t1_upstream::Scaffold4:22145704-22147704	12.41	fp	0
1-AAAAATATCTT	STREME-1	7.0e-003	g11283.t1_upstream::Scaffold3:52355261-52357261	12.41	fp	0
1-AAAAATATCTT	STREME-1	7.0e-003	g11771.t1_upstream::Scaffold3:57364794-57366794	12.40	tp	0
1-AAAAATATCTT	STREME-1	7.0e-003	g20923.t1_upstream::Scaffold7:37602874-37604874	12.40	tp	0
1-AAAAATATCTT	STREME-1	7.0e-003	g11702.t1_upstream::Scaffold3:56783041-56785041	12.40	tp	0
1-AAAAATATCTT	STREME-1	7.0e-003	g16852.t1_upstream::Scaffold5:49182313-49184313	12.40	tp	0
1-AAAAATATCTT	STREME-1	7.0e-003	g23435.t1_upstream::Scaffold8:41326565-41328565	12.40	tp	0
1-AAAAATATCTT	STREME-1	7.0e-003	g13802.t1_upstream::Scaffold4:33098044-33100044	12.40	tp	0
1-AAAAATATCTT	STREME-1	7.0e-003	g19255.t1_upstream::Scaffold6:38995765-38997765	12.40	fp	0
1-AAAAATATCTT	STREME-1	7.0e-003	g24564.t1_downstream::Scaffold9:29039630-29041630	12.40	fp	0
1-AAAAATATCTT	STREME-1	7.0e-003	g133.t2_downstream::Scaffold1:4900981-4902981	12.40	fp	0
1-AAAAATATCTT	STREME-1	7.0e-003	g2234.t1_upstream::Scaffold1:40877560-40879560	12.40	fp	0
1-AAAAATATCTT	STREME-1	7.0e-003	g8322.t1_downstream::Scaffold2:45145018-45147018	12.40	fp	0
1-AAAAATATCTT	STREME-1	7.0e-003	g25221.t1_downstream::Scaffold9:36213383-36215383	12.40	fp	0
1-AAAAATATCTT	STREME-1	7.0e-003	g16182.t1_downstream::Scaffold5:39893131-39895131	12.40	fp	0
1-AAAAATATCTT	STREME-1	7.0e-003	g22217.t1_downstream::Scaffold8:9300874-9302874	12.40	fp	0
1-AAAAATATCTT	STREME-1	7.0e-003	g19853.t1_downstream::Scaffold7:5318408-5320408	12.40	fp	0
1-AAAAATATCTT	STREME-1	7.0e-003	g18774.t1_upstream::Scaffold6:19465032-19467032	12.40	fp	0
1-AAAAATATCTT	STREME-1	7.0e-003	g22419.t1_downstream::Scaffold8:16401838-16403838	12.40	fp	0
1-AAAAATATCTT	STREME-1	7.0e-003	g25244.t1_upstream::Scaffold9:36510917-36512917	12.40	fp	0
1-AAAAATATCTT	STREME-1	7.0e-003	g5875.t1_downstream::Scaffold11:21538242-21540242	12.40	fp	1
1-AAAAATATCTT	STREME-1	7.0e-003	g3801.t1_upstream::Scaffold10:31440694-31442694	12.35	tp	0
1-AAAAATATCTT	STREME-1	7.0e-003	g8559.t1_downstream::Scaffold2:50094366-50096366	12.35	tp	0
1-AAAAATATCTT	STREME-1	7.0e-003	g513.t2_downstream::Scaffold1:21569997-21571997	12.35	fp	0
1-AAAAATATCTT	STREME-1	7.0e-003	g8947.t1_upstream::Scaffold3:226465-228465	12.35	fp	1
1-AAAAATATCTT	STREME-1	7.0e-003	g20401.t1_upstream::Scaffold7:26620856-26622856	12.30	tp	0
1-AAAAATATCTT	STREME-1	7.0e-003	g12983.t1_upstream::Scaffold4:24241472-24243472	12.30	tp	0
1-AAAAATATCTT	STREME-1	7.0e-003	g16874.t1_upstream::Scaffold5:49391113-49393113	12.30	tp	0
1-AAAAATATCTT	STREME-1	7.0e-003	g6975.t1_downstream::Scaffold2:7874286-7876286	12.30	fp	0
1-AAAAATATCTT	STREME-1	7.0e-003	g23714.t1_downstream::Scaffold9:991147-993147	12.30	fp	0
1-AAAAATATCTT	STREME-1	7.0e-003	g24387.t1_upstream::Scaffold9:26622032-26624032	12.30	fp	0
1-AAAAATATCTT	STREME-1	7.0e-003	g24619.t1_upstream::Scaffold9:29770722-29772722	12.30	fp	0
1-AAAAATATCTT	STREME-1	7.0e-003	g11393.t1_downstream::Scaffold3:53449419-53451419	12.30	fp	0
1-AAAAATATCTT	STREME-1	7.0e-003	g3600.t1_upstream::Scaffold10:28071195-28073195	12.30	fp	1
1-AAAAATATCTT	STREME-1	7.0e-003	g4956.t1_downstream::Scaffold11:4653122-4655122	12.24	tp	0
1-AAAAATATCTT	STREME-1	7.0e-003	g11383.t1_upstream::Scaffold3:53342452-53344452	12.24	tp	0
1-AAAAATATCTT	STREME-1	7.0e-003	g5608.t1_downstream::Scaffold11:12996564-12998564	12.24	fp	0
1-AAAAATATCTT	STREME-1	7.0e-003	g24063.t1_upstream::Scaffold9:11062491-11064491	12.20	tp	0
1-AAAAATATCTT	STREME-1	7.0e-003	g18484.t1_downstream::Scaffold6:15501456-15503456	12.20	tp	0
1-AAAAATATCTT	STREME-1	7.0e-003	g2452.t1_downstream::Scaffold1:43165100-43167100	12.20	tp	0
1-AAAAATATCTT	STREME-1	7.0e-003	g24302.t1_downstream::Scaffold9:24120869-24122869	12.20	fp	0
1-AAAAATATCTT	STREME-1	7.0e-003	g15563.t1_downstream::Scaffold5:19755058-19757058	12.20	fp	1
1-AAAAATATCTT	STREME-1	7.0e-003	g16129.t1_upstream::Scaffold5:39059681-39061681	12.20	fp	1
1-AAAAATATCTT	STREME-1	7.0e-003	g17105.t1_downstream::Scaffold6:1348976-1350976	12.17	fp	1
1-AAAAATATCTT	STREME-1	7.0e-003	g1359.t1_upstream::Scaffold1:32103707-32105707	12.17	tp	0
1-AAAAATATCTT	STREME-1	7.0e-003	g12925.t2_downstream::Scaffold4:23684597-23686597	12.17	tp	0
1-AAAAATATCTT	STREME-1	7.0e-003	g7391.t1_upstream::Scaffold2:12030669-12032669	12.17	tp	0
1-AAAAATATCTT	STREME-1	7.0e-003	g12925.t1_downstream::Scaffold4:23684597-23686597	12.17	tp	0
1-AAAAATATCTT	STREME-1	7.0e-003	g21258.t1_downstream::Scaffold7:41260325-41262325	12.17	tp	0
1-AAAAATATCTT	STREME-1	7.0e-003	g4276.t1_upstream::Scaffold10:36400633-36402633	12.17	fp	0
1-AAAAATATCTT	STREME-1	7.0e-003	g21170.t2_upstream::Scaffold7:40212745-40214745	12.17	fp	0
1-AAAAATATCTT	STREME-1	7.0e-003	g13723.t1_downstream::Scaffold4:32141274-32143274	12.17	fp	0
1-AAAAATATCTT	STREME-1	7.0e-003	g5533.t1_downstream::Scaffold11:11599768-11601768	12.17	fp	0
1-AAAAATATCTT	STREME-1	7.0e-003	g11788.t1_upstream::Scaffold3:57507353-57509353	12.17	fp	0
1-AAAAATATCTT	STREME-1	7.0e-003	g24701.t1_downstream::Scaffold9:30854027-30856027	12.17	fp	0
1-AAAAATATCTT	STREME-1	7.0e-003	g23293.t1_upstream::Scaffold8:40138327-40140327	12.17	fp	0
1-AAAAATATCTT	STREME-1	7.0e-003	g16857.t1_upstream::Scaffold5:49261402-49263402	12.17	fp	0
1-AAAAATATCTT	STREME-1	7.0e-003	g23710.t1_upstream::Scaffold9:896928-898928	12.17	fp	1
1-AAAAATATCTT	STREME-1	7.0e-003	g2328.t1_downstream::Scaffold1:41935287-41937287	12.12	fp	0
1-AAAAATATCTT	STREME-1	7.0e-003	g18596.t2_downstream::Scaffold6:16817508-16819508	12.10	tp	0
1-AAAAATATCTT	STREME-1	7.0e-003	g18596.t1_downstream::Scaffold6:16817508-16819508	12.10	tp	0
1-AAAAATATCTT	STREME-1	7.0e-003	g13215.t1_upstream::Scaffold4:26408667-26410667	12.10	tp	0
1-AAAAATATCTT	STREME-1	7.0e-003	g7839.t1_downstream::Scaffold2:20339477-20341477	12.10	fp	0
1-AAAAATATCTT	STREME-1	7.0e-003	g6703.t1_downstream::Scaffold2:5237791-5239791	12.10	fp	0
1-AAAAATATCTT	STREME-1	7.0e-003	g14323.t1_upstream::Scaffold4:48454730-48456730	12.10	fp	0
1-AAAAATATCTT	STREME-1	7.0e-003	g25429.t1_downstream::Scaffold9:38183825-38185825	12.08	tp	0
1-AAAAATATCTT	STREME-1	7.0e-003	g23616.t1_downstream::Scaffold8:43122807-43124807	12.08	fp	1
1-AAAAATATCTT	STREME-1	7.0e-003	g87.t1_downstream::Scaffold1:3030849-3032849	12.06	tp	0
1-AAAAATATCTT	STREME-1	7.0e-003	g9374.t1_upstream::Scaffold3:4791910-4793910	12.06	tp	0
1-AAAAATATCTT	STREME-1	7.0e-003	g3915.t1_upstream::Scaffold10:32765070-32767070	12.06	tp	0
1-AAAAATATCTT	STREME-1	7.0e-003	g18723.t1_upstream::Scaffold6:18783750-18785750	12.06	tp	0
1-AAAAATATCTT	STREME-1	7.0e-003	g17000.t1_upstream::Scaffold6:346644-348644	12.06	tp	0
1-AAAAATATCTT	STREME-1	7.0e-003	g18788.t1_downstream::Scaffold6:19652892-19654892	12.06	fp	0
1-AAAAATATCTT	STREME-1	7.0e-003	g17244.t1_upstream::Scaffold6:2583041-2585041	12.06	fp	0
1-AAAAATATCTT	STREME-1	7.0e-003	g23514.t1_upstream::Scaffold8:42155999-42157999	12.06	fp	0
1-AAAAATATCTT	STREME-1	7.0e-003	g2690.t1_upstream::Scaffold1:46010385-46012385	12.06	fp	0
1-AAAAATATCTT	STREME-1	7.0e-003	g12485.t1_downstream::Scaffold4:18843225-18845225	12.06	fp	0
1-AAAAATATCTT	STREME-1	7.0e-003	g11974.t1_upstream::Scaffold4:9810218-9812218	12.06	fp	1
1-AAAAATATCTT	STREME-1	7.0e-003	g24250.t1_upstream::Scaffold9:22716567-22718567	12.05	tp	0
1-AAAAATATCTT	STREME-1	7.0e-003	g6278.t1_upstream::Scaffold2:1844820-1846820	12.05	tp	0
1-AAAAATATCTT	STREME-1	7.0e-003	g19934.t1_upstream::Scaffold7:6745619-6747619	12.05	tp	0
1-AAAAATATCTT	STREME-1	7.0e-003	g4521.t1_downstream::Scaffold11:709486-711486	12.05	fp	0
1-AAAAATATCTT	STREME-1	7.0e-003	g22589.t1_upstream::Scaffold8:28849234-28851234	12.05	fp	0
1-AAAAATATCTT	STREME-1	7.0e-003	g21416.t1_upstream::Scaffold7:42942463-42944463	12.05	fp	0
1-AAAAATATCTT	STREME-1	7.0e-003	g4630.t1_upstream::Scaffold11:1741973-1743973	12.05	fp	0
1-AAAAATATCTT	STREME-1	7.0e-003	g25446.t1_downstream::Scaffold9:38364586-38366586	12.05	fp	0
1-AAAAATATCTT	STREME-1	7.0e-003	g23441.t1_upstream::Scaffold8:41377704-41379704	12.05	fp	0
1-AAAAATATCTT	STREME-1	7.0e-003	g14242.t1_upstream::Scaffold4:43890641-43892641	12.05	fp	0
1-AAAAATATCTT	STREME-1	7.0e-003	g20599.t1_downstream::Scaffold7:32563249-32565249	12.05	fp	0
1-AAAAATATCTT	STREME-1	7.0e-003	g8383.t1_upstream::Scaffold2:46338787-46340787	12.05	tp	1
1-AAAAATATCTT	STREME-1	7.0e-003	g11364.t1_downstream::Scaffold3:53129303-53131303	12.05	fp	1
1-AAAAATATCTT	STREME-1	7.0e-003	g10871.t1_downstream::Scaffold3:47264716-47266716	12.05	fp	1
1-AAAAATATCTT	STREME-1	7.0e-003	g18912.t1_upstream::Scaffold6:22217720-22219720	12.04	tp	0
1-AAAAATATCTT	STREME-1	7.0e-003	g23429.t1_downstream::Scaffold8:41287285-41289285	12.04	tp	0
1-AAAAATATCTT	STREME-1	7.0e-003	g19218.t1_upstream::Scaffold6:36472630-36474630	12.04	tp	0
1-AAAAATATCTT	STREME-1	7.0e-003	g22791.t1_upstream::Scaffold8:33895687-33897687	12.04	fp	0
1-AAAAATATCTT	STREME-1	7.0e-003	g15017.t1_upstream::Scaffold5:7370469-7372469	12.04	fp	0
1-AAAAATATCTT	STREME-1	7.0e-003	g16990.t1_upstream::Scaffold6:281894-283894	12.04	fp	0
1-AAAAATATCTT	STREME-1	7.0e-003	g8901.t1_downstream::Scaffold2:54659626-54661626	12.04	fp	0
1-AAAAATATCTT	STREME-1	7.0e-003	g40.t1_upstream::Scaffold1:1392642-1394642	12.04	fp	0
1-AAAAATATCTT	STREME-1	7.0e-003	g12485.t1_upstream::Scaffold4:18849224-18851224	12.04	fp	0
1-AAAAATATCTT	STREME-1	7.0e-003	g15563.t1_upstream::Scaffold5:19757531-19759531	12.04	fp	0
1-AAAAATATCTT	STREME-1	7.0e-003	g3815.t1_downstream::Scaffold10:31613320-31615320	12.04	fp	0
1-AAAAATATCTT	STREME-1	7.0e-003	g15679.t1_downstream::Scaffold5:27537509-27539509	11.97	fp	0
1-AAAAATATCTT	STREME-1	7.0e-003	g2653.t1_downstream::Scaffold1:45673314-45675314	11.97	fp	0
1-AAAAATATCTT	STREME-1	7.0e-003	g13977.t1_upstream::Scaffold4:35626877-35628877	11.97	fp	0
1-AAAAATATCTT	STREME-1	7.0e-003	g3152.t1_downstream::Scaffold10:7349904-7351904	11.97	fp	0
1-AAAAATATCTT	STREME-1	7.0e-003	g10917.t1_downstream::Scaffold3:47880825-47882825	11.97	fp	0
1-AAAAATATCTT	STREME-1	7.0e-003	g9867.t1_upstream::Scaffold3:15682327-15684327	11.97	fp	0
1-AAAAATATCTT	STREME-1	7.0e-003	g20606.t2_downstream::Scaffold7:32655396-32657396	11.97	fp	0
1-AAAAATATCTT	STREME-1	7.0e-003	g6665.t1_upstream::Scaffold2:4874166-4876166	11.97	tp	0
1-AAAAATATCTT	STREME-1	7.0e-003	g19934.t1_downstream::Scaffold7:6743113-6745113	11.97	tp	0
1-AAAAATATCTT	STREME-1	7.0e-003	g25386.t1_upstream::Scaffold9:37826290-37828290	11.97	fp	0
1-AAAAATATCTT	STREME-1	7.0e-003	g25369.t1_downstream::Scaffold9:37651589-37653589	11.95	fp	0
1-AAAAATATCTT	STREME-1	7.0e-003	g12316.t1_upstream::Scaffold4:16650147-16652147	11.95	fp	0
1-AAAAATATCTT	STREME-1	7.0e-003	g13247.t1_downstream::Scaffold4:26738075-26740075	11.95	fp	0
1-AAAAATATCTT	STREME-1	7.0e-003	g17085.t1_upstream::Scaffold6:1185581-1187581	11.95	fp	1
1-AAAAATATCTT	STREME-1	7.0e-003	g5151.t1_upstream::Scaffold11:6488197-6490197	11.94	tp	0
1-AAAAATATCTT	STREME-1	7.0e-003	g14702.t1_upstream::Scaffold5:3771913-3773913	11.94	tp	0
1-AAAAATATCTT	STREME-1	7.0e-003	g17774.t1_upstream::Scaffold6:7687621-7689621	11.94	tp	0
1-AAAAATATCTT	STREME-1	7.0e-003	g13266.t1_upstream::Scaffold4:26888463-26890463	11.94	fp	0
1-AAAAATATCTT	STREME-1	7.0e-003	g8015.t1_upstream::Scaffold2:25397856-25399856	11.94	fp	0
1-AAAAATATCTT	STREME-1	7.0e-003	g447.t1_downstream::Scaffold1:19953752-19955752	11.94	fp	0
1-AAAAATATCTT	STREME-1	7.0e-003	g17797.t1_upstream::Scaffold6:7921418-7923418	11.94	tp	1
1-AAAAATATCTT	STREME-1	7.0e-003	g21115.t1_upstream::Scaffold7:39694437-39696437	11.90	tp	0
1-AAAAATATCTT	STREME-1	7.0e-003	g5559.t1_upstream::Scaffold11:12045754-12047754	11.90	tp	0
1-AAAAATATCTT	STREME-1	7.0e-003	g23694.t1_downstream::Scaffold9:655157-657157	11.90	fp	0
1-AAAAATATCTT	STREME-1	7.0e-003	g4950.t1_downstream::Scaffold11:4620263-4622263	11.90	fp	0
1-AAAAATATCTT	STREME-1	7.0e-003	g21008.t1_upstream::Scaffold7:38556125-38558125	11.90	fp	0
1-AAAAATATCTT	STREME-1	7.0e-003	g10583.t1_downstream::Scaffold3:42679540-42681540	11.90	fp	0
1-AAAAATATCTT	STREME-1	7.0e-003	g6939.t1_downstream::Scaffold2:7525530-7527530	11.90	fp	1
1-AAAAATATCTT	STREME-1	7.0e-003	g6278.t1_downstream::Scaffold2:1837179-1839179	11.90	tp	0
1-AAAAATATCTT	STREME-1	7.0e-003	g22554.t1_downstream::Scaffold8:27489390-27491390	11.90	fp	0
1-AAAAATATCTT	STREME-1	7.0e-003	g2005.t1_upstream::Scaffold1:38164068-38166068	11.90	fp	0
1-AAAAATATCTT	STREME-1	7.0e-003	g21585.t1_upstream::Scaffold8:308256-310256	11.90	fp	0
1-AAAAATATCTT	STREME-1	7.0e-003	g14580.t1_downstream::Scaffold5:2521244-2523244	11.90	fp	0
1-AAAAATATCTT	STREME-1	7.0e-003	g7419.t1_downstream::Scaffold2:12391010-12393010	11.90	fp	0
1-AAAAATATCTT	STREME-1	7.0e-003	g16269.t1_downstream::Scaffold5:41360874-41362874	11.90	fp	0
1-AAAAATATCTT	STREME-1	7.0e-003	g20686.t1_downstream::Scaffold7:34040945-34042945	11.90	fp	0
1-AAAAATATCTT	STREME-1	7.0e-003	g6792.t1_upstream::Scaffold2:6201654-6203654	11.90	fp	0
1-AAAAATATCTT	STREME-1	7.0e-003	g25016.t1_upstream::Scaffold9:34400214-34402214	11.90	fp	0
1-AAAAATATCTT	STREME-1	7.0e-003	g3114.t1_upstream::Scaffold10:6189910-6191910	11.90	fp	0
1-AAAAATATCTT	STREME-1	7.0e-003	g16865.t1_downstream::Scaffold5:49333511-49335511	11.90	fp	0
1-AAAAATATCTT	STREME-1	7.0e-003	g25386.t1_downstream::Scaffold9:37819522-37821522	11.90	fp	1
1-AAAAATATCTT	STREME-1	7.0e-003	g2701.t1_upstream::Scaffold1:46156675-46158675	11.90	fp	0
1-AAAAATATCTT	STREME-1	7.0e-003	g8322.t1_upstream::Scaffold2:45147760-45149760	11.90	fp	1
1-AAAAATATCTT	STREME-1	7.0e-003	g15310.t1_upstream::Scaffold5:12253805-12255805	11.86	tp	0
1-AAAAATATCTT	STREME-1	7.0e-003	g1032.t1_upstream::Scaffold1:28945818-28947818	11.86	tp	0
1-AAAAATATCTT	STREME-1	7.0e-003	g20910.t1_upstream::Scaffold7:37445616-37447616	11.84	tp	0
1-AAAAATATCTT	STREME-1	7.0e-003	g18484.t1_upstream::Scaffold6:15496648-15498648	11.84	tp	0
1-AAAAATATCTT	STREME-1	7.0e-003	g3490.t1_upstream::Scaffold10:24981464-24983464	11.84	tp	0
1-AAAAATATCTT	STREME-1	7.0e-003	g21018.t1_upstream::Scaffold7:38652237-38654237	11.84	fp	0
1-AAAAATATCTT	STREME-1	7.0e-003	g13784.t1_upstream::Scaffold4:32892945-32894945	11.84	fp	0
1-AAAAATATCTT	STREME-1	7.0e-003	g23126.t1_downstream::Scaffold8:38444385-38446385	11.84	fp	1
1-AAAAATATCTT	STREME-1	7.0e-003	g16927.t1_downstream::Scaffold5:49909297-49911297	11.82	tp	0
1-AAAAATATCTT	STREME-1	7.0e-003	g22878.t1_upstream::Scaffold8:35417831-35419831	11.82	fp	0
1-AAAAATATCTT	STREME-1	7.0e-003	g19218.t1_downstream::Scaffold6:36456176-36458176	11.82	tp	1
1-AAAAATATCTT	STREME-1	7.0e-003	g16927.t2_downstream::Scaffold5:49909297-49911297	11.82	tp	1
1-AAAAATATCTT	STREME-1	7.0e-003	g6649.t1_upstream::Scaffold2:4763574-4765574	11.81	tp	0
1-AAAAATATCTT	STREME-1	7.0e-003	g14665.t1_upstream::Scaffold5:3321635-3323635	11.81	tp	0
1-AAAAATATCTT	STREME-1	7.0e-003	g1579.t1_upstream::Scaffold1:34079661-34081661	11.81	tp	0
1-AAAAATATCTT	STREME-1	7.0e-003	g15673.t1_upstream::Scaffold5:27234261-27236261	11.81	tp	0
1-AAAAATATCTT	STREME-1	7.0e-003	g2594.t1_downstream::Scaffold1:44895986-44897986	11.81	fp	0
1-AAAAATATCTT	STREME-1	7.0e-003	g11534.t1_downstream::Scaffold3:54932696-54934696	11.81	fp	0
1-AAAAATATCTT	STREME-1	7.0e-003	g4755.t1_downstream::Scaffold11:2816098-2818098	11.81	fp	0
1-AAAAATATCTT	STREME-1	7.0e-003	g12442.t1_downstream::Scaffold4:18432582-18434582	11.81	fp	0
1-AAAAATATCTT	STREME-1	7.0e-003	g442.t1_downstream::Scaffold1:19880636-19882636	11.81	fp	0
1-AAAAATATCTT	STREME-1	7.0e-003	g1703.t1_downstream::Scaffold1:35381102-35383102	11.81	fp	0
1-AAAAATATCTT	STREME-1	7.0e-003	g18785.t1_downstream::Scaffold6:19615534-19617534	11.81	fp	0
1-AAAAATATCTT	STREME-1	7.0e-003	g19767.t1_upstream::Scaffold7:4122275-4124275	11.81	fp	0
1-AAAAATATCTT	STREME-1	7.0e-003	g21806.t1_downstream::Scaffold8:2740427-2742427	11.81	fp	0
1-AAAAATATCTT	STREME-1	7.0e-003	g17496.t2_downstream::Scaffold6:5057314-5059314	11.81	fp	0
1-AAAAATATCTT	STREME-1	7.0e-003	g14717.t1_upstream::Scaffold5:3949599-3951599	11.81	fp	0
1-AAAAATATCTT	STREME-1	7.0e-003	g14524.t1_upstream::Scaffold5:1898018-1900018	11.81	fp	1
1-AAAAATATCTT	STREME-1	7.0e-003	g18588.t1_upstream::Scaffold6:16641662-16643662	11.79	tp	0
1-AAAAATATCTT	STREME-1	7.0e-003	g3070.t1_downstream::Scaffold10:5369582-5371582	11.79	tp	0
1-AAAAATATCTT	STREME-1	7.0e-003	g5218.t1_upstream::Scaffold11:7259878-7261878	11.79	tp	0
1-AAAAATATCTT	STREME-1	7.0e-003	g6780.t2_downstream::Scaffold2:6072818-6074818	11.79	fp	0
1-AAAAATATCTT	STREME-1	7.0e-003	g3572.t1_upstream::Scaffold10:27189136-27191136	11.77	tp	1
1-AAAAATATCTT	STREME-1	7.0e-003	g22887.t1_upstream::Scaffold8:35567317-35569317	11.73	tp	0
1-AAAAATATCTT	STREME-1	7.0e-003	g9783.t1_downstream::Scaffold3:12992728-12994728	11.73	fp	0
1-AAAAATATCTT	STREME-1	7.0e-003	g15941.t1_downstream::Scaffold5:35588038-35590038	11.73	fp	0
1-AAAAATATCTT	STREME-1	7.0e-003	g6860.t1_upstream::Scaffold2:6782720-6784720	11.73	fp	0
1-AAAAATATCTT	STREME-1	7.0e-003	g978.t1_downstream::Scaffold1:28399958-28401958	11.73	fp	0
1-AAAAATATCTT	STREME-1	7.0e-003	g25487.t1_upstream::Scaffold9:38647450-38649450	11.73	tp	0
1-AAAAATATCTT	STREME-1	7.0e-003	g19854.t3_downstream::Scaffold7:5329996-5331996	11.73	tp	0
1-AAAAATATCTT	STREME-1	7.0e-003	g19854.t2_downstream::Scaffold7:5329996-5331996	11.73	tp	0
1-AAAAATATCTT	STREME-1	7.0e-003	g19493.t1_upstream::Scaffold7:652062-654062	11.73	tp	0
1-AAAAATATCTT	STREME-1	7.0e-003	g14953.t1_downstream::Scaffold5:6557213-6559213	11.73	tp	0
1-AAAAATATCTT	STREME-1	7.0e-003	g2857.t1_downstream::Scaffold10:1671525-1673525	11.73	tp	0
1-AAAAATATCTT	STREME-1	7.0e-003	g19854.t1_downstream::Scaffold7:5329996-5331996	11.73	tp	0
1-AAAAATATCTT	STREME-1	7.0e-003	g19940.t1_upstream::Scaffold7:6823430-6825430	11.73	fp	0
1-AAAAATATCTT	STREME-1	7.0e-003	g13969.t2_downstream::Scaffold4:35581784-35583784	11.73	fp	0
1-AAAAATATCTT	STREME-1	7.0e-003	g1769.t1_downstream::Scaffold1:36012217-36014217	11.73	tp	1
1-AAAAATATCTT	STREME-1	7.0e-003	g17273.t1_upstream::Scaffold6:2827734-2829734	11.70	tp	0
1-AAAAATATCTT	STREME-1	7.0e-003	g20864.t1_upstream::Scaffold7:36922518-36924518	11.70	fp	0
1-AAAAATATCTT	STREME-1	7.0e-003	g2315.t1_downstream::Scaffold1:41800487-41802487	11.70	fp	0
1-AAAAATATCTT	STREME-1	7.0e-003	g19595.t2_downstream::Scaffold7:1676882-1678882	11.70	fp	0
1-AAAAATATCTT	STREME-1	7.0e-003	g15977.t1_upstream::Scaffold5:36374862-36376862	11.70	fp	0
1-AAAAATATCTT	STREME-1	7.0e-003	g13266.t1_downstream::Scaffold4:26890879-26892879	11.70	fp	0
1-AAAAATATCTT	STREME-1	7.0e-003	g8657.t1_upstream::Scaffold2:51704496-51706496	11.64	fp	0
1-AAAAATATCTT	STREME-1	7.0e-003	g22636.t1_downstream::Scaffold8:30352107-30354107	11.64	fp	0
1-AAAAATATCTT	STREME-1	7.0e-003	g1285.t1_downstream::Scaffold1:31356400-31358400	11.62	fp	0
1-AAAAATATCTT	STREME-1	7.0e-003	g17561.t1_downstream::Scaffold6:5551861-5553861	11.62	fp	0
1-AAAAATATCTT	STREME-1	7.0e-003	g762.t1_downstream::Scaffold1:25593610-25595610	11.62	fp	1
1-AAAAATATCTT	STREME-1	7.0e-003	g4486.t2_upstream::Scaffold11:461484-463484	11.61	tp	0
1-AAAAATATCTT	STREME-1	7.0e-003	g23685.t1_upstream::Scaffold9:577066-579066	11.61	tp	0
1-AAAAATATCTT	STREME-1	7.0e-003	g18067.t1_downstream::Scaffold6:11068455-11070455	11.61	fp	0
1-AAAAATATCTT	STREME-1	7.0e-003	g19674.t1_upstream::Scaffold7:3063929-3065929	11.61	fp	0
1-AAAAATATCTT	STREME-1	7.0e-003	g21069.t1_upstream::Scaffold7:39075620-39077620	11.61	fp	0
1-AAAAATATCTT	STREME-1	7.0e-003	g18389.t1_downstream::Scaffold6:14167357-14169357	11.60	tp	0
1-AAAAATATCTT	STREME-1	7.0e-003	g18389.t2_downstream::Scaffold6:14167357-14169357	11.60	tp	0
1-AAAAATATCTT	STREME-1	7.0e-003	g410.t1_upstream::Scaffold1:19310923-19312923	11.60	tp	0
1-AAAAATATCTT	STREME-1	7.0e-003	g5816.t1_upstream::Scaffold11:18475416-18477416	11.60	fp	0
1-AAAAATATCTT	STREME-1	7.0e-003	g12860.t1_upstream::Scaffold4:23060302-23062302	11.60	fp	0
1-AAAAATATCTT	STREME-1	7.0e-003	g15975.t1_downstream::Scaffold5:36351152-36353152	11.60	fp	0
1-AAAAATATCTT	STREME-1	7.0e-003	g2419.t2_upstream::Scaffold1:42745361-42747361	11.60	tp	0
1-AAAAATATCTT	STREME-1	7.0e-003	g8309.t1_upstream::Scaffold2:44786848-44788848	11.60	fp	0
1-AAAAATATCTT	STREME-1	7.0e-003	g2419.t1_upstream::Scaffold1:42745358-42747358	11.60	tp	1
1-AAAAATATCTT	STREME-1	7.0e-003	g13380.t1_downstream::Scaffold4:27879631-27881631	11.54	tp	0
1-AAAAATATCTT	STREME-1	7.0e-003	g25369.t1_upstream::Scaffold9:37656616-37658616	11.54	fp	0
1-AAAAATATCTT	STREME-1	7.0e-003	g15977.t1_downstream::Scaffold5:36383388-36385388	11.54	fp	0
1-AAAAATATCTT	STREME-1	7.0e-003	g12723.t1_upstream::Scaffold4:21677078-21679078	11.54	fp	1
1-AAAAATATCTT	STREME-1	7.0e-003	g1158.t1_upstream::Scaffold1:30179045-30181045	11.50	fp	0
1-AAAAATATCTT	STREME-1	7.0e-003	g12925.t2_upstream::Scaffold4:23693477-23695477	11.49	tp	0
1-AAAAATATCTT	STREME-1	7.0e-003	g12925.t1_upstream::Scaffold4:23693477-23695477	11.49	tp	0
1-AAAAATATCTT	STREME-1	7.0e-003	g19365.t1_downstream::Scaffold6:43289326-43291326	11.49	fp	0
1-AAAAATATCTT	STREME-1	7.0e-003	g24596.t1_downstream::Scaffold9:29461214-29463214	11.49	fp	1
1-AAAAATATCTT	STREME-1	7.0e-003	g12259.t1_downstream::Scaffold4:15786923-15788923	11.46	tp	0
1-AAAAATATCTT	STREME-1	7.0e-003	g1950.t1_downstream::Scaffold1:37700398-37702398	11.46	tp	0
1-AAAAATATCTT	STREME-1	7.0e-003	g1950.t2_downstream::Scaffold1:37700398-37702398	11.46	tp	0
1-AAAAATATCTT	STREME-1	7.0e-003	g24463.t1_downstream::Scaffold9:27657682-27659682	11.46	tp	0
1-AAAAATATCTT	STREME-1	7.0e-003	g14632.t1_downstream::Scaffold5:3021338-3023338	11.46	fp	0
1-AAAAATATCTT	STREME-1	7.0e-003	g6314.t1_upstream::Scaffold2:2132719-2134719	11.46	fp	1
1-AAAAATATCTT	STREME-1	7.0e-003	g5710.t1_downstream::Scaffold11:15758881-15760881	11.44	fp	0
1-AAAAATATCTT	STREME-1	7.0e-003	g8524.t1_downstream::Scaffold2:49409338-49411338	11.41	fp	0
1-AAAAATATCTT	STREME-1	7.0e-003	g9225.t1_downstream::Scaffold3:3077954-3079954	11.41	fp	0
1-AAAAATATCTT	STREME-1	7.0e-003	g20184.t1_downstream::Scaffold7:12531344-12533344	11.41	fp	0
1-AAAAATATCTT	STREME-1	7.0e-003	g10948.t2_downstream::Scaffold3:48222755-48224755	11.41	fp	0
1-AAAAATATCTT	STREME-1	7.0e-003	g18384.t1_upstream::Scaffold6:14134767-14136767	11.38	tp	0
1-AAAAATATCTT	STREME-1	7.0e-003	g4748.t1_downstream::Scaffold11:2734530-2736530	11.38	tp	0
1-AAAAATATCTT	STREME-1	7.0e-003	g6673.t1_upstream::Scaffold2:4949383-4951383	11.38	tp	0
1-AAAAATATCTT	STREME-1	7.0e-003	g8750.t1_upstream::Scaffold2:52821396-52823396	11.38	tp	0
1-AAAAATATCTT	STREME-1	7.0e-003	g8681.t1_downstream::Scaffold2:51972998-51974998	11.38	fp	0
1-AAAAATATCTT	STREME-1	7.0e-003	g22197.t1_downstream::Scaffold8:8974722-8976722	11.38	fp	0
1-AAAAATATCTT	STREME-1	7.0e-003	g12757.t1_downstream::Scaffold4:22063707-22065707	11.38	fp	0
1-AAAAATATCTT	STREME-1	7.0e-003	g12603.t1_downstream::Scaffold4:20185187-20187187	11.38	fp	0
1-AAAAATATCTT	STREME-1	7.0e-003	g9712.t1_downstream::Scaffold3:11382846-11384846	11.38	fp	0
1-AAAAATATCTT	STREME-1	7.0e-003	g16552.t1_downstream::Scaffold5:45553074-45555074	11.38	fp	0
1-AAAAATATCTT	STREME-1	7.0e-003	g19011.t1_downstream::Scaffold6:24474855-24476855	11.38	fp	0
1-AAAAATATCTT	STREME-1	7.0e-003	g10523.t1_downstream::Scaffold3:41509403-41511403	11.37	fp	0
1-AAAAATATCTT	STREME-1	7.0e-003	g16296.t1_downstream::Scaffold5:41627755-41629755	11.37	fp	0
1-AAAAATATCTT	STREME-1	7.0e-003	g8557.t1_upstream::Scaffold2:50066640-50068640	11.37	tp	0
1-AAAAATATCTT	STREME-1	7.0e-003	g17063.t1_downstream::Scaffold6:1017754-1019754	11.37	fp	0
1-AAAAATATCTT	STREME-1	7.0e-003	g1589.t1_downstream::Scaffold1:34160702-34162702	11.37	fp	0
1-AAAAATATCTT	STREME-1	7.0e-003	g718.t1_upstream::Scaffold1:24928074-24930074	11.37	fp	0
1-AAAAATATCTT	STREME-1	7.0e-003	g9242.t1_upstream::Scaffold3:3242479-3244479	11.37	fp	0
1-AAAAATATCTT	STREME-1	7.0e-003	g10639.t1_upstream::Scaffold3:43650871-43652871	11.36	fp	0
1-AAAAATATCTT	STREME-1	7.0e-003	g8835.t1_upstream::Scaffold2:53919076-53921076	11.36	fp	0
1-AAAAATATCTT	STREME-1	7.0e-003	g24986.t1_downstream::Scaffold9:34077156-34079156	11.36	fp	0
1-AAAAATATCTT	STREME-1	7.0e-003	g8958.t1_downstream::Scaffold3:330213-332213	11.34	tp	0
1-AAAAATATCTT	STREME-1	7.0e-003	g183.t1_upstream::Scaffold1:6427145-6429145	11.34	fp	0
1-AAAAATATCTT	STREME-1	7.0e-003	g24120.t1_downstream::Scaffold9:14167979-14169979	11.34	fp	0
1-AAAAATATCTT	STREME-1	7.0e-003	g19493.t1_downstream::Scaffold7:648083-650083	11.34	tp	0
1-AAAAATATCTT	STREME-1	7.0e-003	g13017.t2_downstream::Scaffold4:24635614-24637614	11.34	tp	0
1-AAAAATATCTT	STREME-1	7.0e-003	g4956.t1_upstream::Scaffold11:4644110-4646110	11.34	tp	0
1-AAAAATATCTT	STREME-1	7.0e-003	g4676.t1_downstream::Scaffold11:2107580-2109580	11.34	fp	0
1-AAAAATATCTT	STREME-1	7.0e-003	g12633.t1_downstream::Scaffold4:20527502-20529502	11.34	fp	0
1-AAAAATATCTT	STREME-1	7.0e-003	g4963.t1_downstream::Scaffold11:4699260-4701260	11.34	fp	0
1-AAAAATATCTT	STREME-1	7.0e-003	g12226.t1_upstream::Scaffold4:14997474-14999474	11.34	fp	0
1-AAAAATATCTT	STREME-1	7.0e-003	g4596.t1_downstream::Scaffold11:1313534-1315534	11.29	tp	0
1-AAAAATATCTT	STREME-1	7.0e-003	g20277.t1_downstream::Scaffold7:18963204-18965204	11.29	fp	0
1-AAAAATATCTT	STREME-1	7.0e-003	g11598.t1_upstream::Scaffold3:55470442-55472442	11.28	tp	0
1-AAAAATATCTT	STREME-1	7.0e-003	g7724.t1_downstream::Scaffold2:17884555-17886555	11.28	tp	0
1-AAAAATATCTT	STREME-1	7.0e-003	g11598.t2_upstream::Scaffold3:55470442-55472442	11.28	tp	0
1-AAAAATATCTT	STREME-1	7.0e-003	g23905.t1_upstream::Scaffold9:4556244-4558244	11.28	fp	0
1-AAAAATATCTT	STREME-1	7.0e-003	g14925.t1_upstream::Scaffold5:6270640-6272640	11.28	fp	0
1-AAAAATATCTT	STREME-1	7.0e-003	g18302.t1_upstream::Scaffold6:13340156-13342156	11.28	fp	0
1-AAAAATATCTT	STREME-1	7.0e-003	g2255.t1_downstream::Scaffold1:41121666-41123666	11.26	fp	0
1-AAAAATATCTT	STREME-1	7.0e-003	g2890.t2_downstream::Scaffold10:2177320-2179320	11.26	fp	0
1-AAAAATATCTT	STREME-1	7.0e-003	g20235.t1_downstream::Scaffold7:14245653-14247653	11.26	fp	0
1-AAAAATATCTT	STREME-1	7.0e-003	g17303.t1_upstream::Scaffold6:3125442-3127442	11.26	fp	0
1-AAAAATATCTT	STREME-1	7.0e-003	g4948.t1_upstream::Scaffold11:4605037-4607037	11.26	fp	0
1-AAAAATATCTT	STREME-1	7.0e-003	g25460.t1_downstream::Scaffold9:38442245-38444245	11.26	fp	0
1-AAAAATATCTT	STREME-1	7.0e-003	g2763.t1_upstream::Scaffold10:421110-423110	11.26	fp	0
1-AAAAATATCTT	STREME-1	7.0e-003	g4545.t1_downstream::Scaffold11:940127-942127	11.19	fp	0
1-AAAAATATCTT	STREME-1	7.0e-003	g22086.t1_upstream::Scaffold8:6696332-6698332	11.19	fp	0
1-AAAAATATCTT	STREME-1	7.0e-003	g958.t1_upstream::Scaffold1:28135781-28137781	11.17	fp	0
1-AAAAATATCTT	STREME-1	7.0e-003	g959.t1_upstream::Scaffold1:28135338-28137338	11.17	fp	0
1-AAAAATATCTT	STREME-1	7.0e-003	g3036.t1_upstream::Scaffold10:4793193-4795193	11.17	fp	0
1-AAAAATATCTT	STREME-1	7.0e-003	g5371.t3_upstream::Scaffold11:9475580-9477580	11.13	tp	0
1-AAAAATATCTT	STREME-1	7.0e-003	g5371.t1_upstream::Scaffold11:9475727-9477727	11.13	tp	0
1-AAAAATATCTT	STREME-1	7.0e-003	g1763.t1_downstream::Scaffold1:35942276-35944276	11.13	tp	0
1-AAAAATATCTT	STREME-1	7.0e-003	g12395.t1_downstream::Scaffold4:17694816-17696816	11.13	tp	0
1-AAAAATATCTT	STREME-1	7.0e-003	g5371.t2_upstream::Scaffold11:9475763-9477763	11.13	tp	0
1-AAAAATATCTT	STREME-1	7.0e-003	g12456.t1_upstream::Scaffold4:18584101-18586101	11.13	tp	0
1-AAAAATATCTT	STREME-1	7.0e-003	g10476.t1_upstream::Scaffold3:40560739-40562739	11.13	fp	0
1-AAAAATATCTT	STREME-1	7.0e-003	g10662.t1_downstream::Scaffold3:44150621-44152621	11.13	fp	0
1-AAAAATATCTT	STREME-1	7.0e-003	g10707.t1_upstream::Scaffold3:44776276-44778276	11.13	fp	0
1-AAAAATATCTT	STREME-1	7.0e-003	g21912.t1_downstream::Scaffold8:4222640-4224640	11.13	fp	0
1-AAAAATATCTT	STREME-1	7.0e-003	g13080.t1_upstream::Scaffold4:25135604-25137604	11.13	fp	0
1-AAAAATATCTT	STREME-1	7.0e-003	g6557.t1_downstream::Scaffold2:3981084-3983084	11.13	fp	0
1-AAAAATATCTT	STREME-1	7.0e-003	g7143.t1_upstream::Scaffold2:9459299-9461299	11.13	fp	0
1-AAAAATATCTT	STREME-1	7.0e-003	g10522.t1_upstream::Scaffold3:41499066-41501066	11.13	fp	0
1-AAAAATATCTT	STREME-1	7.0e-003	g10523.t1_upstream::Scaffold3:41500380-41502380	11.13	fp	0
1-AAAAATATCTT	STREME-1	7.0e-003	g14494.t1_upstream::Scaffold5:1670700-1672700	11.13	fp	0
1-AAAAATATCTT	STREME-1	7.0e-003	g16356.t1_upstream::Scaffold5:42405425-42407425	11.13	fp	0
1-AAAAATATCTT	STREME-1	7.0e-003	g17884.t1_upstream::Scaffold6:8870253-8872253	11.09	tp	0
1-AAAAATATCTT	STREME-1	7.0e-003	g17884.t1_upstream::Scaffold6:8870253-8872253	11.09	fp	0
1-AAAAATATCTT	STREME-1	7.0e-003	g9277.t1_downstream::Scaffold3:3675962-3677962	11.09	tp	0
1-AAAAATATCTT	STREME-1	7.0e-003	g12624.t1_upstream::Scaffold4:20422053-20424053	11.09	fp	0
1-AAAAATATCTT	STREME-1	7.0e-003	g10212.t1_downstream::Scaffold3:34840819-34842819	11.06	tp	0
1-AAAAATATCTT	STREME-1	7.0e-003	g10212.t1_downstream::Scaffold3:34840819-34842819	11.06	fp	0
1-AAAAATATCTT	STREME-1	7.0e-003	g61.t1_upstream::Scaffold1:2111644-2113644	11.06	fp	0
1-AAAAATATCTT	STREME-1	7.0e-003	g23402.t1_downstream::Scaffold8:41029322-41031322	11.06	fp	1
1-AAAAATATCTT	STREME-1	7.0e-003	g7602.t1_downstream::Scaffold2:14732513-14734513	11.04	tp	0
1-AAAAATATCTT	STREME-1	7.0e-003	g11014.t1_downstream::Scaffold3:49029507-49031507	11.04	fp	0
1-AAAAATATCTT	STREME-1	7.0e-003	g8292.t2_downstream::Scaffold2:44290392-44292392	11.04	fp	0
1-AAAAATATCTT	STREME-1	7.0e-003	g12361.t1_upstream::Scaffold4:17322736-17324736	11.04	fp	0
1-AAAAATATCTT	STREME-1	7.0e-003	g13341.t1_upstream::Scaffold4:27538061-27540061	11.04	fp	0
1-AAAAATATCTT	STREME-1	7.0e-003	g19736.t1_downstream::Scaffold7:3737288-3739288	11.03	tp	0
1-AAAAATATCTT	STREME-1	7.0e-003	g18328.t1_upstream::Scaffold6:13600292-13602292	11.03	tp	0
1-AAAAATATCTT	STREME-1	7.0e-003	g17348.t1_downstream::Scaffold6:3526153-3528153	11.03	tp	0
1-AAAAATATCTT	STREME-1	7.0e-003	g7174.t1_upstream::Scaffold2:9815322-9817322	11.03	tp	0
1-AAAAATATCTT	STREME-1	7.0e-003	g811.t1_downstream::Scaffold1:26282834-26284834	11.03	fp	0
1-AAAAATATCTT	STREME-1	7.0e-003	g7174.t2_upstream::Scaffold2:9815322-9817322	11.03	tp	1
#
2-GCAGGAGA	STREME-2	1.2e-002	g22071.t1_upstream::Scaffold8:6482224-6484224	16.08	tp	0
2-GCAGGAGA	STREME-2	1.2e-002	g9061.t1_downstream::Scaffold3:1334594-1336594	16.08	tp	0
2-GCAGGAGA	STREME-2	1.2e-002	g17482.t1_downstream::Scaffold6:4895470-4897470	16.08	tp	0
2-GCAGGAGA	STREME-2	1.2e-002	g12313.t1_upstream::Scaffold4:16629994-16631994	16.08	tp	0
2-GCAGGAGA	STREME-2	1.2e-002	g7502.t1_downstream::Scaffold2:13291322-13293322	16.08	tp	0
2-GCAGGAGA	STREME-2	1.2e-002	g1950.t2_upstream::Scaffold1:37708405-37710405	16.08	tp	0
2-GCAGGAGA	STREME-2	1.2e-002	g12983.t1_upstream::Scaffold4:24241472-24243472	16.08	tp	0
2-GCAGGAGA	STREME-2	1.2e-002	g18365.t1_upstream::Scaffold6:13975617-13977617	16.08	tp	0
2-GCAGGAGA	STREME-2	1.2e-002	g24838.t1_downstream::Scaffold9:32397480-32399480	16.08	tp	0
2-GCAGGAGA	STREME-2	1.2e-002	g6649.t1_downstream::Scaffold2:4768456-4770456	16.08	tp	0
2-GCAGGAGA	STREME-2	1.2e-002	g24063.t1_upstream::Scaffold9:11062491-11064491	16.08	tp	0
2-GCAGGAGA	STREME-2	1.2e-002	g17884.t1_upstream::Scaffold6:8870253-8872253	16.08	tp	0
2-GCAGGAGA	STREME-2	1.2e-002	g5371.t3_downstream::Scaffold11:9483218-9485218	16.08	tp	0
2-GCAGGAGA	STREME-2	1.2e-002	g7602.t1_downstream::Scaffold2:14732513-14734513	16.08	tp	0
2-GCAGGAGA	STREME-2	1.2e-002	g7423.t1_upstream::Scaffold2:12421424-12423424	16.08	tp	0
2-GCAGGAGA	STREME-2	1.2e-002	g18761.t1_downstream::Scaffold6:19255229-19257229	16.08	tp	0
2-GCAGGAGA	STREME-2	1.2e-002	g11291.t1_upstream::Scaffold3:52476771-52478771	16.08	tp	0
2-GCAGGAGA	STREME-2	1.2e-002	g16719.t1_downstream::Scaffold5:47725994-47727994	16.08	tp	0
2-GCAGGAGA	STREME-2	1.2e-002	g21258.t1_upstream::Scaffold7:41270587-41272587	16.08	tp	0
2-GCAGGAGA	STREME-2	1.2e-002	g1579.t1_upstream::Scaffold1:34079661-34081661	16.08	tp	0
2-GCAGGAGA	STREME-2	1.2e-002	g11556.t1_downstream::Scaffold3:55173172-55175172	16.08	tp	0
2-GCAGGAGA	STREME-2	1.2e-002	g19493.t1_upstream::Scaffold7:652062-654062	16.08	tp	0
2-GCAGGAGA	STREME-2	1.2e-002	g13017.t1_downstream::Scaffold4:24633686-24635686	16.08	tp	0
2-GCAGGAGA	STREME-2	1.2e-002	g22071.t2_upstream::Scaffold8:6482224-6484224	16.08	tp	0
2-GCAGGAGA	STREME-2	1.2e-002	g16701.t2_downstream::Scaffold5:47515672-47517672	16.08	tp	0
2-GCAGGAGA	STREME-2	1.2e-002	g25309.t1_upstream::Scaffold9:37042881-37044881	16.08	tp	0
2-GCAGGAGA	STREME-2	1.2e-002	g24250.t1_downstream::Scaffold9:22727372-22729372	16.08	tp	0
2-GCAGGAGA	STREME-2	1.2e-002	g18356.t1_upstream::Scaffold6:13849132-13851132	16.08	tp	0
2-GCAGGAGA	STREME-2	1.2e-002	g1907.t1_upstream::Scaffold1:37315118-37317118	16.08	tp	0
2-GCAGGAGA	STREME-2	1.2e-002	g7197.t1_upstream::Scaffold2:10127051-10129051	16.08	tp	0
2-GCAGGAGA	STREME-2	1.2e-002	g7197.t2_upstream::Scaffold2:10127054-10129054	16.08	tp	0
2-GCAGGAGA	STREME-2	1.2e-002	g19174.t1_downstream::Scaffold6:30989183-30991183	16.08	tp	0
2-GCAGGAGA	STREME-2	1.2e-002	g16852.t1_upstream::Scaffold5:49182313-49184313	16.08	tp	0
2-GCAGGAGA	STREME-2	1.2e-002	g16060.t1_upstream::Scaffold5:38021820-38023820	16.08	tp	0
2-GCAGGAGA	STREME-2	1.2e-002	g252.t1_upstream::Scaffold1:11072399-11074399	16.08	tp	0
2-GCAGGAGA	STREME-2	1.2e-002	g13069.t2_upstream::Scaffold4:25019855-25021855	16.08	tp	0
2-GCAGGAGA	STREME-2	1.2e-002	g853.t1_upstream::Scaffold1:26705556-26707556	16.08	tp	0
2-GCAGGAGA	STREME-2	1.2e-002	g19934.t1_downstream::Scaffold7:6743113-6745113	16.08	tp	0
2-GCAGGAGA	STREME-2	1.2e-002	g16701.t1_downstream::Scaffold5:47515672-47517672	16.08	tp	0
2-GCAGGAGA	STREME-2	1.2e-002	g2254.t1_downstream::Scaffold1:41112135-41114135	16.08	tp	0
2-GCAGGAGA	STREME-2	1.2e-002	g1907.t2_upstream::Scaffold1:37315118-37317118	16.08	tp	0
2-GCAGGAGA	STREME-2	1.2e-002	g5371.t2_downstream::Scaffold11:9483218-9485218	16.08	tp	0
2-GCAGGAGA	STREME-2	1.2e-002	g13069.t1_upstream::Scaffold4:25019939-25021939	16.08	tp	0
2-GCAGGAGA	STREME-2	1.2e-002	g6950.t1_downstream::Scaffold2:7658594-7660594	16.08	tp	0
2-GCAGGAGA	STREME-2	1.2e-002	g24186.t1_downstream::Scaffold9:20361898-20363898	16.08	tp	0
2-GCAGGAGA	STREME-2	1.2e-002	g16852.t1_downstream::Scaffold5:49176045-49178045	16.08	tp	0
2-GCAGGAGA	STREME-2	1.2e-002	g21223.t1_upstream::Scaffold7:40913832-40915832	16.08	fp	0
2-GCAGGAGA	STREME-2	1.2e-002	g3579.t1_downstream::Scaffold10:27277505-27279505	16.08	fp	0
2-GCAGGAGA	STREME-2	1.2e-002	g3828.t1_upstream::Scaffold10:31751435-31753435	16.08	fp	0
2-GCAGGAGA	STREME-2	1.2e-002	g3857.t1_upstream::Scaffold10:32059275-32061275	16.08	fp	0
2-GCAGGAGA	STREME-2	1.2e-002	g24283.t1_upstream::Scaffold9:23575301-23577301	16.08	fp	0
2-GCAGGAGA	STREME-2	1.2e-002	g13679.t1_upstream::Scaffold4:31611490-31613490	16.08	fp	0
2-GCAGGAGA	STREME-2	1.2e-002	g3820.t1_upstream::Scaffold10:31650583-31652583	16.08	fp	0
2-GCAGGAGA	STREME-2	1.2e-002	g17884.t1_upstream::Scaffold6:8870253-8872253	16.08	fp	0
2-GCAGGAGA	STREME-2	1.2e-002	g3302.t1_downstream::Scaffold10:11400396-11402396	16.08	fp	0
2-GCAGGAGA	STREME-2	1.2e-002	g6111.t1_downstream::Scaffold2:371180-373180	16.08	fp	0
2-GCAGGAGA	STREME-2	1.2e-002	g25501.t1_downstream::Scaffold9:38858579-38860579	16.08	fp	0
2-GCAGGAGA	STREME-2	1.2e-002	g13091.t2_upstream::Scaffold4:25230453-25232453	16.08	fp	0
2-GCAGGAGA	STREME-2	1.2e-002	g8284.t1_downstream::Scaffold2:43683754-43685754	16.08	fp	0
2-GCAGGAGA	STREME-2	1.2e-002	g1907.t1_upstream::Scaffold1:37315118-37317118	16.08	fp	0
2-GCAGGAGA	STREME-2	1.2e-002	g13069.t1_upstream::Scaffold4:25019939-25021939	16.08	fp	0
2-GCAGGAGA	STREME-2	1.2e-002	g13243.t1_downstream::Scaffold4:26684678-26686678	16.08	fp	0
2-GCAGGAGA	STREME-2	1.2e-002	g2005.t1_upstream::Scaffold1:38164068-38166068	16.08	fp	0
2-GCAGGAGA	STREME-2	1.2e-002	g6365.t1_upstream::Scaffold2:2479683-2481683	16.08	fp	0
2-GCAGGAGA	STREME-2	1.2e-002	g14179.t1_downstream::Scaffold4:40778605-40780605	16.08	fp	0
2-GCAGGAGA	STREME-2	1.2e-002	g1211.t1_downstream::Scaffold1:30731809-30733809	16.08	fp	0
2-GCAGGAGA	STREME-2	1.2e-002	g24195.t1_upstream::Scaffold9:20743752-20745752	16.08	fp	0
2-GCAGGAGA	STREME-2	1.2e-002	g2210.t1_upstream::Scaffold1:40572069-40574069	16.08	fp	0
2-GCAGGAGA	STREME-2	1.2e-002	g19803.t1_upstream::Scaffold7:4622787-4624787	16.08	fp	0
2-GCAGGAGA	STREME-2	1.2e-002	g2547.t1_downstream::Scaffold1:44430134-44432134	16.08	fp	0
2-GCAGGAGA	STREME-2	1.2e-002	g23828.t1_upstream::Scaffold9:3043566-3045566	16.08	fp	0
2-GCAGGAGA	STREME-2	1.2e-002	g1870.t1_downstream::Scaffold1:36978376-36980376	16.08	fp	0
2-GCAGGAGA	STREME-2	1.2e-002	g15989.t1_upstream::Scaffold5:36708158-36710158	16.08	fp	0
2-GCAGGAGA	STREME-2	1.2e-002	g40.t1_downstream::Scaffold1:1386126-1388126	16.08	fp	0
2-GCAGGAGA	STREME-2	1.2e-002	g22759.t1_upstream::Scaffold8:33362337-33364337	16.08	fp	0
2-GCAGGAGA	STREME-2	1.2e-002	g16535.t1_upstream::Scaffold5:45223370-45225370	16.08	fp	0
2-GCAGGAGA	STREME-2	1.2e-002	g20317.t1_downstream::Scaffold7:20959495-20961495	16.08	fp	0
2-GCAGGAGA	STREME-2	1.2e-002	g19674.t1_downstream::Scaffold7:3067429-3069429	16.08	fp	0
2-GCAGGAGA	STREME-2	1.2e-002	g14900.t1_downstream::Scaffold5:5863864-5865864	16.08	fp	0
2-GCAGGAGA	STREME-2	1.2e-002	g24949.t1_upstream::Scaffold9:33679450-33681450	16.08	fp	0
2-GCAGGAGA	STREME-2	1.2e-002	g15941.t1_downstream::Scaffold5:35588038-35590038	16.08	fp	0
2-GCAGGAGA	STREME-2	1.2e-002	g9414.t1_downstream::Scaffold3:5205841-5207841	16.08	fp	0
2-GCAGGAGA	STREME-2	1.2e-002	g14951.t2_downstream::Scaffold5:6534030-6536030	16.08	fp	0
2-GCAGGAGA	STREME-2	1.2e-002	g9764.t2_upstream::Scaffold3:12648582-12650582	16.08	fp	0
2-GCAGGAGA	STREME-2	1.2e-002	g8597.t1_downstream::Scaffold2:50705532-50707532	16.08	fp	0
2-GCAGGAGA	STREME-2	1.2e-002	g17568.t2_downstream::Scaffold6:5616999-5618999	16.08	fp	0
2-GCAGGAGA	STREME-2	1.2e-002	g9496.t1_upstream::Scaffold3:6082213-6084213	16.08	fp	0
2-GCAGGAGA	STREME-2	1.2e-002	g10523.t1_upstream::Scaffold3:41500380-41502380	16.08	fp	0
2-GCAGGAGA	STREME-2	1.2e-002	g9325.t1_upstream::Scaffold3:4321272-4323272	16.08	fp	0
2-GCAGGAGA	STREME-2	1.2e-002	g6323.t1_upstream::Scaffold2:2202969-2204969	16.08	fp	0
2-GCAGGAGA	STREME-2	1.2e-002	g8741.t1_downstream::Scaffold2:52726414-52728414	16.08	fp	0
2-GCAGGAGA	STREME-2	1.2e-002	g762.t1_upstream::Scaffold1:25588527-25590527	16.08	fp	0
2-GCAGGAGA	STREME-2	1.2e-002	g802.t1_upstream::Scaffold1:26135742-26137742	16.08	fp	0
2-GCAGGAGA	STREME-2	1.2e-002	g13723.t1_upstream::Scaffold4:32134833-32136833	16.08	fp	0
2-GCAGGAGA	STREME-2	1.2e-002	g14767.t1_downstream::Scaffold5:4470655-4472655	16.08	fp	0
2-GCAGGAGA	STREME-2	1.2e-002	g18186.t1_downstream::Scaffold6:12165444-12167444	16.08	fp	0
2-GCAGGAGA	STREME-2	1.2e-002	g17389.t1_downstream::Scaffold6:3875896-3877896	16.08	fp	0
2-GCAGGAGA	STREME-2	1.2e-002	g1908.t2_upstream::Scaffold1:37315197-37317197	16.08	fp	0
2-GCAGGAGA	STREME-2	1.2e-002	g14900.t1_upstream::Scaffold5:5869469-5871469	16.08	fp	0
2-GCAGGAGA	STREME-2	1.2e-002	g19527.t1_downstream::Scaffold7:984465-986465	16.08	tp	1
2-GCAGGAGA	STREME-2	1.2e-002	g8383.t1_upstream::Scaffold2:46338787-46340787	16.08	tp	1
2-GCAGGAGA	STREME-2	1.2e-002	g1950.t1_upstream::Scaffold1:37708402-37710402	16.08	tp	1
2-GCAGGAGA	STREME-2	1.2e-002	g5371.t1_downstream::Scaffold11:9483218-9485218	16.08	tp	1
2-GCAGGAGA	STREME-2	1.2e-002	g3753.t1_upstream::Scaffold10:30949720-30951720	16.08	tp	1
2-GCAGGAGA	STREME-2	1.2e-002	g1334.t1_upstream::Scaffold1:31862861-31864861	16.08	fp	1
2-GCAGGAGA	STREME-2	1.2e-002	g21018.t1_downstream::Scaffold7:38649986-38651986	16.08	fp	1
#
3-GCAGTGGACAA	STREME-3	4.4e-001	g25487.t1_upstream::Scaffold9:38647450-38649450	22.14	tp	0
3-GCAGTGGACAA	STREME-3	4.4e-001	g9.t4_downstream::Scaffold1:277118-279118	22.14	tp	0
3-GCAGTGGACAA	STREME-3	4.4e-001	g24999.t1_upstream::Scaffold9:34228110-34230110	22.14	tp	0
3-GCAGTGGACAA	STREME-3	4.4e-001	g5.t1_downstream::Scaffold1:172938-174938	22.14	tp	0
3-GCAGTGGACAA	STREME-3	4.4e-001	g13347.t1_upstream::Scaffold4:27600635-27602635	22.14	tp	0
3-GCAGTGGACAA	STREME-3	4.4e-001	g9.t1_downstream::Scaffold1:277118-279118	22.14	tp	0
3-GCAGTGGACAA	STREME-3	4.4e-001	g9.t3_downstream::Scaffold1:277118-279118	22.14	tp	0
3-GCAGTGGACAA	STREME-3	4.4e-001	g2853.t1_upstream::Scaffold10:1601903-1603903	22.14	tp	0
3-GCAGTGGACAA	STREME-3	4.4e-001	g4446.t1_downstream::Scaffold11:88129-90129	22.14	tp	0
3-GCAGTGGACAA	STREME-3	4.4e-001	g9.t2_downstream::Scaffold1:277118-279118	22.14	fp	0
3-GCAGTGGACAA	STREME-3	4.4e-001	g9.t2_downstream::Scaffold1:277118-279118	22.14	tp	1
3-GCAGTGGACAA	STREME-3	4.4e-001	g7461.t1_downstream::Scaffold2:12807811-12809811	19.80	tp	0
3-GCAGTGGACAA	STREME-3	4.4e-001	g7461.t2_downstream::Scaffold2:12807811-12809811	19.80	tp	0
3-GCAGTGGACAA	STREME-3	4.4e-001	g22759.t1_downstream::Scaffold8:33360086-33362086	19.80	fp	1
3-GCAGTGGACAA	STREME-3	4.4e-001	g11771.t1_upstream::Scaffold3:57364794-57366794	19.49	tp	0
3-GCAGTGGACAA	STREME-3	4.4e-001	g10636.t1_downstream::Scaffold3:43554575-43556575	19.47	tp	0
3-GCAGTGGACAA	STREME-3	4.4e-001	g18805.t1_upstream::Scaffold6:20080031-20082031	19.47	tp	0
3-GCAGTGGACAA	STREME-3	4.4e-001	g252.t1_downstream::Scaffold1:11069384-11071384	19.47	tp	0
3-GCAGTGGACAA	STREME-3	4.4e-001	g22883.t1_upstream::Scaffold8:35467174-35469174	19.47	fp	0
3-GCAGTGGACAA	STREME-3	4.4e-001	g9061.t1_upstream::Scaffold3:1330034-1332034	19.17	tp	0
3-GCAGTGGACAA	STREME-3	4.4e-001	g12395.t1_upstream::Scaffold4:17706532-17708532	19.17	tp	0
3-GCAGTGGACAA	STREME-3	4.4e-001	g20923.t1_upstream::Scaffold7:37602874-37604874	19.14	tp	0
3-GCAGTGGACAA	STREME-3	4.4e-001	g17818.t1_upstream::Scaffold6:8217253-8219253	17.14	tp	0
3-GCAGTGGACAA	STREME-3	4.4e-001	g17818.t2_upstream::Scaffold6:8217181-8219181	17.14	tp	0
#
4-CAATAAACCCAT	STREME-4	6.9e-001	g12609.t1_upstream::Scaffold4:20237169-20239169	20.95	tp	0
4-CAATAAACCCAT	STREME-4	6.9e-001	g9.t4_upstream::Scaffold1:266319-268319	20.95	tp	0
4-CAATAAACCCAT	STREME-4	6.9e-001	g9.t2_upstream::Scaffold1:266319-268319	20.95	tp	0
4-CAATAAACCCAT	STREME-4	6.9e-001	g9.t1_upstream::Scaffold1:266319-268319	20.95	tp	0
4-CAATAAACCCAT	STREME-4	6.9e-001	g9.t3_upstream::Scaffold1:266319-268319	20.95	tp	0
4-CAATAAACCCAT	STREME-4	6.9e-001	g5.t1_upstream::Scaffold1:162150-164150	20.95	tp	0
4-CAATAAACCCAT	STREME-4	6.9e-001	g12609.t1_upstream::Scaffold4:20237169-20239169	20.95	fp	0
4-CAATAAACCCAT	STREME-4	6.9e-001	g9.t2_upstream::Scaffold1:266319-268319	20.95	fp	1
4-CAATAAACCCAT	STREME-4	6.9e-001	g16927.t1_upstream::Scaffold5:49896656-49898656	19.09	tp	0
4-CAATAAACCCAT	STREME-4	6.9e-001	g16927.t2_upstream::Scaffold5:49896656-49898656	19.09	tp	0
4-CAATAAACCCAT	STREME-4	6.9e-001	g17085.t1_upstream::Scaffold6:1185581-1187581	19.09	fp	1
4-CAATAAACCCAT	STREME-4	6.9e-001	g11769.t1_upstream::Scaffold3:57349428-57351428	18.63	tp	0
4-CAATAAACCCAT	STREME-4	6.9e-001	g24463.t1_downstream::Scaffold9:27657682-27659682	18.63	tp	0
4-CAATAAACCCAT	STREME-4	6.9e-001	g11594.t1_downstream::Scaffold3:55440818-55442818	18.24	tp	0
4-CAATAAACCCAT	STREME-4	6.9e-001	g4446.t1_upstream::Scaffold11:77341-79341	17.81	tp	0
4-CAATAAACCCAT	STREME-4	6.9e-001	g19513.t1_upstream::Scaffold7:870985-872985	17.55	tp	0
4-CAATAAACCCAT	STREME-4	6.9e-001	g23435.t1_downstream::Scaffold8:41332136-41334136	17.34	tp	0
4-CAATAAACCCAT	STREME-4	6.9e-001	g19191.t1_upstream::Scaffold6:33706248-33708248	17.21	tp	0
4-CAATAAACCCAT	STREME-4	6.9e-001	g22071.t2_downstream::Scaffold8:6490363-6492363	16.93	tp	0
4-CAATAAACCCAT	STREME-4	6.9e-001	g6278.t1_upstream::Scaffold2:1844820-1846820	16.93	tp	0
4-CAATAAACCCAT	STREME-4	6.9e-001	g16003.t1_upstream::Scaffold5:37003551-37005551	16.93	fp	0
4-CAATAAACCCAT	STREME-4	6.9e-001	g22071.t1_downstream::Scaffold8:6490363-6492363	16.93	tp	1
4-CAATAAACCCAT	STREME-4	6.9e-001	g5816.t1_downstream::Scaffold11:18472961-18474961	16.93	fp	1
4-CAATAAACCCAT	STREME-4	6.9e-001	g18577.t1_upstream::Scaffold6:16418694-16420694	16.92	tp	0
4-CAATAAACCCAT	STREME-4	6.9e-001	g17050.t1_downstream::Scaffold6:892788-894788	16.90	tp	0
4-CAATAAACCCAT	STREME-4	6.9e-001	g14702.t1_downstream::Scaffold5:3776277-3778277	16.77	tp	0
4-CAATAAACCCAT	STREME-4	6.9e-001	g17273.t1_upstream::Scaffold6:2827734-2829734	16.73	tp	0
#
5-AACAGAGAAAATTTT	STREME-5	8.5e-001	g7418.t1_downstream::Scaffold2:12380432-12382432	20.75	tp	0
5-AACAGAGAAAATTTT	STREME-5	8.5e-001	g11769.t1_upstream::Scaffold3:57349428-57351428	18.45	tp	0
5-AACAGAGAAAATTTT	STREME-5	8.5e-001	g3030.t2_downstream::Scaffold10:4708066-4710066	18.43	tp	0
5-AACAGAGAAAATTTT	STREME-5	8.5e-001	g3030.t1_downstream::Scaffold10:4708066-4710066	18.43	tp	0
5-AACAGAGAAAATTTT	STREME-5	8.5e-001	g25159.t1_upstream::Scaffold9:35713926-35715926	18.43	tp	0
5-AACAGAGAAAATTTT	STREME-5	8.5e-001	g3030.t3_downstream::Scaffold10:4708066-4710066	18.43	tp	0
5-AACAGAGAAAATTTT	STREME-5	8.5e-001	g17199.t1_downstream::Scaffold6:2226821-2228821	18.19	fp	1
5-AACAGAGAAAATTTT	STREME-5	8.5e-001	g7174.t2_downstream::Scaffold2:9820188-9822188	17.83	tp	0
5-AACAGAGAAAATTTT	STREME-5	8.5e-001	g7174.t1_downstream::Scaffold2:9820188-9822188	17.83	tp	0
5-AACAGAGAAAATTTT	STREME-5	8.5e-001	g1669.t1_downstream::Scaffold1:35095103-35097103	16.99	fp	1
5-AACAGAGAAAATTTT	STREME-5	8.5e-001	g8632.t1_downstream::Scaffold2:51275115-51277115	16.87	tp	0
5-AACAGAGAAAATTTT	STREME-5	8.5e-001	g8632.t2_downstream::Scaffold2:51275115-51277115	16.87	tp	0
5-AACAGAGAAAATTTT	STREME-5	8.5e-001	g6950.t1_upstream::Scaffold2:7656064-7658064	16.84	tp	0
5-AACAGAGAAAATTTT	STREME-5	8.5e-001	g1838.t1_downstream::Scaffold1:36638617-36640617	16.84	fp	0
5-AACAGAGAAAATTTT	STREME-5	8.5e-001	g22071.t1_upstream::Scaffold8:6482224-6484224	16.45	tp	0
5-AACAGAGAAAATTTT	STREME-5	8.5e-001	g22071.t2_upstream::Scaffold8:6482224-6484224	16.45	tp	0
5-AACAGAGAAAATTTT	STREME-5	8.5e-001	g24848.t1_downstream::Scaffold9:32502574-32504574	16.35	fp	0
5-AACAGAGAAAATTTT	STREME-5	8.5e-001	g2381.t1_upstream::Scaffold1:42320261-42322261	16.31	fp	0
5-AACAGAGAAAATTTT	STREME-5	8.5e-001	g3030.t2_upstream::Scaffold10:4717668-4719668	16.18	tp	0
5-AACAGAGAAAATTTT	STREME-5	8.5e-001	g3030.t3_upstream::Scaffold10:4717782-4719782	16.18	tp	0
5-AACAGAGAAAATTTT	STREME-5	8.5e-001	g3030.t1_upstream::Scaffold10:4717668-4719668	16.18	tp	0
5-AACAGAGAAAATTTT	STREME-5	8.5e-001	g978.t1_downstream::Scaffold1:28399958-28401958	16.15	fp	0
5-AACAGAGAAAATTTT	STREME-5	8.5e-001	g17250.t2_upstream::Scaffold6:2614152-2616152	16.00	fp	0
5-AACAGAGAAAATTTT	STREME-5	8.5e-001	g22907.t1_upstream::Scaffold8:35798837-35800837	16.00	fp	0
5-AACAGAGAAAATTTT	STREME-5	8.5e-001	g21585.t1_upstream::Scaffold8:308256-310256	15.86	fp	0
5-AACAGAGAAAATTTT	STREME-5	8.5e-001	g23328.t1_downstream::Scaffold8:40362550-40364550	15.84	fp	0
5-AACAGAGAAAATTTT	STREME-5	8.5e-001	g15467.t1_downstream::Scaffold5:16101932-16103932	15.83	tp	0
5-AACAGAGAAAATTTT	STREME-5	8.5e-001	g1950.t1_downstream::Scaffold1:37700398-37702398	15.80	tp	0
5-AACAGAGAAAATTTT	STREME-5	8.5e-001	g1950.t2_downstream::Scaffold1:37700398-37702398	15.80	tp	0
5-AACAGAGAAAATTTT	STREME-5	8.5e-001	g1947.t1_upstream::Scaffold1:37680114-37682114	15.74	fp	0
5-AACAGAGAAAATTTT	STREME-5	8.5e-001	g25501.t1_downstream::Scaffold9:38858579-38860579	15.72	fp	0
5-AACAGAGAAAATTTT	STREME-5	8.5e-001	g21980.t2_upstream::Scaffold8:4927689-4929689	15.71	fp	1
5-AACAGAGAAAATTTT	STREME-5	8.5e-001	g19736.t1_upstream::Scaffold7:3741915-3743915	15.65	tp	0
5-AACAGAGAAAATTTT	STREME-5	8.5e-001	g6822.t1_downstream::Scaffold2:6482078-6484078	15.64	fp	1
5-AACAGAGAAAATTTT	STREME-5	8.5e-001	g23480.t1_upstream::Scaffold8:41728692-41730692	15.61	tp	0
5-AACAGAGAAAATTTT	STREME-5	8.5e-001	g2629.t1_upstream::Scaffold1:45435691-45437691	15.60	fp	1
5-AACAGAGAAAATTTT	STREME-5	8.5e-001	g8292.t2_upstream::Scaffold2:44272626-44274626	15.56	fp	1
5-AACAGAGAAAATTTT	STREME-5	8.5e-001	g12259.t1_downstream::Scaffold4:15786923-15788923	15.37	tp	0
5-AACAGAGAAAATTTT	STREME-5	8.5e-001	g10703.t1_downstream::Scaffold3:44740487-44742487	15.32	tp	0
5-AACAGAGAAAATTTT	STREME-5	8.5e-001	g1724.t1_upstream::Scaffold1:35520544-35522544	15.31	tp	0
5-AACAGAGAAAATTTT	STREME-5	8.5e-001	g22212.t1_upstream::Scaffold8:9209778-9211778	15.19	fp	0
5-AACAGAGAAAATTTT	STREME-5	8.5e-001	g22289.t2_downstream::Scaffold8:11226535-11228535	15.15	fp	0
5-AACAGAGAAAATTTT	STREME-5	8.5e-001	g23247.t2_upstream::Scaffold8:39693887-39695887	15.11	tp	0
5-AACAGAGAAAATTTT	STREME-5	8.5e-001	g23247.t1_upstream::Scaffold8:39693887-39695887	15.11	tp	0
5-AACAGAGAAAATTTT	STREME-5	8.5e-001	g17050.t1_downstream::Scaffold6:892788-894788	15.11	tp	0
5-AACAGAGAAAATTTT	STREME-5	8.5e-001	g7421.t1_downstream::Scaffold2:12400325-12402325	15.09	fp	0
5-AACAGAGAAAATTTT	STREME-5	8.5e-001	g3632.t1_downstream::Scaffold10:28672542-28674542	15.09	fp	0
5-AACAGAGAAAATTTT	STREME-5	8.5e-001	g6798.t1_upstream::Scaffold2:6234098-6236098	15.02	fp	0
5-AACAGAGAAAATTTT	STREME-5	8.5e-001	g8028.t1_upstream::Scaffold2:26054496-26056496	14.99	fp	1
5-AACAGAGAAAATTTT	STREME-5	8.5e-001	g19930.t1_upstream::Scaffold7:6654401-6656401	14.92	fp	1
5-AACAGAGAAAATTTT	STREME-5	8.5e-001	g2344.t1_upstream::Scaffold1:42061058-42063058	14.91	fp	0
5-AACAGAGAAAATTTT	STREME-5	8.5e-001	g20386.t1_upstream::Scaffold7:25949192-25951192	14.87	fp	0
5-AACAGAGAAAATTTT	STREME-5	8.5e-001	g19890.t1_upstream::Scaffold7:5888078-5890078	14.85	fp	1
5-AACAGAGAAAATTTT	STREME-5	8.5e-001	g13586.t1_upstream::Scaffold4:30374049-30376049	14.83	fp	0
5-AACAGAGAAAATTTT	STREME-5	8.5e-001	g18588.t1_downstream::Scaffold6:16646890-16648890	14.83	tp	1
5-AACAGAGAAAATTTT	STREME-5	8.5e-001	g20910.t1_upstream::Scaffold7:37445616-37447616	14.79	tp	0
5-AACAGAGAAAATTTT	STREME-5	8.5e-001	g11217.t1_upstream::Scaffold3:51609005-51611005	14.76	fp	0
5-AACAGAGAAAATTTT	STREME-5	8.5e-001	g2315.t1_upstream::Scaffold1:41811338-41813338	14.74	fp	0
5-AACAGAGAAAATTTT	STREME-5	8.5e-001	g18662.t1_downstream::Scaffold6:17783690-17785690	14.70	fp	0
5-AACAGAGAAAATTTT	STREME-5	8.5e-001	g11556.t1_downstream::Scaffold3:55173172-55175172	14.70	tp	0
5-AACAGAGAAAATTTT	STREME-5	8.5e-001	g2491.t1_downstream::Scaffold1:43561700-43563700	14.68	tp	0
5-AACAGAGAAAATTTT	STREME-5	8.5e-001	g2491.t2_downstream::Scaffold1:43561700-43563700	14.68	tp	0
5-AACAGAGAAAATTTT	STREME-5	8.5e-001	g11598.t1_upstream::Scaffold3:55470442-55472442	14.67	tp	0
5-AACAGAGAAAATTTT	STREME-5	8.5e-001	g11598.t2_upstream::Scaffold3:55470442-55472442	14.67	tp	0
5-AACAGAGAAAATTTT	STREME-5	8.5e-001	g8982.t1_upstream::Scaffold3:585918-587918	14.64	fp	0
5-AACAGAGAAAATTTT	STREME-5	8.5e-001	g22370.t1_upstream::Scaffold8:13974142-13976142	14.62	tp	0
5-AACAGAGAAAATTTT	STREME-5	8.5e-001	g22370.t2_upstream::Scaffold8:13974142-13976142	14.62	tp	0
5-AACAGAGAAAATTTT	STREME-5	8.5e-001	g22370.t3_upstream::Scaffold8:13974142-13976142	14.62	tp	1
5-AACAGAGAAAATTTT	STREME-5	8.5e-001	g22791.t1_downstream::Scaffold8:33868266-33870266	14.61	fp	0
5-AACAGAGAAAATTTT	STREME-5	8.5e-001	g1720.t1_downstream::Scaffold1:35480485-35482485	14.59	tp	0
5-AACAGAGAAAATTTT	STREME-5	8.5e-001	g23181.t1_downstream::Scaffold8:38986438-38988438	14.57	tp	0
5-AACAGAGAAAATTTT	STREME-5	8.5e-001	g9398.t1_downstream::Scaffold3:5069611-5071611	14.51	tp	0
5-AACAGAGAAAATTTT	STREME-5	8.5e-001	g8284.t1_upstream::Scaffold2:43681377-43683377	14.49	fp	0
5-AACAGAGAAAATTTT	STREME-5	8.5e-001	g6222.t1_upstream::Scaffold2:1295454-1297454	14.47	tp	0
5-AACAGAGAAAATTTT	STREME-5	8.5e-001	g6222.t1_upstream::Scaffold2:1295454-1297454	14.47	fp	0
5-AACAGAGAAAATTTT	STREME-5	8.5e-001	g14837.t1_upstream::Scaffold5:5195280-5197280	14.47	fp	0
5-AACAGAGAAAATTTT	STREME-5	8.5e-001	g21175.t1_downstream::Scaffold7:40289420-40291420	14.47	fp	0
5-AACAGAGAAAATTTT	STREME-5	8.5e-001	g25178.t1_downstream::Scaffold9:35856424-35858424	14.46	fp	0
5-AACAGAGAAAATTTT	STREME-5	8.5e-001	g11025.t1_downstream::Scaffold3:49105243-49107243	14.45	tp	0
5-AACAGAGAAAATTTT	STREME-5	8.5e-001	g14925.t1_downstream::Scaffold5:6265067-6267067	14.36	fp	0
5-AACAGAGAAAATTTT	STREME-5	8.5e-001	g13586.t1_downstream::Scaffold4:30377068-30379068	14.35	fp	0
5-AACAGAGAAAATTTT	STREME-5	8.5e-001	g11068.t1_downstream::Scaffold3:49577193-49579193	14.35	tp	0
5-AACAGAGAAAATTTT	STREME-5	8.5e-001	g6924.t2_upstream::Scaffold2:7410053-7412053	14.35	fp	0
5-AACAGAGAAAATTTT	STREME-5	8.5e-001	g10636.t1_upstream::Scaffold3:43549216-43551216	14.34	tp	0
5-AACAGAGAAAATTTT	STREME-5	8.5e-001	g15773.t1_downstream::Scaffold5:31093650-31095650	14.31	fp	0
5-AACAGAGAAAATTTT	STREME-5	8.5e-001	g21216.t2_upstream::Scaffold7:40876349-40878349	14.30	tp	0
5-AACAGAGAAAATTTT	STREME-5	8.5e-001	g21216.t1_upstream::Scaffold7:40876343-40878343	14.30	tp	0
5-AACAGAGAAAATTTT	STREME-5	8.5e-001	g2254.t1_downstream::Scaffold1:41112135-41114135	14.29	tp	0
5-AACAGAGAAAATTTT	STREME-5	8.5e-001	g24473.t1_downstream::Scaffold9:27741825-27743825	14.27	tp	0
5-AACAGAGAAAATTTT	STREME-5	8.5e-001	g15214.t1_upstream::Scaffold5:10352648-10354648	14.26	fp	0
5-AACAGAGAAAATTTT	STREME-5	8.5e-001	g10696.t1_upstream::Scaffold3:44632962-44634962	14.23	fp	0
5-AACAGAGAAAATTTT	STREME-5	8.5e-001	g25261.t1_downstream::Scaffold9:36605591-36607591	14.22	fp	0
5-AACAGAGAAAATTTT	STREME-5	8.5e-001	g25460.t1_downstream::Scaffold9:38442245-38444245	14.20	fp	0
5-AACAGAGAAAATTTT	STREME-5	8.5e-001	g10636.t1_downstream::Scaffold3:43554575-43556575	14.07	tp	0
5-AACAGAGAAAATTTT	STREME-5	8.5e-001	g23417.t1_upstream::Scaffold8:41166511-41168511	13.96	tp	0
5-AACAGAGAAAATTTT	STREME-5	8.5e-001	g15241.t1_upstream::Scaffold5:10835912-10837912	13.95	tp	0
5-AACAGAGAAAATTTT	STREME-5	8.5e-001	g9893.t2_upstream::Scaffold3:16562608-16564608	13.95	fp	0
5-AACAGAGAAAATTTT	STREME-5	8.5e-001	g13545.t1_downstream::Scaffold4:29913493-29915493	13.91	tp	0
5-AACAGAGAAAATTTT	STREME-5	8.5e-001	g21069.t1_upstream::Scaffold7:39075620-39077620	13.88	fp	0
5-AACAGAGAAAATTTT	STREME-5	8.5e-001	g2005.t1_downstream::Scaffold1:38160116-38162116	13.87	fp	1
5-AACAGAGAAAATTTT	STREME-5	8.5e-001	g16223.t1_downstream::Scaffold5:40591833-40593833	13.85	fp	0
5-AACAGAGAAAATTTT	STREME-5	8.5e-001	g3348.t1_upstream::Scaffold10:13998915-14000915	13.82	fp	0
5-AACAGAGAAAATTTT	STREME-5	8.5e-001	g16269.t1_downstream::Scaffold5:41360874-41362874	13.81	fp	0
5-AACAGAGAAAATTTT	STREME-5	8.5e-001	g23625.t1_downstream::Scaffold8:43191618-43193618	13.80	fp	0
5-AACAGAGAAAATTTT	STREME-5	8.5e-001	g2812.t1_downstream::Scaffold10:1099853-1101853	13.74	fp	0
5-AACAGAGAAAATTTT	STREME-5	8.5e-001	g5706.t1_downstream::Scaffold11:15475064-15477064	13.72	fp	0
5-AACAGAGAAAATTTT	STREME-5	8.5e-001	g13679.t1_downstream::Scaffold4:31616985-31618985	13.70	fp	0
5-AACAGAGAAAATTTT	STREME-5	8.5e-001	g12633.t1_upstream::Scaffold4:20530323-20532323	13.70	fp	0
5-AACAGAGAAAATTTT	STREME-5	8.5e-001	g20744.t1_upstream::Scaffold7:34969651-34971651	13.69	fp	0
5-AACAGAGAAAATTTT	STREME-5	8.5e-001	g24937.t1_downstream::Scaffold9:33556501-33558501	13.69	tp	0
5-AACAGAGAAAATTTT	STREME-5	8.5e-001	g18577.t1_upstream::Scaffold6:16418694-16420694	13.67	tp	0
5-AACAGAGAAAATTTT	STREME-5	8.5e-001	g24653.t1_upstream::Scaffold9:30295629-30297629	13.65	tp	0
5-AACAGAGAAAATTTT	STREME-5	8.5e-001	g22461.t1_upstream::Scaffold8:19002264-19004264	13.61	fp	0
5-AACAGAGAAAATTTT	STREME-5	8.5e-001	g2025.t2_upstream::Scaffold1:38328894-38330894	13.61	tp	0
5-AACAGAGAAAATTTT	STREME-5	8.5e-001	g2025.t1_upstream::Scaffold1:38328894-38330894	13.61	tp	0
5-AACAGAGAAAATTTT	STREME-5	8.5e-001	g12892.t1_downstream::Scaffold4:23373161-23375161	13.61	tp	0
5-AACAGAGAAAATTTT	STREME-5	8.5e-001	g24135.t1_upstream::Scaffold9:17472618-17474618	13.58	fp	0
5-AACAGAGAAAATTTT	STREME-5	8.5e-001	g2857.t1_upstream::Scaffold10:1680180-1682180	13.58	tp	0
5-AACAGAGAAAATTTT	STREME-5	8.5e-001	g9061.t1_downstream::Scaffold3:1334594-1336594	13.57	tp	0
5-AACAGAGAAAATTTT	STREME-5	8.5e-001	g24801.t1_downstream::Scaffold9:32045545-32047545	13.56	fp	0
5-AACAGAGAAAATTTT	STREME-5	8.5e-001	g11389.t1_upstream::Scaffold3:53408373-53410373	13.55	tp	0
