motif_DB	motif_ID	motif_ALT_ID	seq_ID	FASTA_score	PWM_score	class
motif_db/JASPAR/JASPAR2022_CORE_plants_non-redundant_v2.meme	MA1758.1	HSFA1E	g24951.t1_downstream::Scaffold9:33710531-33712531	1510	3390.48	fp
motif_db/JASPAR/JASPAR2022_CORE_plants_non-redundant_v2.meme	MA1758.1	HSFA1E	g5824.t1_upstream::Scaffold11:18774782-18776782	923	2882.53	fp
motif_db/JASPAR/JASPAR2022_CORE_plants_non-redundant_v2.meme	MA1758.1	HSFA1E	g21912.t1_upstream::Scaffold8:4220050-4222050	2231	428.745	fp
motif_db/JASPAR/JASPAR2022_CORE_plants_non-redundant_v2.meme	MA1758.1	HSFA1E	g18412.t1_downstream::Scaffold6:14456399-14458399	634	362.514	fp
motif_db/JASPAR/JASPAR2022_CORE_plants_non-redundant_v2.meme	MA1758.1	HSFA1E	g4820.t2_upstream::Scaffold11:3451220-3453220	1997	337.549	fp
motif_db/JASPAR/JASPAR2022_CORE_plants_non-redundant_v2.meme	MA1758.1	HSFA1E	g4684.t1_downstream::Scaffold11:2158899-2160899	1134	327.365	fp
motif_db/JASPAR/JASPAR2022_CORE_plants_non-redundant_v2.meme	MA1758.1	HSFA1E	g20905.t1_upstream::Scaffold7:37383374-37385374	355	267.701	tp
motif_db/JASPAR/JASPAR2022_CORE_plants_non-redundant_v2.meme	MA1758.1	HSFA1E	g1870.t1_downstream::Scaffold1:36978376-36980376	642	264.707	fp
motif_db/JASPAR/JASPAR2022_CORE_plants_non-redundant_v2.meme	MA1758.1	HSFA1E	g1138.t1_downstream::Scaffold1:29987485-29989485	1256	218.231	fp
motif_db/JASPAR/JASPAR2022_CORE_plants_non-redundant_v2.meme	MA1758.1	HSFA1E	g11462.t1_upstream::Scaffold3:54183138-54185138	167	208.085	tp
motif_db/JASPAR/JASPAR2022_CORE_plants_non-redundant_v2.meme	MA1758.1	HSFA1E	g11463.t1_upstream::Scaffold3:54182730-54184730	169	208.083	tp
motif_db/JASPAR/JASPAR2022_CORE_plants_non-redundant_v2.meme	MA1758.1	HSFA1E	g6323.t1_upstream::Scaffold2:2202969-2204969	671	200.668	fp
motif_db/JASPAR/JASPAR2022_CORE_plants_non-redundant_v2.meme	MA1758.1	HSFA1E	g9550.t1_downstream::Scaffold3:6819198-6821198	142	178.6	tp
motif_db/JASPAR/JASPAR2022_CORE_plants_non-redundant_v2.meme	MA1758.1	HSFA1E	g5703.t1_downstream::Scaffold11:15100555-15102555	1794	177.936	fp
motif_db/JASPAR/JASPAR2022_CORE_plants_non-redundant_v2.meme	MA1758.1	HSFA1E	g19887.t1_upstream::Scaffold7:5818452-5820452	331	144.103	tp
motif_db/JASPAR/JASPAR2022_CORE_plants_non-redundant_v2.meme	MA1758.1	HSFA1E	g14850.t1_upstream::Scaffold5:5342866-5344866	1511	131.59	fp
motif_db/JASPAR/JASPAR2022_CORE_plants_non-redundant_v2.meme	MA1758.1	HSFA1E	g14850.t1_upstream::Scaffold5:5342866-5344866	241	131.59	tp
motif_db/JASPAR/JASPAR2022_CORE_plants_non-redundant_v2.meme	MA1758.1	HSFA1E	g25232.t1_downstream::Scaffold9:36364640-36366640	1090	122.966	fp
motif_db/JASPAR/JASPAR2022_CORE_plants_non-redundant_v2.meme	MA1758.1	HSFA1E	g2850.t1_upstream::Scaffold10:1557217-1559217	39	119.493	tp
motif_db/JASPAR/JASPAR2022_CORE_plants_non-redundant_v2.meme	MA1758.1	HSFA1E	g23905.t1_downstream::Scaffold9:4543980-4545980	1766	99.2076	fp
motif_db/JASPAR/JASPAR2022_CORE_plants_non-redundant_v2.meme	MA1758.1	HSFA1E	g10390.t1_downstream::Scaffold3:38744942-38746942	1754	96.2956	fp
motif_db/JASPAR/JASPAR2022_CORE_plants_non-redundant_v2.meme	MA1758.1	HSFA1E	g6222.t1_upstream::Scaffold2:1295454-1297454	1431	93.4214	fp
motif_db/JASPAR/JASPAR2022_CORE_plants_non-redundant_v2.meme	MA1758.1	HSFA1E	g13289.t1_downstream::Scaffold4:27078593-27080593	524	78.3234	fp
motif_db/JASPAR/JASPAR2022_CORE_plants_non-redundant_v2.meme	MA1758.1	HSFA1E	g1952.t1_upstream::Scaffold1:37728890-37730890	2263	63.6175	fp
motif_db/JASPAR/JASPAR2022_CORE_plants_non-redundant_v2.meme	MA1758.1	HSFA1E	g23436.t1_downstream::Scaffold8:41331152-41333152	404	62.9781	tp
motif_db/JASPAR/JASPAR2022_CORE_plants_non-redundant_v2.meme	MA1758.1	HSFA1E	g22863.t1_downstream::Scaffold8:35225777-35227777	1700	62.5466	fp
motif_db/JASPAR/JASPAR2022_CORE_plants_non-redundant_v2.meme	MA1758.1	HSFA1E	g12442.t1_downstream::Scaffold4:18432582-18434582	2308	52.8985	fp
motif_db/JASPAR/JASPAR2022_CORE_plants_non-redundant_v2.meme	MA1758.1	HSFA1E	g1993.t1_downstream::Scaffold1:38057672-38059672	880	50.072	fp
motif_db/JASPAR/JASPAR2022_CORE_plants_non-redundant_v2.meme	MA1758.1	HSFA1E	g23495.t1_upstream::Scaffold8:41882997-41884997	407	48.1931	tp
motif_db/JASPAR/JASPAR2022_CORE_plants_non-redundant_v2.meme	MA1758.1	HSFA1E	g20937.t1_upstream::Scaffold7:37796928-37798928	1351	44.6442	fp
motif_db/JASPAR/JASPAR2022_CORE_plants_non-redundant_v2.meme	MA1758.1	HSFA1E	g24191.t1_upstream::Scaffold9:20543479-20545479	419	43.198	tp
motif_db/JASPAR/JASPAR2022_CORE_plants_non-redundant_v2.meme	MA1758.1	HSFA1E	g23318.t1_downstream::Scaffold8:40295529-40297529	984	43.0173	fp
motif_db/JASPAR/JASPAR2022_CORE_plants_non-redundant_v2.meme	MA1758.1	HSFA1E	g6888.t1_upstream::Scaffold2:7089614-7091614	95	43.0089	tp
motif_db/JASPAR/JASPAR2022_CORE_plants_non-redundant_v2.meme	MA1758.1	HSFA1E	g11211.t1_upstream::Scaffold3:51537435-51539435	163	40.6288	tp
motif_db/JASPAR/JASPAR2022_CORE_plants_non-redundant_v2.meme	MA1758.1	HSFA1E	g21902.t1_downstream::Scaffold8:4092673-4094673	376	37.9654	tp
motif_db/JASPAR/JASPAR2022_CORE_plants_non-redundant_v2.meme	MA1758.1	HSFA1E	g12470.t1_downstream::Scaffold4:18695358-18697358	194	35.7062	tp
motif_db/JASPAR/JASPAR2022_CORE_plants_non-redundant_v2.meme	MA1758.1	HSFA1E	g24996.t1_downstream::Scaffold9:34206774-34208774	438	34.7391	tp
motif_db/JASPAR/JASPAR2022_CORE_plants_non-redundant_v2.meme	MA1758.1	HSFA1E	g18189.t1_upstream::Scaffold6:12186307-12188307	2219	33.7916	fp
motif_db/JASPAR/JASPAR2022_CORE_plants_non-redundant_v2.meme	MA1758.1	HSFA1E	g25244.t1_upstream::Scaffold9:36510917-36512917	1875	32.675	fp
motif_db/JASPAR/JASPAR2022_CORE_plants_non-redundant_v2.meme	MA1758.1	HSFA1E	g14515.t1_upstream::Scaffold5:1815502-1817502	2203	32.2613	fp
motif_db/JASPAR/JASPAR2022_CORE_plants_non-redundant_v2.meme	MA1758.1	HSFA1E	g17573.t1_downstream::Scaffold6:5713829-5715829	502	30.9358	fp
motif_db/JASPAR/JASPAR2022_CORE_plants_non-redundant_v2.meme	MA1758.1	HSFA1E	g9550.t1_upstream::Scaffold3:6824679-6826679	141	28.4443	tp
motif_db/JASPAR/JASPAR2022_CORE_plants_non-redundant_v2.meme	MA1758.1	HSFA1E	g18894.t2_upstream::Scaffold6:21903415-21905415	1947	24.489	fp
motif_db/JASPAR/JASPAR2022_CORE_plants_non-redundant_v2.meme	MA1758.1	HSFA1E	g22518.t1_downstream::Scaffold8:25467400-25469400	2242	24.0787	fp
motif_db/JASPAR/JASPAR2022_CORE_plants_non-redundant_v2.meme	MA1758.1	HSFA1E	g19928.t1_downstream::Scaffold7:6626125-6628125	640	23.8668	fp
motif_db/JASPAR/JASPAR2022_CORE_plants_non-redundant_v2.meme	MA1758.1	HSFA1E	g3057.t1_upstream::Scaffold10:5146560-5148560	723	23.0376	fp
motif_db/JASPAR/JASPAR2022_CORE_plants_non-redundant_v2.meme	MA1758.1	HSFA1E	g23085.t1_upstream::Scaffold8:37983809-37985809	395	22.4766	tp
motif_db/JASPAR/JASPAR2022_CORE_plants_non-redundant_v2.meme	MA1758.1	HSFA1E	g3828.t1_upstream::Scaffold10:31751435-31753435	853	21.9927	fp
motif_db/JASPAR/JASPAR2022_CORE_plants_non-redundant_v2.meme	MA1758.1	HSFA1E	g5226.t1_upstream::Scaffold11:7325869-7327869	679	21.7752	fp
motif_db/JASPAR/JASPAR2022_CORE_plants_non-redundant_v2.meme	MA1758.1	HSFA1E	g15322.t1_downstream::Scaffold5:12516396-12518396	248	20.7202	tp
motif_db/JASPAR/JASPAR2022_CORE_plants_non-redundant_v2.meme	MA1758.1	HSFA1E	g1934.t1_upstream::Scaffold1:37549672-37551672	33	20.5139	tp
motif_db/JASPAR/JASPAR2022_CORE_plants_non-redundant_v2.meme	MA1758.1	HSFA1E	g7697.t1_upstream::Scaffold2:17042478-17044478	105	19.4079	tp
motif_db/JASPAR/JASPAR2022_CORE_plants_non-redundant_v2.meme	MA1758.1	HSFA1E	g4079.t1_upstream::Scaffold10:34550434-34552434	53	18.9188	tp
motif_db/JASPAR/JASPAR2022_CORE_plants_non-redundant_v2.meme	MA1758.1	HSFA1E	g8567.t1_downstream::Scaffold2:50280114-50282114	120	18.8214	tp
motif_db/JASPAR/JASPAR2022_CORE_plants_non-redundant_v2.meme	MA1758.1	HSFA1E	g1626.t1_downstream::Scaffold1:34667843-34669843	28	18.5341	tp
motif_db/JASPAR/JASPAR2022_CORE_plants_non-redundant_v2.meme	MA1758.1	HSFA1E	g23328.t1_upstream::Scaffold8:40364900-40366900	2289	18.451	fp
motif_db/JASPAR/JASPAR2022_CORE_plants_non-redundant_v2.meme	MA1758.1	HSFA1E	g21311.t1_downstream::Scaffold7:41793375-41795375	722	16.9819	fp
motif_db/JASPAR/JASPAR2022_CORE_plants_non-redundant_v2.meme	MA1758.1	HSFA1E	g24002.t1_downstream::Scaffold9:8803289-8805289	852	16.4409	fp
motif_db/JASPAR/JASPAR2022_CORE_plants_non-redundant_v2.meme	MA1758.1	HSFA1E	g2094.t1_upstream::Scaffold1:39085515-39087515	1635	15.7417	fp
motif_db/JASPAR/JASPAR2022_CORE_plants_non-redundant_v2.meme	MA1758.1	HSFA1E	g19255.t1_upstream::Scaffold6:38995765-38997765	921	15.6603	fp
motif_db/JASPAR/JASPAR2022_CORE_plants_non-redundant_v2.meme	MA1758.1	HSFA1E	g20268.t1_downstream::Scaffold7:18461170-18463170	2368	15.5768	fp
motif_db/JASPAR/JASPAR2022_CORE_plants_non-redundant_v2.meme	MA1758.1	HSFA1E	g23330.t1_upstream::Scaffold8:40370065-40372065	1067	15.0995	fp
motif_db/JASPAR/JASPAR2022_CORE_plants_non-redundant_v2.meme	MA1758.1	HSFA1E	g17561.t1_downstream::Scaffold6:5551861-5553861	1556	14.8614	fp
motif_db/JASPAR/JASPAR2022_CORE_plants_non-redundant_v2.meme	MA1758.1	HSFA1E	g19475.t2_upstream::Scaffold7:439776-441776	587	14.686	fp
motif_db/JASPAR/JASPAR2022_CORE_plants_non-redundant_v2.meme	MA1758.1	HSFA1E	g4080.t1_upstream::Scaffold10:34550137-34552137	55	14.4359	tp
motif_db/JASPAR/JASPAR2022_CORE_plants_non-redundant_v2.meme	MA1758.1	HSFA1E	g2281.t1_upstream::Scaffold1:41398019-41400019	2061	14.0839	fp
motif_db/JASPAR/JASPAR2022_CORE_plants_non-redundant_v2.meme	MA1758.1	HSFA1E	g12781.t1_downstream::Scaffold4:22305811-22307811	1234	13.1378	fp
motif_db/JASPAR/JASPAR2022_CORE_plants_non-redundant_v2.meme	MA1758.1	HSFA1E	g9170.t2_upstream::Scaffold3:2445089-2447089	133	12.5222	tp
motif_db/JASPAR/JASPAR2022_CORE_plants_non-redundant_v2.meme	MA1758.1	HSFA1E	g9170.t1_upstream::Scaffold3:2445086-2447086	131	12.5222	tp
motif_db/JASPAR/JASPAR2022_CORE_plants_non-redundant_v2.meme	MA1758.1	HSFA1E	g21404.t1_downstream::Scaffold7:42845024-42847024	362	12.3475	tp
motif_db/JASPAR/JASPAR2022_CORE_plants_non-redundant_v2.meme	MA1758.1	HSFA1E	g3503.t1_downstream::Scaffold10:25338661-25340661	648	12.3328	fp
motif_db/JASPAR/JASPAR2022_CORE_plants_non-redundant_v2.meme	MA1758.1	HSFA1E	g22883.t1_upstream::Scaffold8:35467174-35469174	1663	11.6858	fp
motif_db/JASPAR/JASPAR2022_CORE_plants_non-redundant_v2.meme	MA1758.1	HSFA1E	g21419.t1_upstream::Scaffold7:42954997-42956997	363	11.6727	tp
motif_db/JASPAR/JASPAR2022_CORE_plants_non-redundant_v2.meme	MA1758.1	HSFA1E	g6853.t1_upstream::Scaffold2:6738324-6740324	1531	11.3967	fp
motif_db/JASPAR/JASPAR2022_CORE_plants_non-redundant_v2.meme	MA1758.1	HSFA1E	g18439.t1_downstream::Scaffold6:14769422-14771422	1098	11.1634	fp
motif_db/JASPAR/JASPAR2022_CORE_plants_non-redundant_v2.meme	MA1758.1	HSFA1E	g4498.t1_downstream::Scaffold11:547995-549995	64	10.7479	tp
motif_db/JASPAR/JASPAR2022_CORE_plants_non-redundant_v2.meme	MA1758.1	HSFA1E	g22197.t1_upstream::Scaffold8:8977135-8979135	1039	10.5532	fp
motif_db/JASPAR/JASPAR2022_CORE_plants_non-redundant_v2.meme	MA1758.1	HSFA1E	g20076.t1_downstream::Scaffold7:9734229-9736229	338	10.1835	tp
motif_db/JASPAR/JASPAR2022_CORE_plants_non-redundant_v2.meme	MA1758.1	HSFA1E	g9670.t1_downstream::Scaffold3:8839836-8841836	1142	9.82282	fp
motif_db/JASPAR/JASPAR2022_CORE_plants_non-redundant_v2.meme	MA1758.1	HSFA1E	g25319.t1_upstream::Scaffold9:37125308-37127308	441	9.34725	tp
motif_db/JASPAR/JASPAR2022_CORE_plants_non-redundant_v2.meme	MA1758.1	HSFA1E	g2210.t1_downstream::Scaffold1:40575103-40577103	670	9.32899	fp
motif_db/JASPAR/JASPAR2022_CORE_plants_non-redundant_v2.meme	MA1758.1	HSFA1E	g11621.t1_downstream::Scaffold3:55705160-55707160	764	9.12182	fp
motif_db/JASPAR/JASPAR2022_CORE_plants_non-redundant_v2.meme	MA1758.1	HSFA1E	g23321.t1_upstream::Scaffold8:40306247-40308247	399	8.955	tp
motif_db/JASPAR/JASPAR2022_CORE_plants_non-redundant_v2.meme	MA1758.1	HSFA1E	g21980.t2_upstream::Scaffold8:4927689-4929689	1069	8.81627	fp
motif_db/JASPAR/JASPAR2022_CORE_plants_non-redundant_v2.meme	MA1758.1	HSFA1E	g16008.t1_upstream::Scaffold5:37152452-37154452	2387	8.13023	fp
motif_db/JASPAR/JASPAR2022_CORE_plants_non-redundant_v2.meme	MA1758.1	HSFA1E	g25306.t1_upstream::Scaffold9:37020228-37022228	439	8.11068	tp
motif_db/JASPAR/JASPAR2022_CORE_plants_non-redundant_v2.meme	MA1758.1	HSFA1E	g16494.t1_upstream::Scaffold5:44770096-44772096	2419	8.0914	fp
motif_db/JASPAR/JASPAR2022_CORE_plants_non-redundant_v2.meme	MA1758.1	HSFA1E	g21090.t1_upstream::Scaffold7:39389331-39391331	357	7.81613	tp
motif_db/JASPAR/JASPAR2022_CORE_plants_non-redundant_v2.meme	MA1758.1	HSFA1E	g8901.t1_downstream::Scaffold2:54659626-54661626	562	7.68484	fp
motif_db/JASPAR/JASPAR2022_CORE_plants_non-redundant_v2.meme	MA1758.1	HSFA1E	g9434.t1_upstream::Scaffold3:5474788-5476788	1823	7.26707	fp
motif_db/JASPAR/JASPAR2022_CORE_plants_non-redundant_v2.meme	MA1758.1	HSFA1E	g9893.t2_upstream::Scaffold3:16562608-16564608	2165	6.96021	fp
motif_db/JASPAR/JASPAR2022_CORE_plants_non-redundant_v2.meme	MA1758.1	HSFA1E	g16343.t1_upstream::Scaffold5:42236374-42238374	269	6.82205	tp
motif_db/JASPAR/JASPAR2022_CORE_plants_non-redundant_v2.meme	MA1758.1	HSFA1E	g24251.t2_upstream::Scaffold9:22740396-22742396	423	6.46379	tp
motif_db/JASPAR/JASPAR2022_CORE_plants_non-redundant_v2.meme	MA1758.1	HSFA1E	g24251.t1_upstream::Scaffold9:22740387-22742387	421	6.46379	tp
motif_db/JASPAR/JASPAR2022_CORE_plants_non-redundant_v2.meme	MA1758.1	HSFA1E	g8000.t1_downstream::Scaffold2:24696292-24698292	1622	6.36975	fp
motif_db/JASPAR/JASPAR2022_CORE_plants_non-redundant_v2.meme	MA1758.1	HSFA1E	g17922.t1_upstream::Scaffold6:9303964-9305964	2109	6.30749	fp
motif_db/JASPAR/JASPAR2022_CORE_plants_non-redundant_v2.meme	MA1758.1	HSFA1E	g19193.t1_downstream::Scaffold6:33734422-33736422	1584	6.22219	fp
motif_db/JASPAR/JASPAR2022_CORE_plants_non-redundant_v2.meme	MA1758.1	HSFA1E	g3408.t2_upstream::Scaffold10:21376940-21378940	1653	6.19236	fp
motif_db/JASPAR/JASPAR2022_CORE_plants_non-redundant_v2.meme	MA1758.1	HSFA1E	g4267.t1_upstream::Scaffold10:36329227-36331227	2141	6.1256	fp
motif_db/JASPAR/JASPAR2022_CORE_plants_non-redundant_v2.meme	MA1758.1	HSFA1E	g4948.t1_downstream::Scaffold11:4601356-4603356	850	6.09691	fp
motif_db/JASPAR/JASPAR2022_CORE_plants_non-redundant_v2.meme	MA1758.1	HSFA1E	g20870.t1_upstream::Scaffold7:36998863-37000863	351	5.95837	tp
motif_db/JASPAR/JASPAR2022_CORE_plants_non-redundant_v2.meme	MA1758.1	HSFA1E	g23079.t1_upstream::Scaffold8:37935673-37937673	727	5.9338	fp
motif_db/JASPAR/JASPAR2022_CORE_plants_non-redundant_v2.meme	MA1758.1	HSFA1E	g14396.t1_downstream::Scaffold5:641298-643298	222	5.65048	tp
motif_db/JASPAR/JASPAR2022_CORE_plants_non-redundant_v2.meme	MA1758.1	HSFA1E	g7541.t1_upstream::Scaffold2:13757002-13759002	1827	5.50527	fp
motif_db/JASPAR/JASPAR2022_CORE_plants_non-redundant_v2.meme	MA1758.1	HSFA1E	g4755.t1_downstream::Scaffold11:2816098-2818098	2052	5.47855	fp
motif_db/JASPAR/JASPAR2022_CORE_plants_non-redundant_v2.meme	MA1758.1	HSFA1E	g3522.t1_upstream::Scaffold10:25807759-25809759	1475	5.38896	fp
motif_db/JASPAR/JASPAR2022_CORE_plants_non-redundant_v2.meme	MA1758.1	HSFA1E	g21404.t1_upstream::Scaffold7:42841024-42843024	361	5.34369	tp
motif_db/JASPAR/JASPAR2022_CORE_plants_non-redundant_v2.meme	MA1758.1	HSFA1E	g5936.t1_downstream::Scaffold11:26989668-26991668	1932	5.03442	fp
motif_db/JASPAR/JASPAR2022_CORE_plants_non-redundant_v2.meme	MA1758.1	HSFA1E	g5685.t1_downstream::Scaffold11:14427550-14429550	1450	5.03293	fp
motif_db/JASPAR/JASPAR2022_CORE_plants_non-redundant_v2.meme	MA1758.1	HSFA1E	g23079.t1_downstream::Scaffold8:37927064-37929064	728	4.93331	fp
motif_db/JASPAR/JASPAR2022_CORE_plants_non-redundant_v2.meme	MA1758.1	HSFA1E	g13105.t1_upstream::Scaffold4:25354663-25356663	213	4.6042	tp
motif_db/JASPAR/JASPAR2022_CORE_plants_non-redundant_v2.meme	MA1758.1	HSFA1E	g5238.t1_upstream::Scaffold11:7460806-7462806	1889	4.50605	fp
motif_db/JASPAR/JASPAR2022_CORE_plants_non-redundant_v2.meme	MA1758.1	HSFA1E	g16149.t1_upstream::Scaffold5:39384895-39386895	261	4.45271	tp
motif_db/JASPAR/JASPAR2022_CORE_plants_non-redundant_v2.meme	MA1758.1	HSFA1E	g6769.t1_upstream::Scaffold2:5965365-5967365	93	4.42276	tp
motif_db/JASPAR/JASPAR2022_CORE_plants_non-redundant_v2.meme	MA1758.1	HSFA1E	g3135.t1_upstream::Scaffold10:6810417-6812417	1315	4.05849	fp
motif_db/JASPAR/JASPAR2022_CORE_plants_non-redundant_v2.meme	MA1758.1	HSFA1E	g19598.t2_downstream::Scaffold7:1692214-1694214	328	3.87098	tp
motif_db/JASPAR/JASPAR2022_CORE_plants_non-redundant_v2.meme	MA1758.1	HSFA1E	g19598.t1_downstream::Scaffold7:1692214-1694214	326	3.87098	tp
motif_db/JASPAR/JASPAR2022_CORE_plants_non-redundant_v2.meme	MA1758.1	HSFA1E	g2505.t1_downstream::Scaffold1:43894707-43896707	1132	3.65619	fp
motif_db/JASPAR/JASPAR2022_CORE_plants_non-redundant_v2.meme	MA1758.1	HSFA1E	g11504.t1_upstream::Scaffold3:54651423-54653423	175	3.55286	tp
motif_db/JASPAR/JASPAR2022_CORE_plants_non-redundant_v2.meme	MA1758.1	HSFA1E	g9169.t1_downstream::Scaffold3:2441585-2443585	702	3.39987	fp
motif_db/JASPAR/JASPAR2022_CORE_plants_non-redundant_v2.meme	MA1758.1	HSFA1E	g16979.t1_downstream::Scaffold6:206514-208514	280	3.38609	tp
motif_db/JASPAR/JASPAR2022_CORE_plants_non-redundant_v2.meme	MA1758.1	HSFA1E	g21353.t1_upstream::Scaffold7:42276842-42278842	1593	3.37648	fp
motif_db/JASPAR/JASPAR2022_CORE_plants_non-redundant_v2.meme	MA1758.1	HSFA1E	g9170.t2_downstream::Scaffold3:2440415-2442415	134	3.36029	tp
motif_db/JASPAR/JASPAR2022_CORE_plants_non-redundant_v2.meme	MA1758.1	HSFA1E	g9170.t1_downstream::Scaffold3:2440415-2442415	132	3.36029	tp
motif_db/JASPAR/JASPAR2022_CORE_plants_non-redundant_v2.meme	MA1758.1	HSFA1E	g978.t1_upstream::Scaffold1:28392195-28394195	1711	3.35688	fp
motif_db/JASPAR/JASPAR2022_CORE_plants_non-redundant_v2.meme	MA1758.1	HSFA1E	g22878.t1_upstream::Scaffold8:35417831-35419831	1393	3.35527	fp
motif_db/JASPAR/JASPAR2022_CORE_plants_non-redundant_v2.meme	MA1758.1	HSFA1E	g23318.t1_upstream::Scaffold8:40298360-40300360	983	3.26789	fp
motif_db/JASPAR/JASPAR2022_CORE_plants_non-redundant_v2.meme	MA1758.1	HSFA1E	g24818.t1_upstream::Scaffold9:32202392-32204392	1743	3.24886	fp
motif_db/JASPAR/JASPAR2022_CORE_plants_non-redundant_v2.meme	MA1758.1	HSFA1E	g10583.t1_upstream::Scaffold3:42683979-42685979	1103	3.18863	fp
motif_db/JASPAR/JASPAR2022_CORE_plants_non-redundant_v2.meme	MA1758.1	HSFA1E	g547.t1_downstream::Scaffold1:22116521-22118521	460	3.16597	fp
motif_db/JASPAR/JASPAR2022_CORE_plants_non-redundant_v2.meme	MA1758.1	HSFA1E	g5964.t1_downstream::Scaffold11:28446389-28448389	842	3.09488	fp
motif_db/JASPAR/JASPAR2022_CORE_plants_non-redundant_v2.meme	MA1758.1	HSFA1E	g7276.t1_upstream::Scaffold2:10897044-10899044	99	2.99815	tp
motif_db/JASPAR/JASPAR2022_CORE_plants_non-redundant_v2.meme	MA1758.1	HSFA1E	g8667.t1_downstream::Scaffold2:51814236-51816236	1004	2.92883	fp
motif_db/JASPAR/JASPAR2022_CORE_plants_non-redundant_v2.meme	MA1758.1	HSFA1E	g12808.t1_upstream::Scaffold4:22560645-22562645	205	2.85782	tp
motif_db/JASPAR/JASPAR2022_CORE_plants_non-redundant_v2.meme	MA1758.1	HSFA1E	g1211.t1_downstream::Scaffold1:30731809-30733809	1324	2.85414	fp
motif_db/JASPAR/JASPAR2022_CORE_plants_non-redundant_v2.meme	MA1758.1	HSFA1E	g23616.t1_downstream::Scaffold8:43122807-43124807	688	2.79886	fp
motif_db/JASPAR/JASPAR2022_CORE_plants_non-redundant_v2.meme	MA1758.1	HSFA1E	g2547.t1_downstream::Scaffold1:44430134-44432134	1822	2.75741	fp
motif_db/JASPAR/JASPAR2022_CORE_plants_non-redundant_v2.meme	MA1758.1	HSFA1E	g17573.t1_upstream::Scaffold6:5711200-5713200	501	2.71216	fp
motif_db/JASPAR/JASPAR2022_CORE_plants_non-redundant_v2.meme	MA1758.1	HSFA1E	g23639.t3_upstream::Scaffold8:43293320-43295320	413	2.67998	tp
motif_db/JASPAR/JASPAR2022_CORE_plants_non-redundant_v2.meme	MA1758.1	HSFA1E	g23639.t2_upstream::Scaffold8:43293320-43295320	411	2.67998	tp
motif_db/JASPAR/JASPAR2022_CORE_plants_non-redundant_v2.meme	MA1758.1	HSFA1E	g23639.t1_upstream::Scaffold8:43293320-43295320	409	2.67998	tp
motif_db/JASPAR/JASPAR2022_CORE_plants_non-redundant_v2.meme	MA1758.1	HSFA1E	g25371.t1_upstream::Scaffold9:37667077-37669077	507	2.67545	fp
motif_db/JASPAR/JASPAR2022_CORE_plants_non-redundant_v2.meme	MA1758.1	HSFA1E	g9817.t1_downstream::Scaffold3:13852997-13854997	1536	2.67391	fp
motif_db/JASPAR/JASPAR2022_CORE_plants_non-redundant_v2.meme	MA1758.1	HSFA1E	g12609.t1_downstream::Scaffold4:20234168-20236168	1506	2.63147	fp
motif_db/JASPAR/JASPAR2022_CORE_plants_non-redundant_v2.meme	MA1758.1	HSFA1E	g18201.t1_downstream::Scaffold6:12287744-12289744	492	2.61291	fp
motif_db/JASPAR/JASPAR2022_CORE_plants_non-redundant_v2.meme	MA1758.1	HSFA1E	g4950.t1_upstream::Scaffold11:4622973-4624973	709	2.56544	fp
motif_db/JASPAR/JASPAR2022_CORE_plants_non-redundant_v2.meme	MA1758.1	HSFA1E	g4853.t1_downstream::Scaffold11:3740145-3742145	592	2.53177	fp
motif_db/JASPAR/JASPAR2022_CORE_plants_non-redundant_v2.meme	MA1758.1	HSFA1E	g10541.t2_downstream::Scaffold3:41988178-41990178	1524	2.51943	fp
motif_db/JASPAR/JASPAR2022_CORE_plants_non-redundant_v2.meme	MA1758.1	HSFA1E	g6703.t1_upstream::Scaffold2:5231351-5233351	1119	2.43364	fp
motif_db/JASPAR/JASPAR2022_CORE_plants_non-redundant_v2.meme	MA1758.1	HSFA1E	g24387.t1_upstream::Scaffold9:26622032-26624032	867	2.40897	fp
motif_db/JASPAR/JASPAR2022_CORE_plants_non-redundant_v2.meme	MA1758.1	HSFA1E	g10947.t1_downstream::Scaffold3:48222039-48224039	2440	2.31649	fp
motif_db/JASPAR/JASPAR2022_CORE_plants_non-redundant_v2.meme	MA1758.1	HSFA1E	g10917.t1_upstream::Scaffold3:47857229-47859229	2029	2.3115	fp
motif_db/JASPAR/JASPAR2022_CORE_plants_non-redundant_v2.meme	MA1758.1	HSFA1E	g20953.t2_downstream::Scaffold7:37949661-37951661	1660	2.29466	fp
motif_db/JASPAR/JASPAR2022_CORE_plants_non-redundant_v2.meme	MA1758.1	HSFA1E	g8511.t1_upstream::Scaffold2:49214104-49216104	115	2.29464	tp
motif_db/JASPAR/JASPAR2022_CORE_plants_non-redundant_v2.meme	MA1758.1	HSFA1E	g15559.t1_upstream::Scaffold5:19453043-19455043	2047	2.27123	fp
motif_db/JASPAR/JASPAR2022_CORE_plants_non-redundant_v2.meme	MA1758.1	HSFA1E	g10763.t2_downstream::Scaffold3:45522609-45524609	158	2.26781	tp
motif_db/JASPAR/JASPAR2022_CORE_plants_non-redundant_v2.meme	MA1758.1	HSFA1E	g10763.t1_downstream::Scaffold3:45522609-45524609	156	2.26781	tp
motif_db/JASPAR/JASPAR2022_CORE_plants_non-redundant_v2.meme	MA1758.1	HSFA1E	g16552.t1_upstream::Scaffold5:45549198-45551198	863	2.26649	fp
motif_db/JASPAR/JASPAR2022_CORE_plants_non-redundant_v2.meme	MA1758.1	HSFA1E	g18774.t1_upstream::Scaffold6:19465032-19467032	1341	2.18812	fp
motif_db/JASPAR/JASPAR2022_CORE_plants_non-redundant_v2.meme	MA1758.1	HSFA1E	g10743.t1_downstream::Scaffold3:45308872-45310872	1108	2.17319	fp
motif_db/JASPAR/JASPAR2022_CORE_plants_non-redundant_v2.meme	MA1758.1	HSFA1E	g13341.t1_downstream::Scaffold4:27533652-27535652	1212	2.08882	fp
motif_db/JASPAR/JASPAR2022_CORE_plants_non-redundant_v2.meme	MA1758.1	HSFA1E	g19930.t1_downstream::Scaffold7:6649901-6651901	580	2.08202	fp
motif_db/JASPAR/JASPAR2022_CORE_plants_non-redundant_v2.meme	MA1758.1	HSFA1E	g22904.t3_upstream::Scaffold8:35765616-35767616	387	2.03596	tp
motif_db/JASPAR/JASPAR2022_CORE_plants_non-redundant_v2.meme	MA1758.1	HSFA1E	g22904.t2_upstream::Scaffold8:35765616-35767616	385	2.03596	tp
motif_db/JASPAR/JASPAR2022_CORE_plants_non-redundant_v2.meme	MA1758.1	HSFA1E	g22904.t1_upstream::Scaffold8:35765616-35767616	383	2.03596	tp
motif_db/JASPAR/JASPAR2022_CORE_plants_non-redundant_v2.meme	MA1758.1	HSFA1E	g24645.t1_upstream::Scaffold9:30203204-30205204	1551	1.99122	fp
motif_db/JASPAR/JASPAR2022_CORE_plants_non-redundant_v2.meme	MA1758.1	HSFA1E	g19889.t1_upstream::Scaffold7:5839918-5841918	333	1.9733	tp
motif_db/JASPAR/JASPAR2022_CORE_plants_non-redundant_v2.meme	MA1758.1	HSFA1E	g19889.t2_upstream::Scaffold7:5839863-5841863	335	1.97329	tp
#
motif_db/JASPAR/JASPAR2022_CORE_plants_non-redundant_v2.meme	MA1759.1	HSFA4A	g24951.t1_downstream::Scaffold9:33710531-33712531	1510	9977.43	fp
motif_db/JASPAR/JASPAR2022_CORE_plants_non-redundant_v2.meme	MA1759.1	HSFA4A	g5824.t1_upstream::Scaffold11:18774782-18776782	923	5819.37	fp
motif_db/JASPAR/JASPAR2022_CORE_plants_non-redundant_v2.meme	MA1759.1	HSFA4A	g9550.t1_downstream::Scaffold3:6819198-6821198	142	209.77	tp
motif_db/JASPAR/JASPAR2022_CORE_plants_non-redundant_v2.meme	MA1759.1	HSFA4A	g11463.t1_upstream::Scaffold3:54182730-54184730	169	186.169	tp
motif_db/JASPAR/JASPAR2022_CORE_plants_non-redundant_v2.meme	MA1759.1	HSFA4A	g11462.t1_upstream::Scaffold3:54183138-54185138	167	186.169	tp
motif_db/JASPAR/JASPAR2022_CORE_plants_non-redundant_v2.meme	MA1759.1	HSFA4A	g11211.t1_upstream::Scaffold3:51537435-51539435	163	178.047	tp
motif_db/JASPAR/JASPAR2022_CORE_plants_non-redundant_v2.meme	MA1759.1	HSFA4A	g20905.t1_upstream::Scaffold7:37383374-37385374	355	165.414	tp
motif_db/JASPAR/JASPAR2022_CORE_plants_non-redundant_v2.meme	MA1759.1	HSFA4A	g19887.t1_upstream::Scaffold7:5818452-5820452	331	152.231	tp
motif_db/JASPAR/JASPAR2022_CORE_plants_non-redundant_v2.meme	MA1759.1	HSFA4A	g24996.t1_downstream::Scaffold9:34206774-34208774	438	147.443	tp
motif_db/JASPAR/JASPAR2022_CORE_plants_non-redundant_v2.meme	MA1759.1	HSFA4A	g4684.t1_downstream::Scaffold11:2158899-2160899	1134	141.679	fp
motif_db/JASPAR/JASPAR2022_CORE_plants_non-redundant_v2.meme	MA1759.1	HSFA4A	g23071.t2_upstream::Scaffold8:37851518-37853518	393	136.204	tp
motif_db/JASPAR/JASPAR2022_CORE_plants_non-redundant_v2.meme	MA1759.1	HSFA4A	g23071.t1_upstream::Scaffold8:37851518-37853518	391	136.204	tp
motif_db/JASPAR/JASPAR2022_CORE_plants_non-redundant_v2.meme	MA1759.1	HSFA4A	g21311.t1_downstream::Scaffold7:41793375-41795375	722	91.4207	fp
motif_db/JASPAR/JASPAR2022_CORE_plants_non-redundant_v2.meme	MA1759.1	HSFA4A	g21902.t1_downstream::Scaffold8:4092673-4094673	376	88.3686	tp
motif_db/JASPAR/JASPAR2022_CORE_plants_non-redundant_v2.meme	MA1759.1	HSFA4A	g5703.t1_downstream::Scaffold11:15100555-15102555	1794	80.3149	fp
motif_db/JASPAR/JASPAR2022_CORE_plants_non-redundant_v2.meme	MA1759.1	HSFA4A	g21912.t1_upstream::Scaffold8:4220050-4222050	2231	78.661	fp
motif_db/JASPAR/JASPAR2022_CORE_plants_non-redundant_v2.meme	MA1759.1	HSFA4A	g12470.t1_downstream::Scaffold4:18695358-18697358	194	71.5876	tp
motif_db/JASPAR/JASPAR2022_CORE_plants_non-redundant_v2.meme	MA1759.1	HSFA4A	g18412.t1_downstream::Scaffold6:14456399-14458399	634	68.1628	fp
motif_db/JASPAR/JASPAR2022_CORE_plants_non-redundant_v2.meme	MA1759.1	HSFA4A	g23495.t1_upstream::Scaffold8:41882997-41884997	407	60.2619	tp
motif_db/JASPAR/JASPAR2022_CORE_plants_non-redundant_v2.meme	MA1759.1	HSFA4A	g2850.t1_upstream::Scaffold10:1557217-1559217	39	59.6274	tp
motif_db/JASPAR/JASPAR2022_CORE_plants_non-redundant_v2.meme	MA1759.1	HSFA4A	g1870.t1_downstream::Scaffold1:36978376-36980376	642	55.4696	fp
motif_db/JASPAR/JASPAR2022_CORE_plants_non-redundant_v2.meme	MA1759.1	HSFA4A	g8667.t1_downstream::Scaffold2:51814236-51816236	1004	49.5539	fp
motif_db/JASPAR/JASPAR2022_CORE_plants_non-redundant_v2.meme	MA1759.1	HSFA4A	g21404.t1_downstream::Scaffold7:42845024-42847024	362	49.0571	tp
motif_db/JASPAR/JASPAR2022_CORE_plants_non-redundant_v2.meme	MA1759.1	HSFA4A	g23905.t1_downstream::Scaffold9:4543980-4545980	1766	44.2828	fp
motif_db/JASPAR/JASPAR2022_CORE_plants_non-redundant_v2.meme	MA1759.1	HSFA4A	g14850.t1_upstream::Scaffold5:5342866-5344866	1511	42.7917	fp
motif_db/JASPAR/JASPAR2022_CORE_plants_non-redundant_v2.meme	MA1759.1	HSFA4A	g14850.t1_upstream::Scaffold5:5342866-5344866	241	42.7917	tp
motif_db/JASPAR/JASPAR2022_CORE_plants_non-redundant_v2.meme	MA1759.1	HSFA4A	g4820.t2_upstream::Scaffold11:3451220-3453220	1997	41.4048	fp
motif_db/JASPAR/JASPAR2022_CORE_plants_non-redundant_v2.meme	MA1759.1	HSFA4A	g4948.t1_downstream::Scaffold11:4601356-4603356	850	40.883	fp
motif_db/JASPAR/JASPAR2022_CORE_plants_non-redundant_v2.meme	MA1759.1	HSFA4A	g6222.t1_upstream::Scaffold2:1295454-1297454	1431	40.6546	fp
motif_db/JASPAR/JASPAR2022_CORE_plants_non-redundant_v2.meme	MA1759.1	HSFA4A	g15322.t1_downstream::Scaffold5:12516396-12518396	248	37.7851	tp
motif_db/JASPAR/JASPAR2022_CORE_plants_non-redundant_v2.meme	MA1759.1	HSFA4A	g7697.t1_upstream::Scaffold2:17042478-17044478	105	34.8436	tp
motif_db/JASPAR/JASPAR2022_CORE_plants_non-redundant_v2.meme	MA1759.1	HSFA4A	g24645.t1_upstream::Scaffold9:30203204-30205204	1551	34.7977	fp
motif_db/JASPAR/JASPAR2022_CORE_plants_non-redundant_v2.meme	MA1759.1	HSFA4A	g5875.t1_downstream::Scaffold11:21538242-21540242	1922	32.9931	fp
motif_db/JASPAR/JASPAR2022_CORE_plants_non-redundant_v2.meme	MA1759.1	HSFA4A	g21090.t1_upstream::Scaffold7:39389331-39391331	357	26.1829	tp
motif_db/JASPAR/JASPAR2022_CORE_plants_non-redundant_v2.meme	MA1759.1	HSFA4A	g9550.t1_upstream::Scaffold3:6824679-6826679	141	26.1181	tp
motif_db/JASPAR/JASPAR2022_CORE_plants_non-redundant_v2.meme	MA1759.1	HSFA4A	g8657.t1_downstream::Scaffold2:51715576-51717576	510	23.8692	fp
motif_db/JASPAR/JASPAR2022_CORE_plants_non-redundant_v2.meme	MA1759.1	HSFA4A	g18774.t1_upstream::Scaffold6:19465032-19467032	1341	23.7238	fp
motif_db/JASPAR/JASPAR2022_CORE_plants_non-redundant_v2.meme	MA1759.1	HSFA4A	g16797.t1_upstream::Scaffold5:48576576-48578576	833	23.712	fp
motif_db/JASPAR/JASPAR2022_CORE_plants_non-redundant_v2.meme	MA1759.1	HSFA4A	g6323.t1_upstream::Scaffold2:2202969-2204969	671	22.7369	fp
motif_db/JASPAR/JASPAR2022_CORE_plants_non-redundant_v2.meme	MA1759.1	HSFA4A	g7915.t1_downstream::Scaffold2:22054995-22056995	734	20.5949	fp
motif_db/JASPAR/JASPAR2022_CORE_plants_non-redundant_v2.meme	MA1759.1	HSFA4A	g20077.t1_upstream::Scaffold7:9740439-9742439	339	20.4104	tp
motif_db/JASPAR/JASPAR2022_CORE_plants_non-redundant_v2.meme	MA1759.1	HSFA4A	g21980.t2_upstream::Scaffold8:4927689-4929689	1069	20.1283	fp
motif_db/JASPAR/JASPAR2022_CORE_plants_non-redundant_v2.meme	MA1759.1	HSFA4A	g20870.t1_upstream::Scaffold7:36998863-37000863	351	20.0458	tp
motif_db/JASPAR/JASPAR2022_CORE_plants_non-redundant_v2.meme	MA1759.1	HSFA4A	g19853.t1_downstream::Scaffold7:5318408-5320408	994	19.9595	fp
motif_db/JASPAR/JASPAR2022_CORE_plants_non-redundant_v2.meme	MA1759.1	HSFA4A	g4079.t1_upstream::Scaffold10:34550434-34552434	53	18.7379	tp
motif_db/JASPAR/JASPAR2022_CORE_plants_non-redundant_v2.meme	MA1759.1	HSFA4A	g4498.t1_downstream::Scaffold11:547995-549995	64	18.6415	tp
motif_db/JASPAR/JASPAR2022_CORE_plants_non-redundant_v2.meme	MA1759.1	HSFA4A	g4080.t1_upstream::Scaffold10:34550137-34552137	55	18.0763	tp
motif_db/JASPAR/JASPAR2022_CORE_plants_non-redundant_v2.meme	MA1759.1	HSFA4A	g2281.t1_upstream::Scaffold1:41398019-41400019	2061	17.6906	fp
motif_db/JASPAR/JASPAR2022_CORE_plants_non-redundant_v2.meme	MA1759.1	HSFA4A	g12485.t1_downstream::Scaffold4:18843225-18845225	656	17.2695	fp
motif_db/JASPAR/JASPAR2022_CORE_plants_non-redundant_v2.meme	MA1759.1	HSFA4A	g3225.t1_upstream::Scaffold10:8793884-8795884	2045	17.1061	fp
motif_db/JASPAR/JASPAR2022_CORE_plants_non-redundant_v2.meme	MA1759.1	HSFA4A	g16191.t1_upstream::Scaffold5:40081404-40083404	1361	16.8265	fp
motif_db/JASPAR/JASPAR2022_CORE_plants_non-redundant_v2.meme	MA1759.1	HSFA4A	g17573.t1_downstream::Scaffold6:5713829-5715829	502	16.3486	fp
motif_db/JASPAR/JASPAR2022_CORE_plants_non-redundant_v2.meme	MA1759.1	HSFA4A	g8567.t1_downstream::Scaffold2:50280114-50282114	120	16.1803	tp
motif_db/JASPAR/JASPAR2022_CORE_plants_non-redundant_v2.meme	MA1759.1	HSFA4A	g591.t1_upstream::Scaffold1:22947726-22949726	1591	16.0317	fp
motif_db/JASPAR/JASPAR2022_CORE_plants_non-redundant_v2.meme	MA1759.1	HSFA4A	g1934.t1_upstream::Scaffold1:37549672-37551672	33	15.9684	tp
motif_db/JASPAR/JASPAR2022_CORE_plants_non-redundant_v2.meme	MA1759.1	HSFA4A	g11504.t1_upstream::Scaffold3:54651423-54653423	175	14.6435	tp
motif_db/JASPAR/JASPAR2022_CORE_plants_non-redundant_v2.meme	MA1759.1	HSFA4A	g10583.t1_upstream::Scaffold3:42683979-42685979	1103	14.6106	fp
motif_db/JASPAR/JASPAR2022_CORE_plants_non-redundant_v2.meme	MA1759.1	HSFA4A	g1842.t1_downstream::Scaffold1:36672176-36674176	1638	14.4612	fp
motif_db/JASPAR/JASPAR2022_CORE_plants_non-redundant_v2.meme	MA1759.1	HSFA4A	g1138.t1_downstream::Scaffold1:29987485-29989485	1256	14.2644	fp
motif_db/JASPAR/JASPAR2022_CORE_plants_non-redundant_v2.meme	MA1759.1	HSFA4A	g1626.t1_upstream::Scaffold1:34664734-34666734	27	13.5186	tp
motif_db/JASPAR/JASPAR2022_CORE_plants_non-redundant_v2.meme	MA1759.1	HSFA4A	g23436.t1_downstream::Scaffold8:41331152-41333152	404	13.0203	tp
motif_db/JASPAR/JASPAR2022_CORE_plants_non-redundant_v2.meme	MA1759.1	HSFA4A	g441.t1_upstream::Scaffold1:19870642-19872642	1667	12.7911	fp
motif_db/JASPAR/JASPAR2022_CORE_plants_non-redundant_v2.meme	MA1759.1	HSFA4A	g19255.t1_upstream::Scaffold6:38995765-38997765	921	12.1135	fp
motif_db/JASPAR/JASPAR2022_CORE_plants_non-redundant_v2.meme	MA1759.1	HSFA4A	g16552.t1_upstream::Scaffold5:45549198-45551198	863	11.5421	fp
motif_db/JASPAR/JASPAR2022_CORE_plants_non-redundant_v2.meme	MA1759.1	HSFA4A	g14494.t1_upstream::Scaffold5:1670700-1672700	861	11.2055	fp
motif_db/JASPAR/JASPAR2022_CORE_plants_non-redundant_v2.meme	MA1759.1	HSFA4A	g6888.t1_upstream::Scaffold2:7089614-7091614	95	10.6723	tp
motif_db/JASPAR/JASPAR2022_CORE_plants_non-redundant_v2.meme	MA1759.1	HSFA4A	g24925.t1_upstream::Scaffold9:33469292-33471292	1099	10.3037	fp
motif_db/JASPAR/JASPAR2022_CORE_plants_non-redundant_v2.meme	MA1759.1	HSFA4A	g3057.t1_upstream::Scaffold10:5146560-5148560	723	9.90825	fp
motif_db/JASPAR/JASPAR2022_CORE_plants_non-redundant_v2.meme	MA1759.1	HSFA4A	g14515.t1_upstream::Scaffold5:1815502-1817502	2203	9.71412	fp
motif_db/JASPAR/JASPAR2022_CORE_plants_non-redundant_v2.meme	MA1759.1	HSFA4A	g13289.t1_downstream::Scaffold4:27078593-27080593	524	9.66515	fp
motif_db/JASPAR/JASPAR2022_CORE_plants_non-redundant_v2.meme	MA1759.1	HSFA4A	g24191.t1_upstream::Scaffold9:20543479-20545479	419	9.57581	tp
motif_db/JASPAR/JASPAR2022_CORE_plants_non-redundant_v2.meme	MA1759.1	HSFA4A	g1626.t1_downstream::Scaffold1:34667843-34669843	28	9.49325	tp
motif_db/JASPAR/JASPAR2022_CORE_plants_non-redundant_v2.meme	MA1759.1	HSFA4A	g10632.t1_upstream::Scaffold3:43504958-43506958	1651	9.48021	fp
motif_db/JASPAR/JASPAR2022_CORE_plants_non-redundant_v2.meme	MA1759.1	HSFA4A	g23640.t1_upstream::Scaffold8:43307881-43309881	963	9.32258	fp
motif_db/JASPAR/JASPAR2022_CORE_plants_non-redundant_v2.meme	MA1759.1	HSFA4A	g23071.t2_downstream::Scaffold8:37844921-37846921	394	9.12643	tp
motif_db/JASPAR/JASPAR2022_CORE_plants_non-redundant_v2.meme	MA1759.1	HSFA4A	g23071.t1_downstream::Scaffold8:37844921-37846921	392	9.12643	tp
motif_db/JASPAR/JASPAR2022_CORE_plants_non-redundant_v2.meme	MA1759.1	HSFA4A	g1717.t1_downstream::Scaffold1:35447887-35449887	1344	9.09088	fp
motif_db/JASPAR/JASPAR2022_CORE_plants_non-redundant_v2.meme	MA1759.1	HSFA4A	g2489.t1_upstream::Scaffold1:43522251-43524251	37	9.0589	tp
motif_db/JASPAR/JASPAR2022_CORE_plants_non-redundant_v2.meme	MA1759.1	HSFA4A	g10390.t1_downstream::Scaffold3:38744942-38746942	1754	8.86369	fp
motif_db/JASPAR/JASPAR2022_CORE_plants_non-redundant_v2.meme	MA1759.1	HSFA4A	g17561.t1_downstream::Scaffold6:5551861-5553861	1556	8.60869	fp
motif_db/JASPAR/JASPAR2022_CORE_plants_non-redundant_v2.meme	MA1759.1	HSFA4A	g17481.t1_upstream::Scaffold6:4873005-4875005	289	8.29778	tp
motif_db/JASPAR/JASPAR2022_CORE_plants_non-redundant_v2.meme	MA1759.1	HSFA4A	g2986.t1_upstream::Scaffold10:4114630-4116630	43	8.12168	tp
motif_db/JASPAR/JASPAR2022_CORE_plants_non-redundant_v2.meme	MA1759.1	HSFA4A	g12442.t1_downstream::Scaffold4:18432582-18434582	2308	8.00727	fp
motif_db/JASPAR/JASPAR2022_CORE_plants_non-redundant_v2.meme	MA1759.1	HSFA4A	g25319.t1_upstream::Scaffold9:37125308-37127308	441	7.42059	tp
#
motif_db/JASPAR/JASPAR2022_CORE_plants_non-redundant_v2.meme	MA1760.1	HSFA6A	g24951.t1_downstream::Scaffold9:33710531-33712531	1510	2690.93	fp
motif_db/JASPAR/JASPAR2022_CORE_plants_non-redundant_v2.meme	MA1760.1	HSFA6A	g5824.t1_upstream::Scaffold11:18774782-18776782	923	2672.81	fp
motif_db/JASPAR/JASPAR2022_CORE_plants_non-redundant_v2.meme	MA1760.1	HSFA6A	g2850.t1_upstream::Scaffold10:1557217-1559217	39	756.351	tp
motif_db/JASPAR/JASPAR2022_CORE_plants_non-redundant_v2.meme	MA1760.1	HSFA6A	g21912.t1_upstream::Scaffold8:4220050-4222050	2231	756.179	fp
motif_db/JASPAR/JASPAR2022_CORE_plants_non-redundant_v2.meme	MA1760.1	HSFA6A	g6323.t1_upstream::Scaffold2:2202969-2204969	671	415.219	fp
motif_db/JASPAR/JASPAR2022_CORE_plants_non-redundant_v2.meme	MA1760.1	HSFA6A	g1870.t1_downstream::Scaffold1:36978376-36980376	642	288.533	fp
motif_db/JASPAR/JASPAR2022_CORE_plants_non-redundant_v2.meme	MA1760.1	HSFA6A	g19887.t1_upstream::Scaffold7:5818452-5820452	331	275.26	tp
motif_db/JASPAR/JASPAR2022_CORE_plants_non-redundant_v2.meme	MA1760.1	HSFA6A	g4684.t1_downstream::Scaffold11:2158899-2160899	1134	176.811	fp
motif_db/JASPAR/JASPAR2022_CORE_plants_non-redundant_v2.meme	MA1760.1	HSFA6A	g5703.t1_downstream::Scaffold11:15100555-15102555	1794	150.826	fp
motif_db/JASPAR/JASPAR2022_CORE_plants_non-redundant_v2.meme	MA1760.1	HSFA6A	g4820.t2_upstream::Scaffold11:3451220-3453220	1997	107.655	fp
motif_db/JASPAR/JASPAR2022_CORE_plants_non-redundant_v2.meme	MA1760.1	HSFA6A	g1934.t1_upstream::Scaffold1:37549672-37551672	33	104.507	tp
motif_db/JASPAR/JASPAR2022_CORE_plants_non-redundant_v2.meme	MA1760.1	HSFA6A	g9550.t1_downstream::Scaffold3:6819198-6821198	142	102.641	tp
motif_db/JASPAR/JASPAR2022_CORE_plants_non-redundant_v2.meme	MA1760.1	HSFA6A	g15322.t1_downstream::Scaffold5:12516396-12518396	248	98.1667	tp
motif_db/JASPAR/JASPAR2022_CORE_plants_non-redundant_v2.meme	MA1760.1	HSFA6A	g23436.t1_downstream::Scaffold8:41331152-41333152	404	93.1603	tp
motif_db/JASPAR/JASPAR2022_CORE_plants_non-redundant_v2.meme	MA1760.1	HSFA6A	g14850.t1_upstream::Scaffold5:5342866-5344866	1511	83.1615	fp
motif_db/JASPAR/JASPAR2022_CORE_plants_non-redundant_v2.meme	MA1760.1	HSFA6A	g14850.t1_upstream::Scaffold5:5342866-5344866	241	83.1615	tp
motif_db/JASPAR/JASPAR2022_CORE_plants_non-redundant_v2.meme	MA1760.1	HSFA6A	g23905.t1_downstream::Scaffold9:4543980-4545980	1766	72.5359	fp
motif_db/JASPAR/JASPAR2022_CORE_plants_non-redundant_v2.meme	MA1760.1	HSFA6A	g23495.t1_upstream::Scaffold8:41882997-41884997	407	71.2954	tp
motif_db/JASPAR/JASPAR2022_CORE_plants_non-redundant_v2.meme	MA1760.1	HSFA6A	g20905.t1_upstream::Scaffold7:37383374-37385374	355	59.012	tp
motif_db/JASPAR/JASPAR2022_CORE_plants_non-redundant_v2.meme	MA1760.1	HSFA6A	g12442.t1_downstream::Scaffold4:18432582-18434582	2308	55.6598	fp
motif_db/JASPAR/JASPAR2022_CORE_plants_non-redundant_v2.meme	MA1760.1	HSFA6A	g16494.t1_upstream::Scaffold5:44770096-44772096	2419	51.6402	fp
motif_db/JASPAR/JASPAR2022_CORE_plants_non-redundant_v2.meme	MA1760.1	HSFA6A	g18412.t1_downstream::Scaffold6:14456399-14458399	634	45.1311	fp
motif_db/JASPAR/JASPAR2022_CORE_plants_non-redundant_v2.meme	MA1760.1	HSFA6A	g11462.t1_upstream::Scaffold3:54183138-54185138	167	38.7431	tp
motif_db/JASPAR/JASPAR2022_CORE_plants_non-redundant_v2.meme	MA1760.1	HSFA6A	g11463.t1_upstream::Scaffold3:54182730-54184730	169	38.7431	tp
motif_db/JASPAR/JASPAR2022_CORE_plants_non-redundant_v2.meme	MA1760.1	HSFA6A	g21902.t1_downstream::Scaffold8:4092673-4094673	376	36.3563	tp
motif_db/JASPAR/JASPAR2022_CORE_plants_non-redundant_v2.meme	MA1760.1	HSFA6A	g24191.t1_upstream::Scaffold9:20543479-20545479	419	34.653	tp
motif_db/JASPAR/JASPAR2022_CORE_plants_non-redundant_v2.meme	MA1760.1	HSFA6A	g7697.t1_upstream::Scaffold2:17042478-17044478	105	34.5058	tp
motif_db/JASPAR/JASPAR2022_CORE_plants_non-redundant_v2.meme	MA1760.1	HSFA6A	g5226.t1_upstream::Scaffold11:7325869-7327869	679	30.2714	fp
motif_db/JASPAR/JASPAR2022_CORE_plants_non-redundant_v2.meme	MA1760.1	HSFA6A	g18189.t1_upstream::Scaffold6:12186307-12188307	2219	29.5932	fp
motif_db/JASPAR/JASPAR2022_CORE_plants_non-redundant_v2.meme	MA1760.1	HSFA6A	g23085.t1_upstream::Scaffold8:37983809-37985809	395	28.713	tp
motif_db/JASPAR/JASPAR2022_CORE_plants_non-redundant_v2.meme	MA1760.1	HSFA6A	g24996.t1_downstream::Scaffold9:34206774-34208774	438	24.3047	tp
motif_db/JASPAR/JASPAR2022_CORE_plants_non-redundant_v2.meme	MA1760.1	HSFA6A	g12470.t1_downstream::Scaffold4:18695358-18697358	194	24.2905	tp
motif_db/JASPAR/JASPAR2022_CORE_plants_non-redundant_v2.meme	MA1760.1	HSFA6A	g12485.t1_downstream::Scaffold4:18843225-18845225	656	22.4069	fp
motif_db/JASPAR/JASPAR2022_CORE_plants_non-redundant_v2.meme	MA1760.1	HSFA6A	g21404.t1_downstream::Scaffold7:42845024-42847024	362	20.9159	tp
motif_db/JASPAR/JASPAR2022_CORE_plants_non-redundant_v2.meme	MA1760.1	HSFA6A	g9550.t1_upstream::Scaffold3:6824679-6826679	141	20.2198	tp
motif_db/JASPAR/JASPAR2022_CORE_plants_non-redundant_v2.meme	MA1760.1	HSFA6A	g6888.t1_upstream::Scaffold2:7089614-7091614	95	20.1857	tp
motif_db/JASPAR/JASPAR2022_CORE_plants_non-redundant_v2.meme	MA1760.1	HSFA6A	g11211.t1_upstream::Scaffold3:51537435-51539435	163	20.0366	tp
