motif_ID	motif_ALT_ID	seq_ID	site_Start	site_End	site_Strand	site_Score	site_Sequence
1-ATATAAGTA	STREME-1	Scaffold6	459966	459974	+	15.21	ATATAAGTA
1-ATATAAGTA	STREME-1	Scaffold7	1702406	1702414	-	15.21	ATATAAGTA
1-ATATAAGTA	STREME-1	Scaffold7	9769587	9769595	-	15.21	ATATAAGTA
1-ATATAAGTA	STREME-1	Scaffold5	37162518	37162526	+	15.21	ATATAAGTA
1-ATATAAGTA	STREME-1	Scaffold10	29053605	29053613	+	15.21	ATATAAGTA
1-ATATAAGTA	STREME-1	Scaffold4	22557054	22557062	+	15.21	ATATAAGTA
1-ATATAAGTA	STREME-1	Scaffold9	37132729	37132737	-	15.21	ATATAAGTA
1-ATATAAGTA	STREME-1	Scaffold8	958268	958276	-	15.21	ATATAAGTA
1-ATATAAGTA	STREME-1	Scaffold3	4935846	4935854	-	15.21	ATATAAGTA
1-ATATAAGTA	STREME-1	Scaffold11	549373	549381	-	15.21	ATATAAGTA
1-ATATAAGTA	STREME-1	Scaffold8	36172608	36172616	+	15.21	ATATAAGTA
1-ATATAAGTA	STREME-1	Scaffold5	19340434	19340442	-	15.21	ATATAAGTA
1-ATATAAGTA	STREME-1	Scaffold5	19340884	19340892	-	15.21	ATATAAGTA
1-ATATAAGTA	STREME-1	Scaffold6	5117813	5117821	+	15.21	ATATAAGTA
1-ATATAAGTA	STREME-1	Scaffold10	35940957	35940965	-	15.21	ATATAAGTA
1-ATATAAGTA	STREME-1	Scaffold5	19381478	19381486	-	15.21	ATATAAGTA
1-ATATAAGTA	STREME-1	Scaffold5	19381927	19381935	-	15.21	ATATAAGTA
1-ATATAAGTA	STREME-1	Scaffold2	17042676	17042684	-	15.21	ATATAAGTA
1-ATATAAGTA	STREME-1	Scaffold7	20167899	20167907	-	15.21	ATATAAGTA
1-ATATAAGTA	STREME-1	Scaffold5	19381478	19381486	-	15.21	ATATAAGTA
1-ATATAAGTA	STREME-1	Scaffold5	19381927	19381935	-	15.21	ATATAAGTA
1-ATATAAGTA	STREME-1	Scaffold8	4101401	4101409	-	15.21	ATATAAGTA
1-ATATAAGTA	STREME-1	Scaffold2	5228368	5228376	+	15.21	ATATAAGTA
1-ATATAAGTA	STREME-1	Scaffold3	4935846	4935854	-	15.21	ATATAAGTA
1-ATATAAGTA	STREME-1	Scaffold7	1702406	1702414	-	15.21	ATATAAGTA
1-ATATAAGTA	STREME-1	Scaffold6	25412703	25412711	+	15.21	ATATAAGTA
1-ATATAAGTA	STREME-1	Scaffold3	14967179	14967187	+	15.21	ATATAAGTA
1-ATATAAGTA	STREME-1	Scaffold8	27018121	27018129	+	15.21	ATATAAGTA
1-ATATAAGTA	STREME-1	Scaffold2	53027619	53027627	-	15.21	ATATAAGTA
1-ATATAAGTA	STREME-1	Scaffold3	54534781	54534789	+	15.21	ATATAAGTA
1-ATATAAGTA	STREME-1	Scaffold4	10245422	10245430	+	13.55	ATATACGTA
1-ATATAAGTA	STREME-1	Scaffold4	18239818	18239826	+	13.55	ATATACGTA
1-ATATAAGTA	STREME-1	Scaffold6	23946135	23946143	+	13.55	ATATACGTA
1-ATATAAGTA	STREME-1	Scaffold8	43302871	43302879	-	13.55	ATATACGTA
1-ATATAAGTA	STREME-1	Scaffold3	6821108	6821116	+	13.55	ATATACGTA
1-ATATAAGTA	STREME-1	Scaffold8	43302871	43302879	-	13.55	ATATACGTA
1-ATATAAGTA	STREME-1	Scaffold8	43302871	43302879	-	13.55	ATATACGTA
1-ATATAAGTA	STREME-1	Scaffold2	2434563	2434571	+	13.55	ATATACGTA
1-ATATAAGTA	STREME-1	Scaffold3	45407782	45407790	+	13.55	ATATACGTA
1-ATATAAGTA	STREME-1	Scaffold5	12508332	12508340	-	13.55	ATATACGTA
1-ATATAAGTA	STREME-1	Scaffold5	1801044	1801052	-	13.55	ATATACGTA
1-ATATAAGTA	STREME-1	Scaffold4	25711399	25711407	-	13.55	ATATACGTA
1-ATATAAGTA	STREME-1	Scaffold7	9769592	9769600	+	13.42	ATATAGGTA
1-ATATAAGTA	STREME-1	Scaffold5	1797532	1797540	-	13.42	ATATAGGTA
1-ATATAAGTA	STREME-1	Scaffold3	54533076	54533084	+	13.42	ATATAGGTA
1-ATATAAGTA	STREME-1	Scaffold3	54183725	54183733	-	13.42	ATATAGGTA
1-ATATAAGTA	STREME-1	Scaffold6	13350527	13350535	+	13.42	ATATAGGTA
1-ATATAAGTA	STREME-1	Scaffold9	23733145	23733153	+	13.42	ATATAGGTA
1-ATATAAGTA	STREME-1	Scaffold2	5972174	5972182	+	13.42	ATATAGGTA
1-ATATAAGTA	STREME-1	Scaffold8	40307246	40307254	-	13.42	ATATAGGTA
1-ATATAAGTA	STREME-1	Scaffold4	32155824	32155832	+	13.42	ATATAGGTA
1-ATATAAGTA	STREME-1	Scaffold5	37157662	37157670	-	13.42	ATATAGGTA
1-ATATAAGTA	STREME-1	Scaffold5	641700	641708	+	13.42	ATATAGGTA
1-ATATAAGTA	STREME-1	Scaffold10	35252273	35252281	-	13.42	ATATAGGTA
1-ATATAAGTA	STREME-1	Scaffold10	29049219	29049227	+	13.42	ATATAGGTA
1-ATATAAGTA	STREME-1	Scaffold3	54183725	54183733	-	13.42	ATATAGGTA
1-ATATAAGTA	STREME-1	Scaffold6	10871941	10871949	+	13.42	ATATAGGTA
1-ATATAAGTA	STREME-1	Scaffold5	12509473	12509481	-	13.42	ATATAGGTA
1-ATATAAGTA	STREME-1	Scaffold1	30076991	30076999	-	13.42	ATATAGGTA
1-ATATAAGTA	STREME-1	Scaffold11	4197757	4197765	-	13.42	ATATAGGTA
1-ATATAAGTA	STREME-1	Scaffold2	52293745	52293753	+	13.42	ATATAGGTA
1-ATATAAGTA	STREME-1	Scaffold2	49214530	49214538	-	13.28	ATATAAGTC
1-ATATAAGTA	STREME-1	Scaffold2	49214791	49214799	-	13.28	ATATAAGTC
1-ATATAAGTA	STREME-1	Scaffold8	39611345	39611353	-	13.28	ATATAAGTC
1-ATATAAGTA	STREME-1	Scaffold10	34555035	34555043	+	13.28	ATATAAGTC
1-ATATAAGTA	STREME-1	Scaffold10	34555909	34555917	+	13.28	ATATAAGTC
1-ATATAAGTA	STREME-1	Scaffold11	4194313	4194321	-	13.28	ATATAAGTC
1-ATATAAGTA	STREME-1	Scaffold10	2009929	2009937	+	13.28	ATATAAGTC
1-ATATAAGTA	STREME-1	Scaffold10	34551049	34551057	+	13.28	ATATAAGTC
1-ATATAAGTA	STREME-1	Scaffold5	1366082	1366090	-	13.28	ATATAAGTC
1-ATATAAGTA	STREME-1	Scaffold5	1366340	1366348	-	13.28	ATATAAGTC
1-ATATAAGTA	STREME-1	Scaffold9	28125409	28125417	-	13.28	ATATAAGTC
1-ATATAAGTA	STREME-1	Scaffold4	18245476	18245484	+	13.28	ATATAAGTC
1-ATATAAGTA	STREME-1	Scaffold5	1366082	1366090	-	13.28	ATATAAGTC
1-ATATAAGTA	STREME-1	Scaffold5	1366340	1366348	-	13.28	ATATAAGTC
1-ATATAAGTA	STREME-1	Scaffold8	40306997	40307005	-	13.28	ATATAAGTC
1-ATATAAGTA	STREME-1	Scaffold6	17641484	17641492	+	13.28	ATATAAGTC
1-ATATAAGTA	STREME-1	Scaffold3	4192020	4192028	+	13.28	ATATAAGTC
1-ATATAAGTA	STREME-1	Scaffold5	37158434	37158442	+	13.28	ATATAAGTC
1-ATATAAGTA	STREME-1	Scaffold1	34006289	34006297	-	13.28	ATATAAGTC
1-ATATAAGTA	STREME-1	Scaffold11	3756957	3756965	+	13.28	ATATAAGTC
1-ATATAAGTA	STREME-1	Scaffold10	34551049	34551057	+	13.28	ATATAAGTC
1-ATATAAGTA	STREME-1	Scaffold3	54181621	54181629	+	13.28	ATATAAGTC
1-ATATAAGTA	STREME-1	Scaffold9	30443050	30443058	+	13.28	ATATAAGTC
1-ATATAAGTA	STREME-1	Scaffold5	12288747	12288755	+	13.28	ATATAAGTC
1-ATATAAGTA	STREME-1	Scaffold2	5215938	5215946	+	13.28	ATATAAGTC
1-ATATAAGTA	STREME-1	Scaffold2	11920658	11920666	+	13.28	ATATAAGTC
1-ATATAAGTA	STREME-1	Scaffold2	5305111	5305119	-	13.28	ATATAAGTC
1-ATATAAGTA	STREME-1	Scaffold3	45409856	45409864	+	13.28	ATATAAGTC
1-ATATAAGTA	STREME-1	Scaffold7	1719121	1719129	-	13.28	ATATAAGTC
1-ATATAAGTA	STREME-1	Scaffold3	45524559	45524567	+	12.99	CTATAAGTA
1-ATATAAGTA	STREME-1	Scaffold4	25044023	25044031	-	12.99	CTATAAGTA
1-ATATAAGTA	STREME-1	Scaffold3	4198837	4198845	+	12.99	CTATAAGTA
1-ATATAAGTA	STREME-1	Scaffold3	45455887	45455895	-	12.99	CTATAAGTA
1-ATATAAGTA	STREME-1	Scaffold11	544218	544226	+	12.99	CTATAAGTA
1-ATATAAGTA	STREME-1	Scaffold1	28845204	28845212	+	12.99	CTATAAGTA
1-ATATAAGTA	STREME-1	Scaffold7	43849143	43849151	-	12.99	CTATAAGTA
1-ATATAAGTA	STREME-1	Scaffold5	3730979	3730987	+	12.99	CTATAAGTA
1-ATATAAGTA	STREME-1	Scaffold8	41339415	41339423	-	12.99	CTATAAGTA
1-ATATAAGTA	STREME-1	Scaffold5	12508627	12508635	+	12.99	CTATAAGTA
1-ATATAAGTA	STREME-1	Scaffold6	23079253	23079261	+	12.99	CTATAAGTA
1-ATATAAGTA	STREME-1	Scaffold6	25413026	25413034	+	12.99	CTATAAGTA
1-ATATAAGTA	STREME-1	Scaffold1	36698883	36698891	-	12.99	CTATAAGTA
1-ATATAAGTA	STREME-1	Scaffold3	45524559	45524567	+	12.99	CTATAAGTA
1-ATATAAGTA	STREME-1	Scaffold5	9274367	9274375	+	12.99	CTATAAGTA
1-ATATAAGTA	STREME-1	Scaffold8	35771224	35771232	+	12.62	ATCTAAGTA
1-ATATAAGTA	STREME-1	Scaffold7	37384228	37384236	+	12.62	ATCTAAGTA
1-ATATAAGTA	STREME-1	Scaffold2	18080575	18080583	-	12.62	ATCTAAGTA
1-ATATAAGTA	STREME-1	Scaffold7	735119	735127	+	12.62	ATCTAAGTA
1-ATATAAGTA	STREME-1	Scaffold7	9734451	9734459	+	12.62	ATCTAAGTA
1-ATATAAGTA	STREME-1	Scaffold5	46934250	46934258	-	12.62	ATCTAAGTA
1-ATATAAGTA	STREME-1	Scaffold8	35771224	35771232	+	12.62	ATCTAAGTA
1-ATATAAGTA	STREME-1	Scaffold4	16741700	16741708	-	12.62	ATCTAAGTA
1-ATATAAGTA	STREME-1	Scaffold7	37376775	37376783	-	12.62	ATCTAAGTA
1-ATATAAGTA	STREME-1	Scaffold8	41332067	41332075	-	12.62	ATCTAAGTA
1-ATATAAGTA	STREME-1	Scaffold5	46934250	46934258	-	12.62	ATCTAAGTA
1-ATATAAGTA	STREME-1	Scaffold8	41884049	41884057	+	12.62	ATCTAAGTA
1-ATATAAGTA	STREME-1	Scaffold7	9741498	9741506	-	12.62	ATCTAAGTA
1-ATATAAGTA	STREME-1	Scaffold8	35771224	35771232	+	12.62	ATCTAAGTA
1-ATATAAGTA	STREME-1	Scaffold3	14967358	14967366	+	12.62	ATCTAAGTA
1-ATATAAGTA	STREME-1	Scaffold8	27019013	27019021	+	12.62	ATCTAAGTA
1-ATATAAGTA	STREME-1	Scaffold6	25422159	25422167	+	12.50	AGATAAGTA
1-ATATAAGTA	STREME-1	Scaffold11	8489740	8489748	+	12.50	AGATAAGTA
1-ATATAAGTA	STREME-1	Scaffold1	30768025	30768033	+	12.50	AGATAAGTA
1-ATATAAGTA	STREME-1	Scaffold4	21812416	21812424	-	12.50	AGATAAGTA
1-ATATAAGTA	STREME-1	Scaffold5	644373	644381	+	12.50	AGATAAGTA
1-ATATAAGTA	STREME-1	Scaffold3	49378235	49378243	+	12.50	AGATAAGTA
1-ATATAAGTA	STREME-1	Scaffold7	37377836	37377844	+	12.50	AGATAAGTA
1-ATATAAGTA	STREME-1	Scaffold8	40452053	40452061	-	12.50	AGATAAGTA
1-ATATAAGTA	STREME-1	Scaffold7	39395232	39395240	-	12.50	AGATAAGTA
1-ATATAAGTA	STREME-1	Scaffold4	21812416	21812424	-	12.50	AGATAAGTA
1-ATATAAGTA	STREME-1	Scaffold4	19077272	19077280	-	12.50	AGATAAGTA
1-ATATAAGTA	STREME-1	Scaffold6	13916272	13916280	+	12.50	AGATAAGTA
1-ATATAAGTA	STREME-1	Scaffold10	30771560	30771568	-	12.50	AGATAAGTA
1-ATATAAGTA	STREME-1	Scaffold6	17644151	17644159	+	12.50	AGATAAGTA
1-ATATAAGTA	STREME-1	Scaffold6	25412756	25412764	+	12.50	AGATAAGTA
1-ATATAAGTA	STREME-1	Scaffold3	7709659	7709667	-	12.50	AGATAAGTA
1-ATATAAGTA	STREME-1	Scaffold2	7097832	7097840	+	12.50	AGATAAGTA
1-ATATAAGTA	STREME-1	Scaffold5	19478668	19478676	+	12.18	ATATCAGTA
1-ATATAAGTA	STREME-1	Scaffold10	35894067	35894075	+	12.18	ATATCAGTA
1-ATATAAGTA	STREME-1	Scaffold5	1371384	1371392	+	12.18	ATATCAGTA
1-ATATAAGTA	STREME-1	Scaffold4	22562237	22562245	+	12.18	ATATCAGTA
1-ATATAAGTA	STREME-1	Scaffold5	46927089	46927097	+	12.18	ATATCAGTA
1-ATATAAGTA	STREME-1	Scaffold5	645643	645651	-	12.18	ATATCAGTA
1-ATATAAGTA	STREME-1	Scaffold5	645650	645658	+	12.18	ATATCAGTA
1-ATATAAGTA	STREME-1	Scaffold5	46927089	46927097	+	12.18	ATATCAGTA
1-ATATAAGTA	STREME-1	Scaffold5	1371384	1371392	+	12.18	ATATCAGTA
1-ATATAAGTA	STREME-1	Scaffold5	1371384	1371392	+	12.18	ATATCAGTA
1-ATATAAGTA	STREME-1	Scaffold5	9271274	9271282	-	12.18	ATATCAGTA
1-ATATAAGTA	STREME-1	Scaffold9	34202326	34202334	+	12.18	ATATCAGTA
1-ATATAAGTA	STREME-1	Scaffold4	19071053	19071061	-	11.90	TTATAAGTA
1-ATATAAGTA	STREME-1	Scaffold8	27025211	27025219	-	11.90	TTATAAGTA
1-ATATAAGTA	STREME-1	Scaffold3	4932706	4932714	-	11.90	TTATAAGTA
1-ATATAAGTA	STREME-1	Scaffold4	21821172	21821180	+	11.90	TTATAAGTA
1-ATATAAGTA	STREME-1	Scaffold2	634103	634111	+	11.90	TTATAAGTA
1-ATATAAGTA	STREME-1	Scaffold2	634324	634332	+	11.90	TTATAAGTA
1-ATATAAGTA	STREME-1	Scaffold3	6824967	6824975	-	11.90	TTATAAGTA
1-ATATAAGTA	STREME-1	Scaffold4	21821172	21821180	+	11.90	TTATAAGTA
1-ATATAAGTA	STREME-1	Scaffold8	41787353	41787361	-	11.90	TTATAAGTA
1-ATATAAGTA	STREME-1	Scaffold9	1220677	1220685	+	11.90	TTATAAGTA
1-ATATAAGTA	STREME-1	Scaffold9	1220735	1220743	+	11.90	TTATAAGTA
1-ATATAAGTA	STREME-1	Scaffold3	49359662	49359670	-	11.90	TTATAAGTA
1-ATATAAGTA	STREME-1	Scaffold10	4115559	4115567	-	11.90	TTATAAGTA
1-ATATAAGTA	STREME-1	Scaffold3	4932706	4932714	-	11.90	TTATAAGTA
1-ATATAAGTA	STREME-1	Scaffold9	1220677	1220685	+	11.90	TTATAAGTA
1-ATATAAGTA	STREME-1	Scaffold9	1220735	1220743	+	11.90	TTATAAGTA
1-ATATAAGTA	STREME-1	Scaffold6	13909597	13909605	-	11.90	TTATAAGTA
1-ATATAAGTA	STREME-1	Scaffold7	9745040	9745048	+	11.90	TTATAAGTA
1-ATATAAGTA	STREME-1	Scaffold11	6149956	6149964	+	11.90	TTATAAGTA
1-ATATAAGTA	STREME-1	Scaffold2	640694	640702	+	11.90	TTATAAGTA
1-ATATAAGTA	STREME-1	Scaffold9	20544866	20544874	+	11.90	TTATAAGTA
1-ATATAAGTA	STREME-1	Scaffold1	23664847	23664855	-	11.90	TTATAAGTA
1-ATATAAGTA	STREME-1	Scaffold5	40112766	40112774	+	11.90	TTATAAGTA
1-ATATAAGTA	STREME-1	Scaffold6	5169177	5169185	+	11.90	TTATAAGTA
1-ATATAAGTA	STREME-1	Scaffold5	19495811	19495819	-	11.90	TTATAAGTA
1-ATATAAGTA	STREME-1	Scaffold2	5284176	5284184	-	11.90	TTATAAGTA
1-ATATAAGTA	STREME-1	Scaffold4	18703196	18703204	+	11.90	TTATAAGTA
1-ATATAAGTA	STREME-1	Scaffold2	23669163	23669171	-	11.90	TTATAAGTA
1-ATATAAGTA	STREME-1	Scaffold5	19375365	19375373	-	11.90	TTATAAGTA
1-ATATAAGTA	STREME-1	Scaffold3	54651505	54651513	+	11.90	TTATAAGTA
1-ATATAAGTA	STREME-1	Scaffold5	49683970	49683978	+	11.90	TTATAAGTA
1-ATATAAGTA	STREME-1	Scaffold5	40112766	40112774	+	11.90	TTATAAGTA
#
2-AAACCAAACATCA	STREME-2	Scaffold6	454461	454473	+	21.60	AAACCAAACATCA
2-AAACCAAACATCA	STREME-2	Scaffold5	19480039	19480051	+	21.60	AAACCAAACATCA
2-AAACCAAACATCA	STREME-2	Scaffold5	19339965	19339977	-	21.60	AAACCAAACATCA
2-AAACCAAACATCA	STREME-2	Scaffold2	48055246	48055258	-	21.60	AAACCAAACATCA
2-AAACCAAACATCA	STREME-2	Scaffold5	19381009	19381021	-	21.60	AAACCAAACATCA
2-AAACCAAACATCA	STREME-2	Scaffold5	19381009	19381021	-	21.60	AAACCAAACATCA
2-AAACCAAACATCA	STREME-2	Scaffold1	30076425	30076437	+	21.60	AAACCAAACATCA
2-AAACCAAACATCA	STREME-2	Scaffold10	34554585	34554597	-	20.32	AAACCAAACATCC
2-AAACCAAACATCA	STREME-2	Scaffold7	1118768	1118780	-	20.31	GAACCAAACATCA
2-AAACCAAACATCA	STREME-2	Scaffold8	40307593	40307605	-	20.31	GAACCAAACATCA
2-AAACCAAACATCA	STREME-2	Scaffold7	42956295	42956307	+	20.31	GAACCAAACATCA
2-AAACCAAACATCA	STREME-2	Scaffold8	35767255	35767267	-	20.05	AAACCGAACATCC
2-AAACCAAACATCA	STREME-2	Scaffold8	35767255	35767267	-	20.05	AAACCGAACATCC
2-AAACCAAACATCA	STREME-2	Scaffold8	35767255	35767267	-	20.05	AAACCGAACATCC
2-AAACCAAACATCA	STREME-2	Scaffold5	643079	643091	+	18.81	AAACTGAACATCA
2-AAACCAAACATCA	STREME-2	Scaffold5	41980493	41980505	+	18.71	AAACTAAACATCC
2-AAACCAAACATCA	STREME-2	Scaffold7	1701952	1701964	+	18.71	GAACTAAACATCA
2-AAACCAAACATCA	STREME-2	Scaffold6	3600489	3600501	+	18.71	GAACTAAACATCA
2-AAACCAAACATCA	STREME-2	Scaffold7	1701952	1701964	+	18.71	GAACTAAACATCA
2-AAACCAAACATCA	STREME-2	Scaffold10	7350364	7350376	+	18.47	GAACCAAACGTCA
2-AAACCAAACATCA	STREME-2	Scaffold8	3737298	3737310	+	18.15	AAACTAAACGTCA
2-AAACCAAACATCA	STREME-2	Scaffold5	33992671	33992683	-	18.13	CAACCAAACATCA
2-AAACCAAACATCA	STREME-2	Scaffold5	33992982	33992994	-	18.13	CAACCAAACATCA
2-AAACCAAACATCA	STREME-2	Scaffold9	28126322	28126334	+	17.87	AAACCAAACACCA
2-AAACCAAACATCA	STREME-2	Scaffold6	7077835	7077847	+	17.83	AAACCAAACATCT
2-AAACCAAACATCA	STREME-2	Scaffold9	29461905	29461917	+	17.83	AAACCAAACATCT
2-AAACCAAACATCA	STREME-2	Scaffold7	5820035	5820047	+	17.60	AAACCGAACACCA
2-AAACCAAACATCA	STREME-2	Scaffold6	3610689	3610701	-	17.21	AAACCTAACATCC
2-AAACCAAACATCA	STREME-2	Scaffold5	40110215	40110227	-	17.02	AAACGAACCATCA
2-AAACCAAACATCA	STREME-2	Scaffold5	40110215	40110227	-	17.02	AAACGAACCATCA
2-AAACCAAACATCA	STREME-2	Scaffold1	34000601	34000613	+	17.01	AAACCAAACATGA
2-AAACCAAACATCA	STREME-2	Scaffold3	55045855	55045867	-	17.01	AAACCAAACATGA
2-AAACCAAACATCA	STREME-2	Scaffold3	4198847	4198859	-	16.74	AAACCGAACATGA
2-AAACCAAACATCA	STREME-2	Scaffold3	45454629	45454641	+	16.70	AGACCAAACATCA
2-AAACCAAACATCA	STREME-2	Scaffold3	31155761	31155773	+	16.66	AAACAAAACATCA
2-AAACCAAACATCA	STREME-2	Scaffold11	8484919	8484931	+	16.55	AAACCAAATATCA
2-AAACCAAACATCA	STREME-2	Scaffold2	53112295	53112307	-	16.55	AAACCAAATATCA
#
3-ATATCTCATATG	STREME-3	Scaffold7	5840372	5840383	+	20.73	ATATCTCATATG
3-ATATCTCATATG	STREME-3	Scaffold7	41163761	41163772	-	20.73	ATATCTCATATG
3-ATATCTCATATG	STREME-3	Scaffold7	5840372	5840383	+	20.73	ATATCTCATATG
3-ATATCTCATATG	STREME-3	Scaffold5	1371985	1371996	+	18.63	ATATCTCATATA
3-ATATCTCATATG	STREME-3	Scaffold5	1371985	1371996	+	18.63	ATATCTCATATA
3-ATATCTCATATG	STREME-3	Scaffold2	52292426	52292437	+	18.63	ATATCTCATATA
3-ATATCTCATATG	STREME-3	Scaffold5	12508347	12508358	-	18.63	ATATCTCATATA
3-ATATCTCATATG	STREME-3	Scaffold5	1371985	1371996	+	18.63	ATATCTCATATA
3-ATATCTCATATG	STREME-3	Scaffold5	40110597	40110608	+	18.44	AGATCTCATATG
3-ATATCTCATATG	STREME-3	Scaffold5	40110597	40110608	+	18.44	AGATCTCATATG
3-ATATCTCATATG	STREME-3	Scaffold3	55050867	55050878	+	18.32	ATATCTCATATC
3-ATATCTCATATG	STREME-3	Scaffold3	55050867	55050878	+	18.32	ATATCTCATATC
3-ATATCTCATATG	STREME-3	Scaffold4	10244096	10244107	+	17.68	ATATCTCTTATG
3-ATATCTCATATG	STREME-3	Scaffold4	22556787	22556798	-	17.68	ATATCTCTTATG
3-ATATCTCATATG	STREME-3	Scaffold3	4930984	4930995	+	17.66	ATATCTCAGATG
3-ATATCTCATATG	STREME-3	Scaffold3	4930984	4930995	+	17.66	ATATCTCAGATG
3-ATATCTCATATG	STREME-3	Scaffold5	9272265	9272276	+	16.65	ATGTCTCATATG
3-ATATCTCATATG	STREME-3	Scaffold4	32156337	32156348	-	16.60	ATATCACATATG
3-ATATCTCATATG	STREME-3	Scaffold3	14967103	14967114	+	16.60	ATATCACATATG
3-ATATCTCATATG	STREME-3	Scaffold6	17642084	17642095	-	16.56	ATATATCATATG
3-ATATCTCATATG	STREME-3	Scaffold11	4197520	4197531	-	16.28	AAATCTCATATG
3-ATATCTCATATG	STREME-3	Scaffold10	31793426	31793437	+	16.02	ATATCTCATTTG
3-ATATCTCATATG	STREME-3	Scaffold1	28838666	28838677	+	15.55	ATATCTCAGATA
3-ATATCTCATATG	STREME-3	Scaffold8	4094594	4094605	-	15.39	AGATCTCTTATG
#
4-AGTACGTCTGGC	STREME-4	Scaffold2	10211027	10211038	-	24.14	AGTACGTCTGGC
4-AGTACGTCTGGC	STREME-4	Scaffold5	642618	642629	+	22.06	AGTACGTCTGGT
4-AGTACGTCTGGC	STREME-4	Scaffold8	41339810	41339821	-	21.54	AGTACGTCTTGC
4-AGTACGTCTGGC	STREME-4	Scaffold5	1367296	1367307	-	19.78	AGTACGTCTGAT
4-AGTACGTCTGGC	STREME-4	Scaffold8	35767284	35767295	-	19.78	AGTACGTCTGAT
4-AGTACGTCTGGC	STREME-4	Scaffold8	35767284	35767295	-	19.78	AGTACGTCTGAT
4-AGTACGTCTGGC	STREME-4	Scaffold8	35767284	35767295	-	19.78	AGTACGTCTGAT
4-AGTACGTCTGGC	STREME-4	Scaffold1	30083176	30083187	+	19.78	AGTACGTCTGAT
4-AGTACGTCTGGC	STREME-4	Scaffold8	3741764	3741775	-	19.35	AGTACGTCTTGT
4-AGTACGTCTGGC	STREME-4	Scaffold8	43294050	43294061	+	18.75	AGTACGTATTGC
4-AGTACGTCTGGC	STREME-4	Scaffold8	43294050	43294061	+	18.75	AGTACGTATTGC
4-AGTACGTCTGGC	STREME-4	Scaffold8	43294050	43294061	+	18.75	AGTACGTATTGC
4-AGTACGTCTGGC	STREME-4	Scaffold8	35771481	35771492	+	18.33	AGTGCGTCTGTC
4-AGTACGTCTGGC	STREME-4	Scaffold8	35771481	35771492	+	18.33	AGTGCGTCTGTC
4-AGTACGTCTGGC	STREME-4	Scaffold8	35771481	35771492	+	18.33	AGTGCGTCTGTC
4-AGTACGTCTGGC	STREME-4	Scaffold2	23654827	23654838	+	17.92	AGTACGTGTCGC
4-AGTACGTCTGGC	STREME-4	Scaffold3	54181431	54181442	+	17.63	AGTACGTGTGCC
4-AGTACGTCTGGC	STREME-4	Scaffold6	13351029	13351040	+	17.09	AGTACGTTTGGT
4-AGTACGTCTGGC	STREME-4	Scaffold5	33992911	33992922	-	16.92	AGTACGTTTTGC
4-AGTACGTCTGGC	STREME-4	Scaffold10	34544878	34544889	-	16.78	AGTACGTCTTGG
4-AGTACGTCTGGC	STREME-4	Scaffold1	28838377	28838388	+	16.59	AGTACGTATGAT
