motif_id	motif_alt_id	sequence_name	start	stop	strand	score	p-value	q-value	matched_sequence
5-TAATTTTGATCAAT	STREME-5	Scaffold10	646115	646128	+	21.6463	3.28e-08	0.0852	TAATTTTGATCAAT
5-TAATTTTGATCAAT	STREME-5	Scaffold10	1680455	1680468	+	20.1098	5.21e-08	0.0852	TAATTTTGGTCAAT
5-TAATTTTGATCAAT	STREME-5	Scaffold8	4921287	4921300	-	19.9024	8.49e-08	0.0852	TAATTTTGATCAAA
5-TAATTTTGATCAAT	STREME-5	Scaffold2	8984512	8984525	+	19.9024	8.49e-08	0.0852	TAATTTTGATCAAA
5-TAATTTTGATCAAT	STREME-5	Scaffold2	45985604	45985617	+	19.9024	8.49e-08	0.0852	TAATTTTGATCAAA
5-TAATTTTGATCAAT	STREME-5	Scaffold11	1317411	1317424	+	19.622	1.04e-07	0.0852	TAATTTTGATCAAC
5-TAATTTTGATCAAT	STREME-5	Scaffold10	1672941	1672954	+	19.622	1.04e-07	0.0852	TAATTTTGATCAAC
5-TAATTTTGATCAAT	STREME-5	Scaffold7	1320653	1320666	-	19.3293	1.37e-07	0.0852	TAATTTTGATGAAT
5-TAATTTTGATCAAT	STREME-5	Scaffold1	41573407	41573420	+	19.3293	1.37e-07	0.0852	TAATTTTGATGAAT
5-TAATTTTGATCAAT	STREME-5	Scaffold6	44273701	44273714	-	19.2561	1.7e-07	0.0852	TAATTTTGATCATT
5-TAATTTTGATCAAT	STREME-5	Scaffold5	35829511	35829524	-	19.2317	1.89e-07	0.0852	TAATTTTGACCAAT
5-TAATTTTGATCAAT	STREME-5	Scaffold1	37709268	37709281	+	19.2317	1.89e-07	0.0852	TAATTTTGACCAAT
5-TAATTTTGATCAAT	STREME-5	Scaffold1	37709268	37709281	+	19.2317	1.89e-07	0.0852	TAATTTTGACCAAT
5-TAATTTTGATCAAT	STREME-5	Scaffold5	9043178	9043191	-	18.6707	2.28e-07	0.0952	TAATTTTGATCAAG
5-TAATTTTGATCAAT	STREME-5	Scaffold8	11670946	11670959	+	18.3659	3.7e-07	0.145	TAATTTTGGTCAAA
5-TAATTTTGATCAAT	STREME-5	Scaffold4	43987058	43987071	-	17.878	4.2e-07	0.146	TAACTTTGATCAAT
5-TAATTTTGATCAAT	STREME-5	Scaffold11	22538547	22538560	-	17.7927	4.97e-07	0.146	TAATTTTGGTGAAT
5-TAATTTTGATCAAT	STREME-5	Scaffold11	22538547	22538560	-	17.7927	4.97e-07	0.146	TAATTTTGGTGAAT
5-TAATTTTGATCAAT	STREME-5	Scaffold9	29402391	29402404	-	17.7927	4.97e-07	0.146	TAATTTTGGTGAAT
5-TAATTTTGATCAAT	STREME-5	Scaffold4	19439340	19439353	-	17.7317	5.3e-07	0.146	TAATTTTCATCAAT
5-TAATTTTGATCAAT	STREME-5	Scaffold2	1419450	1419463	-	17.7195	5.49e-07	0.146	TAATTTTGGTCATT
5-TAATTTTGATCAAT	STREME-5	Scaffold2	54527298	54527311	+	17.7195	5.49e-07	0.146	TAATTTTGGTCATT
5-TAATTTTGATCAAT	STREME-5	Scaffold4	31724194	31724207	-	17.5122	6.65e-07	0.162	TAATTTTGATCATA
5-TAATTTTGATCAAT	STREME-5	Scaffold4	31724194	31724207	-	17.5122	6.65e-07	0.162	TAATTTTGATCATA
5-TAATTTTGATCAAT	STREME-5	Scaffold5	49216548	49216561	+	17.4878	7.4e-07	0.162	TAATTTTGACCAAA
5-TAATTTTGATCAAT	STREME-5	Scaffold2	1764836	1764849	+	17.3415	7.51e-07	0.162	TAATTGTGGTCAAT
5-TAATTTTGATCAAT	STREME-5	Scaffold2	15015261	15015274	+	17.2317	7.9e-07	0.162	TAATTTTGATCATC
5-TAATTTTGATCAAT	STREME-5	Scaffold3	1306987	1307000	-	17.2073	8.01e-07	0.162	TAATTTTGACCAAC
5-TAATTTTGATCAAT	STREME-5	Scaffold7	1313770	1313783	-	17.2073	8.01e-07	0.162	TAATTTTGACCAAC
5-TAATTTTGATCAAT	STREME-5	Scaffold8	39750791	39750804	-	16.8537	1.07e-06	0.177	TAATTTTGAACAAA
5-TAATTTTGATCAAT	STREME-5	Scaffold8	39750791	39750804	-	16.8537	1.07e-06	0.177	TAATTTTGAACAAA
5-TAATTTTGATCAAT	STREME-5	Scaffold3	55800179	55800192	-	16.8537	1.07e-06	0.177	TAATTTTGAACAAA
5-TAATTTTGATCAAT	STREME-5	Scaffold2	17323367	17323380	-	16.8415	1.11e-06	0.177	TAATTTCGGTCAAT
5-TAATTTTGATCAAT	STREME-5	Scaffold3	54362190	54362203	+	16.8415	1.11e-06	0.177	TAATTTTGACCATT
5-TAATTTTGATCAAT	STREME-5	Scaffold5	1195803	1195816	-	16.8171	1.13e-06	0.177	TAATTTTGATCACA
5-TAATTTTGATCAAT	STREME-5	Scaffold5	1195803	1195816	-	16.8171	1.13e-06	0.177	TAATTTTGATCACA
5-TAATTTTGATCAAT	STREME-5	Scaffold2	4950111	4950124	+	16.6951	1.19e-06	0.177	TAATTTTGTTCAAA
5-TAATTTTGATCAAT	STREME-5	Scaffold3	49106494	49106507	+	16.6951	1.19e-06	0.177	TAATTTTGTTCAAA
5-TAATTTTGATCAAT	STREME-5	Scaffold1	29011806	29011819	+	16.6707	1.23e-06	0.177	AAATTTTGATCAAT
5-TAATTTTGATCAAT	STREME-5	Scaffold6	18435437	18435450	+	16.6341	1.26e-06	0.177	TAATTTGGATCAAA
5-TAATTTTGATCAAT	STREME-5	Scaffold3	15359636	15359649	+	16.5732	1.28e-06	0.177	TAATTTTGAACAAC
5-TAATTTTGATCAAT	STREME-5	Scaffold1	41485354	41485367	+	16.5732	1.28e-06	0.177	TAATTTTGAACAAC
5-TAATTTTGATCAAT	STREME-5	Scaffold2	16350929	16350942	+	16.561	1.3e-06	0.177	TAATTGTGATGAAT
5-TAATTTTGATCAAT	STREME-5	Scaffold3	326879	326892	+	16.4146	1.48e-06	0.19	TAATTTTGTTCAAC
5-TAATTTTGATCAAT	STREME-5	Scaffold2	14612207	14612220	-	16.3537	1.53e-06	0.19	TAATTTGGATCAAC
5-TAATTTTGATCAAT	STREME-5	Scaffold2	14612207	14612220	-	16.3537	1.53e-06	0.19	TAATTTGGATCAAC
5-TAATTTTGATCAAT	STREME-5	Scaffold3	31464605	31464618	-	16.3537	1.53e-06	0.19	TAATTTTGATGAAG
5-TAATTTTGATCAAT	STREME-5	Scaffold11	7654396	7654409	+	16.2805	1.62e-06	0.194	TAATTTTGAAGAAT
5-TAATTTTGATCAAT	STREME-5	Scaffold1	25489543	25489556	+	16.2683	1.63e-06	0.194	TAATTTTGGTCCAT
5-TAATTTTGATCAAT	STREME-5	Scaffold6	14064502	14064515	-	16.2439	1.66e-06	0.194	TAATTTTGATGACT
5-TAATTTTGATCAAT	STREME-5	Scaffold5	39594668	39594681	+	16.061	1.91e-06	0.219	TAATTTTGATCCAA
5-TAATTTTGATCAAT	STREME-5	Scaffold11	12084589	12084602	+	16.0488	1.96e-06	0.221	TAATTTTGTTCATT
5-TAATTTTGATCAAT	STREME-5	Scaffold8	37878378	37878391	+	15.9756	2.12e-06	0.227	TAATTTTGGTCATA
5-TAATTTTGATCAAT	STREME-5	Scaffold1	44374144	44374157	+	15.9756	2.12e-06	0.227	TAATTTTGGTCATA
5-TAATTTTGATCAAT	STREME-5	Scaffold10	32761441	32761454	-	15.9512	2.19e-06	0.227	TAATTTTGGCCAAA
5-TAATTTTGATCAAT	STREME-5	Scaffold3	2077597	2077610	-	15.8293	2.28e-06	0.227	TAATTGTGAACAAT
5-TAATTTTGATCAAT	STREME-5	Scaffold8	37873314	37873327	-	15.7561	2.4e-06	0.227	TAATTTTAATCAAA
5-TAATTTTGATCAAT	STREME-5	Scaffold4	37537276	37537289	-	15.6585	2.48e-06	0.227	TAATCTTGATCAAC
5-TAATTTTGATCAAT	STREME-5	Scaffold10	5370774	5370787	+	15.622	2.5e-06	0.227	TAATTTTGAACAAG
5-TAATTTTGATCAAT	STREME-5	Scaffold11	11270868	11270881	-	15.622	2.5e-06	0.227	TAATTTTGAACAAG
5-TAATTTTGATCAAT	STREME-5	Scaffold10	30166520	30166533	+	15.622	2.5e-06	0.227	TAATTTTGAACAAG
5-TAATTTTGATCAAT	STREME-5	Scaffold9	37951561	37951574	+	15.622	2.5e-06	0.227	TAATTTTGAACAAG
5-TAATTTTGATCAAT	STREME-5	Scaffold9	37951561	37951574	+	15.622	2.5e-06	0.227	TAATTTTGAACAAG
5-TAATTTTGATCAAT	STREME-5	Scaffold8	40790134	40790147	-	15.622	2.5e-06	0.227	TAATTTTGAACAAG
5-TAATTTTGATCAAT	STREME-5	Scaffold1	5861288	5861301	-	15.6098	2.52e-06	0.227	TAATTGGGATCAAT
5-TAATTTTGATCAAT	STREME-5	Scaffold6	390754	390767	-	15.561	2.61e-06	0.227	TAATTTTGGTAAAT
5-TAATTTTGATCAAT	STREME-5	Scaffold3	38133404	38133417	+	15.4878	2.73e-06	0.227	TAATTTTGCTGAAT
5-TAATTTTGATCAAT	STREME-5	Scaffold3	40691001	40691014	-	15.4878	2.73e-06	0.227	TAATTTTGATGCAT
5-TAATTTTGATCAAT	STREME-5	Scaffold3	40691001	40691014	-	15.4878	2.73e-06	0.227	TAATTTTGATGCAT
5-TAATTTTGATCAAT	STREME-5	Scaffold3	50786777	50786790	+	15.4878	2.73e-06	0.227	TAATTTTGCTGAAT
5-TAATTTTGATCAAT	STREME-5	Scaffold5	521922	521935	+	15.4756	2.79e-06	0.227	TAATTTTGGGCAAT
5-TAATTTTGATCAAT	STREME-5	Scaffold10	25721819	25721832	+	15.4634	2.84e-06	0.227	TAACTTTGACCAAT
5-TAATTTTGATCAAT	STREME-5	Scaffold6	44273513	44273526	-	15.4634	2.84e-06	0.227	TAACTTTGACCAAT
5-TAATTTTGATCAAT	STREME-5	Scaffold9	33299738	33299751	-	15.4268	2.87e-06	0.227	TCATTTTGATCAAT
5-TAATTTTGATCAAT	STREME-5	Scaffold6	347689	347702	-	15.4024	2.98e-06	0.227	TAATTTTGGTGATT
5-TAATTTTGATCAAT	STREME-5	Scaffold10	28150626	28150639	-	15.4024	2.98e-06	0.227	TAATTTTGGTGATT
5-TAATTTTGATCAAT	STREME-5	Scaffold8	4921164	4921177	+	15.3537	3.14e-06	0.227	TAATTTTGATAAAA
5-TAATTTTGATCAAT	STREME-5	Scaffold8	11670914	11670927	+	15.3537	3.14e-06	0.227	TAATTTTGATAAAA
5-TAATTTTGATCAAT	STREME-5	Scaffold8	11670972	11670985	-	15.3537	3.14e-06	0.227	TAATTTTGATAAAA
5-TAATTTTGATCAAT	STREME-5	Scaffold4	22673445	22673458	+	15.3537	3.14e-06	0.227	TAATTTTGATAAAA
5-TAATTTTGATCAAT	STREME-5	Scaffold4	22673607	22673620	-	15.3537	3.14e-06	0.227	TAATTTTGATAAAA
5-TAATTTTGATCAAT	STREME-5	Scaffold11	3971998	3972011	-	15.3415	3.2e-06	0.228	TAATTTTCATCATT
5-TAATTTTGATCAAT	STREME-5	Scaffold4	23026888	23026901	+	15.3049	3.34e-06	0.229	TAAATTTGATCAAT
5-TAATTTTGATCAAT	STREME-5	Scaffold9	14152231	14152244	-	15.2927	3.38e-06	0.229	TAATCTTGATCATT
5-TAATTTTGATCAAT	STREME-5	Scaffold9	14152231	14152244	-	15.2927	3.38e-06	0.229	TAATCTTGATCATT
5-TAATTTTGATCAAT	STREME-5	Scaffold11	5605853	5605866	+	15.2805	3.41e-06	0.229	TACTTTTGATGAAT
5-TAATTTTGATCAAT	STREME-5	Scaffold11	5605853	5605866	+	15.2805	3.41e-06	0.229	TACTTTTGATGAAT
5-TAATTTTGATCAAT	STREME-5	Scaffold5	28617175	28617188	+	15.1951	3.51e-06	0.233	TAATTTTGATGATA
5-TAATTTTGATCAAT	STREME-5	Scaffold3	52585915	52585928	-	15.1829	3.58e-06	0.234	TAATTTTAATGAAT
5-TAATTTTGATCAAT	STREME-5	Scaffold5	7879912	7879925	+	15.1707	3.63e-06	0.234	TAATTTGGTTCAAT
5-TAATTTTGATCAAT	STREME-5	Scaffold5	47915688	47915701	-	15.1707	3.63e-06	0.234	TAATTTTGACGAAA
5-TAATTTTGATCAAT	STREME-5	Scaffold8	39533725	39533738	+	15.0976	3.81e-06	0.24	TAATTTGGGTCAAA
5-TAATTTTGATCAAT	STREME-5	Scaffold8	38420018	38420031	-	15.0854	3.85e-06	0.24	TAATTTTAACCAAT
5-TAATTTTGATCAAT	STREME-5	Scaffold5	49755655	49755668	+	15.0854	3.85e-06	0.24	TAATTTTAACCAAT
5-TAATTTTGATCAAT	STREME-5	Scaffold8	39713002	39713015	-	15.0366	3.94e-06	0.243	TAATTGTGCTCAAT
5-TAATTTTGATCAAT	STREME-5	Scaffold2	12796403	12796416	+	14.9268	4.08e-06	0.246	AAATTTTGATCAAA
5-TAATTTTGATCAAT	STREME-5	Scaffold2	12796403	12796416	+	14.9268	4.08e-06	0.246	AAATTTTGATCAAA
5-TAATTTTGATCAAT	STREME-5	Scaffold3	39740802	39740815	+	14.9024	4.16e-06	0.248	TAACTTTGATCAAG
5-TAATTTTGATCAAT	STREME-5	Scaffold4	36189317	36189330	+	14.8293	4.29e-06	0.25	TACTTGTGATCAAT
5-TAATTTTGATCAAT	STREME-5	Scaffold6	390605	390618	-	14.8171	4.37e-06	0.25	TAATTTTGGTGAAG
5-TAATTTTGATCAAT	STREME-5	Scaffold1	36357979	36357992	+	14.8049	4.4e-06	0.25	TAATGTTGAACAAT
5-TAATTTTGATCAAT	STREME-5	Scaffold1	36357979	36357992	+	14.8049	4.4e-06	0.25	TAATGTTGAACAAT
5-TAATTTTGATCAAT	STREME-5	Scaffold10	37648751	37648764	+	14.8049	4.4e-06	0.25	TAATGTTGAACAAT
5-TAATTTTGATCAAT	STREME-5	Scaffold9	28060604	28060617	-	14.7561	4.48e-06	0.252	TAATTTTCATCAAG
5-TAATTTTGATCAAT	STREME-5	Scaffold1	33440340	33440353	-	14.7195	4.64e-06	0.257	TAATTGTGACCAAA
5-TAATTTTGATCAAT	STREME-5	Scaffold7	32563942	32563955	+	14.7073	4.72e-06	0.257	TAATTTTGATAATT
5-TAATTTTGATCAAT	STREME-5	Scaffold9	4129950	4129963	-	14.6951	4.79e-06	0.257	TAATTTTGAGGAAT
5-TAATTTTGATCAAT	STREME-5	Scaffold3	29214423	29214436	-	14.6951	4.79e-06	0.257	TAATTTTTATCAAA
5-TAATTTTGATCAAT	STREME-5	Scaffold9	34505634	34505647	+	14.6951	4.79e-06	0.257	TAATTTTTATCAAA
5-TAATTTTGATCAAT	STREME-5	Scaffold8	39964272	39964285	+	14.6829	4.86e-06	0.257	TAATTTTCAACAAT
5-TAATTTTGATCAAT	STREME-5	Scaffold9	30365987	30366000	-	14.6707	4.93e-06	0.257	TAACTTTGTTCAAT
5-TAATTTTGATCAAT	STREME-5	Scaffold9	30365987	30366000	-	14.6707	4.93e-06	0.257	TAACTTTGTTCAAT
5-TAATTTTGATCAAT	STREME-5	Scaffold6	16647031	16647044	+	14.6463	4.99e-06	0.257	TAATGTTGTTCAAT
5-TAATTTTGATCAAT	STREME-5	Scaffold6	14064871	14064884	+	14.6341	5.01e-06	0.257	TAATCTTGAACAAT
5-TAATTTTGATCAAT	STREME-5	Scaffold4	37536550	37536563	+	14.5854	5.13e-06	0.261	TAATGTGGATCAAT
5-TAATTTTGATCAAT	STREME-5	Scaffold2	41460669	41460682	+	14.5488	5.19e-06	0.262	TACTTTTGAACAAT
5-TAATTTTGATCAAT	STREME-5	Scaffold5	8258904	8258917	-	14.5	5.47e-06	0.265	TAATTTTGGTTAAT
5-TAATTTTGATCAAT	STREME-5	Scaffold5	10836763	10836776	+	14.5	5.47e-06	0.265	TAATTTTGGTTAAT
5-TAATTTTGATCAAT	STREME-5	Scaffold1	27041256	27041269	-	14.5	5.47e-06	0.265	TAATTTTGATGACA
5-TAATTTTGATCAAT	STREME-5	Scaffold1	27041256	27041269	-	14.5	5.47e-06	0.265	TAATTTTGATGACA
5-TAATTTTGATCAAT	STREME-5	Scaffold7	37946676	37946689	-	14.5	5.47e-06	0.265	TAATTTTGGTTAAT
5-TAATTTTGATCAAT	STREME-5	Scaffold5	17904107	17904120	-	14.4634	5.63e-06	0.265	TAATTTCCATCAAT
5-TAATTTTGATCAAT	STREME-5	Scaffold1	37877843	37877856	-	14.4634	5.63e-06	0.265	TAATTTTGACCTAT
5-TAATTTTGATCAAT	STREME-5	Scaffold3	2073979	2073992	+	14.4512	5.76e-06	0.265	TAATTTTCGTCAAA
5-TAATTTTGATCAAT	STREME-5	Scaffold2	9304036	9304049	-	14.4512	5.76e-06	0.265	TAATTTTCGTCAAA
5-TAATTTTGATCAAT	STREME-5	Scaffold7	43741747	43741760	-	14.4512	5.76e-06	0.265	TAATTTTCGTCAAA
5-TAATTTTGATCAAT	STREME-5	Scaffold5	47915684	47915697	+	14.4512	5.76e-06	0.265	TAATTTTCGTCAAA
5-TAATTTTGATCAAT	STREME-5	Scaffold8	1963567	1963580	-	14.4024	5.9e-06	0.268	TAATCTTGGTCAAA
5-TAATTTTGATCAAT	STREME-5	Scaffold11	3979678	3979691	+	14.4024	5.9e-06	0.268	TAATCTTGGTCAAA
5-TAATTTTGATCAAT	STREME-5	Scaffold4	33098384	33098397	-	14.378	6e-06	0.27	TAATATTGATCATT
5-TAATTTTGATCAAT	STREME-5	Scaffold11	1317187	1317200	-	14.3537	6.06e-06	0.271	AAATTTTGATGAAT
5-TAATTTTGATCAAT	STREME-5	Scaffold3	1005239	1005252	+	14.3293	6.12e-06	0.271	TAATTGTGATAAAT
5-TAATTTTGATCAAT	STREME-5	Scaffold5	46811309	46811322	-	14.2927	6.36e-06	0.28	TAATGTTGGTCAAC
5-TAATTTTGATCAAT	STREME-5	Scaffold9	21356697	21356710	+	14.2561	6.46e-06	0.282	AAATTTTGACCAAT
5-TAATTTTGATCAAT	STREME-5	Scaffold10	30569866	30569879	+	14.2439	6.54e-06	0.283	TAATTTTGCTCAGT
5-TAATTTTGATCAAT	STREME-5	Scaffold2	987674	987687	+	14.2317	6.61e-06	0.285	TAATTTCAATCAAT
5-TAATTTTGATCAAT	STREME-5	Scaffold10	4686818	4686831	+	14.1707	6.75e-06	0.287	TAATTGTGATGATT
5-TAATTTTGATCAAT	STREME-5	Scaffold7	29912169	29912182	-	14.122	6.9e-06	0.287	TAATTTTTATGAAT
5-TAATTTTGATCAAT	STREME-5	Scaffold1	38104768	38104781	-	14.122	6.9e-06	0.287	TAATCTTGATCAGT
5-TAATTTTGATCAAT	STREME-5	Scaffold5	6453107	6453120	-	14.1098	6.92e-06	0.287	TAATTGTGATCTAT
5-TAATTTTGATCAAT	STREME-5	Scaffold5	6453107	6453120	-	14.1098	6.92e-06	0.287	TAATTGTGATCTAT
5-TAATTTTGATCAAT	STREME-5	Scaffold8	35322481	35322494	-	14.0732	7.06e-06	0.291	TAGTTTTGATCATT
5-TAATTTTGATCAAT	STREME-5	Scaffold9	3609088	3609101	+	14.0488	7.2e-06	0.291	TAATTTTTATCATT
5-TAATTTTGATCAAT	STREME-5	Scaffold8	41157324	41157337	-	14.0488	7.2e-06	0.291	TAATTTTGAAAAAT
5-TAATTTTGATCAAT	STREME-5	Scaffold3	57117056	57117069	+	14.0488	7.2e-06	0.291	TAATTTTGAAAAAT
5-TAATTTTGATCAAT	STREME-5	Scaffold10	5332413	5332426	+	14.0366	7.27e-06	0.292	TAATTTGGATGAAC
5-TAATTTTGATCAAT	STREME-5	Scaffold4	37541773	37541786	-	14.0122	7.48e-06	0.296	TAATTTTGATAACT
5-TAATTTTGATCAAT	STREME-5	Scaffold5	40715650	40715663	+	14.0122	7.48e-06	0.296	TAATTTTGATAACT
5-TAATTTTGATCAAT	STREME-5	Scaffold3	42728605	42728618	+	13.9268	7.82e-06	0.307	TAACTTTGGCCAAT
5-TAATTTTGATCAAT	STREME-5	Scaffold8	5050022	5050035	+	13.8902	8.02e-06	0.309	TAATTTTGTTAAAT
5-TAATTTTGATCAAT	STREME-5	Scaffold5	35822351	35822364	-	13.8902	8.02e-06	0.309	TAATTTTGAAGATT
5-TAATTTTGATCAAT	STREME-5	Scaffold8	41832897	41832910	+	13.8902	8.02e-06	0.309	TAATTTTGTTAAAT
5-TAATTTTGATCAAT	STREME-5	Scaffold1	37797617	37797630	+	13.8659	8.09e-06	0.309	TAATTTTGACCATG
5-TAATTTTGATCAAT	STREME-5	Scaffold10	34569718	34569731	-	13.8415	8.12e-06	0.309	TAATCTTGATCCAT
5-TAATTTTGATCAAT	STREME-5	Scaffold2	1683337	1683350	+	13.8293	8.26e-06	0.312	TAATCTTGGTGAAT
5-TAATTTTGATCAAT	STREME-5	Scaffold5	40714813	40714826	-	13.7439	8.7e-06	0.326	TAACTTTGATCATA
5-TAATTTTGATCAAT	STREME-5	Scaffold10	10668495	10668508	-	13.7195	8.87e-06	0.328	TAATATTGAACAAT
5-TAATTTTGATCAAT	STREME-5	Scaffold6	44273572	44273585	-	13.7195	8.87e-06	0.328	TAACTTTGACCAAA
5-TAATTTTGATCAAT	STREME-5	Scaffold3	1813177	1813190	-	13.7073	8.92e-06	0.328	TAATGTTAATCAAT
5-TAATTTTGATCAAT	STREME-5	Scaffold2	45985608	45985621	-	13.6829	9.02e-06	0.33	TCATTTTGATCAAA
5-TAATTTTGATCAAT	STREME-5	Scaffold1	41477923	41477936	-	13.6707	9.2e-06	0.335	TAATTTTGTTCTAT
5-TAATTTTGATCAAT	STREME-5	Scaffold6	5474632	5474645	+	13.6585	9.29e-06	0.336	TAATTTTACTCAAT
5-TAATTTTGATCAAT	STREME-5	Scaffold9	32972817	32972830	+	13.6463	9.5e-06	0.339	TAATTGTGTTCAAC
5-TAATTTTGATCAAT	STREME-5	Scaffold3	49577460	49577473	-	13.6463	9.5e-06	0.339	TAATTGTGTTCAAC
5-TAATTTTGATCAAT	STREME-5	Scaffold8	39527452	39527465	-	13.6098	9.69e-06	0.342	TAATTTCGATCTAT
5-TAATTTTGATCAAT	STREME-5	Scaffold6	3711587	3711600	+	13.5976	9.74e-06	0.342	TAATTTTCATCATA
5-TAATTTTGATCAAT	STREME-5	Scaffold11	16433252	16433265	+	13.5854	9.82e-06	0.342	TAATTTCGAACAAA
5-TAATTTTGATCAAT	STREME-5	Scaffold8	38731418	38731431	+	13.5854	9.82e-06	0.342	TAATTGTGATGAAG
5-TAATTTTGATCAAT	STREME-5	Scaffold3	49586764	49586777	-	13.5732	9.92e-06	0.344	TAATTTTAGTCATT
5-TAATTTTGATCAAT	STREME-5	Scaffold1	6386659	6386672	+	13.5366	1.02e-05	0.346	TACTTTTGATGAAA
5-TAATTTTGATCAAT	STREME-5	Scaffold1	6386659	6386672	+	13.5366	1.02e-05	0.346	TACTTTTGATGAAA
5-TAATTTTGATCAAT	STREME-5	Scaffold3	49766507	49766520	-	13.5366	1.02e-05	0.346	TACTTTTGATGAAA
5-TAATTTTGATCAAT	STREME-5	Scaffold9	26448701	26448714	+	13.5	1.03e-05	0.348	TAATATCGATCAAT
5-TAATTTTGATCAAT	STREME-5	Scaffold4	21409500	21409513	-	13.4878	1.03e-05	0.348	TAATATTGGTCAAA
5-TAATTTTGATCAAT	STREME-5	Scaffold1	29514169	29514182	+	13.4634	1.05e-05	0.35	AAATTTTGTTCAAT
5-TAATTTTGATCAAT	STREME-5	Scaffold8	40966354	40966367	-	13.4512	1.05e-05	0.35	TACTTTTAATCAAT
5-TAATTTTGATCAAT	STREME-5	Scaffold7	29913022	29913035	+	13.439	1.07e-05	0.35	TAATTGTGAACATT
5-TAATTTTGATCAAT	STREME-5	Scaffold2	15035169	15035182	-	13.4268	1.07e-05	0.35	TAATTTGGTTCAAA
5-TAATTTTGATCAAT	STREME-5	Scaffold3	15348652	15348665	-	13.4268	1.07e-05	0.35	TAATTTCGTTCAAA
5-TAATTTTGATCAAT	STREME-5	Scaffold1	41116459	41116472	-	13.3902	1.09e-05	0.353	AAATTTTGGTCAAA
5-TAATTTTGATCAAT	STREME-5	Scaffold5	49216552	49216565	-	13.3902	1.09e-05	0.353	AAATTTTGGTCAAA
5-TAATTTTGATCAAT	STREME-5	Scaffold4	19439430	19439443	+	13.3415	1.12e-05	0.361	TAATTTTAACCAAA
5-TAATTTTGATCAAT	STREME-5	Scaffold6	2957390	2957403	+	13.3171	1.13e-05	0.361	TAATTTTGATCTGT
5-TAATTTTGATCAAT	STREME-5	Scaffold1	20236246	20236259	-	13.3049	1.14e-05	0.361	TAATTTTGAAGAAG
5-TAATTTTGATCAAT	STREME-5	Scaffold1	20236246	20236259	-	13.3049	1.14e-05	0.361	TAATTTTGAAGAAG
5-TAATTTTGATCAAT	STREME-5	Scaffold8	11668076	11668089	-	13.2561	1.18e-05	0.37	TAATTTTGCTAAAT
5-TAATTTTGATCAAT	STREME-5	Scaffold1	36547224	36547237	-	13.2317	1.19e-05	0.372	TAATTTTGAACATG
5-TAATTTTGATCAAT	STREME-5	Scaffold6	13601243	13601256	+	13.1951	1.21e-05	0.374	TAGTTTGGATCAAT
5-TAATTTTGATCAAT	STREME-5	Scaffold6	25950019	25950032	+	13.1829	1.22e-05	0.374	TAATTTTCATAAAT
5-TAATTTTGATCAAT	STREME-5	Scaffold1	5863306	5863319	+	13.1707	1.24e-05	0.374	TAATTTTGAGCCAT
5-TAATTTTGATCAAT	STREME-5	Scaffold5	7053034	7053047	+	13.1707	1.24e-05	0.374	TAACTTTGATGATT
5-TAATTTTGATCAAT	STREME-5	Scaffold1	40012276	40012289	-	13.1707	1.24e-05	0.374	TAATTTCTATCAAT
5-TAATTTTGATCAAT	STREME-5	Scaffold2	51498146	51498159	-	13.1707	1.24e-05	0.374	TAATTTTGGTAATT
5-TAATTTTGATCAAT	STREME-5	Scaffold3	1793429	1793442	-	13.1585	1.25e-05	0.374	TAATTTTTGTCAAA
5-TAATTTTGATCAAT	STREME-5	Scaffold9	29397412	29397425	-	13.1585	1.25e-05	0.374	TAATTTTTGTCAAA
5-TAATTTTGATCAAT	STREME-5	Scaffold9	582099	582112	+	13.1463	1.26e-05	0.376	TAATTTCGTTCAAC
5-TAATTTTGATCAAT	STREME-5	Scaffold11	3979398	3979411	-	13.061	1.32e-05	0.391	GAATTTTGACCAAT
5-TAATTTTGATCAAT	STREME-5	Scaffold7	30731978	30731991	+	13.061	1.32e-05	0.391	TAATTTTAACCAAC
5-TAATTTTGATCAAT	STREME-5	Scaffold4	42813168	42813181	+	13.0488	1.33e-05	0.391	TAATGTGGGTCAAT
5-TAATTTTGATCAAT	STREME-5	Scaffold9	23595261	23595274	+	13.0122	1.36e-05	0.396	TAATTTTGAACCAA
5-TAATTTTGATCAAT	STREME-5	Scaffold1	23704716	23704729	-	13	1.37e-05	0.396	TAATTTTGGAGAAA
5-TAATTTTGATCAAT	STREME-5	Scaffold5	38012872	38012885	-	13	1.37e-05	0.396	TAACATTGATCAAT
5-TAATTTTGATCAAT	STREME-5	Scaffold1	44452405	44452418	-	13	1.37e-05	0.396	TAATTTTGGAGAAA
5-TAATTTTGATCAAT	STREME-5	Scaffold11	1902374	1902387	-	12.9512	1.42e-05	0.402	TAATTTTGGTCTTT
5-TAATTTTGATCAAT	STREME-5	Scaffold4	31724001	31724014	-	12.9512	1.42e-05	0.402	TAATTTTGAGGAAA
5-TAATTTTGATCAAT	STREME-5	Scaffold4	31724001	31724014	-	12.9512	1.42e-05	0.402	TAATTTTGAGGAAA
5-TAATTTTGATCAAT	STREME-5	Scaffold4	36189112	36189125	+	12.9512	1.42e-05	0.402	TAATTTTGATTACT
5-TAATTTTGATCAAT	STREME-5	Scaffold3	1793425	1793438	+	12.939	1.44e-05	0.402	TAATTTTGACAAAA
5-TAATTTTGATCAAT	STREME-5	Scaffold9	29397408	29397421	+	12.939	1.44e-05	0.402	TAATTTTGACAAAA
5-TAATTTTGATCAAT	STREME-5	Scaffold1	6419014	6419027	-	12.9268	1.45e-05	0.404	TAATATTGCTCAAT
5-TAATTTTGATCAAT	STREME-5	Scaffold2	1432833	1432846	+	12.8902	1.48e-05	0.407	TAATCTTGAACAAA
5-TAATTTTGATCAAT	STREME-5	Scaffold11	2533952	2533965	-	12.8902	1.48e-05	0.407	TAAATTTGACCAAT
5-TAATTTTGATCAAT	STREME-5	Scaffold3	16335215	16335228	-	12.878	1.49e-05	0.407	TAATTTTTATCAGT
5-TAATTTTGATCAAT	STREME-5	Scaffold3	52357046	52357059	+	12.878	1.49e-05	0.407	AAATGTTGATCAAT
5-TAATTTTGATCAAT	STREME-5	Scaffold11	9859656	9859669	+	12.8659	1.5e-05	0.407	TAATTTTAAGCAAT
5-TAATTTTGATCAAT	STREME-5	Scaffold6	30675652	30675665	-	12.8537	1.51e-05	0.407	TAATTTAGATCAGT
5-TAATTTTGATCAAT	STREME-5	Scaffold6	3076854	3076867	+	12.8293	1.53e-05	0.407	AAATTTTGCTCAAT
5-TAATTTTGATCAAT	STREME-5	Scaffold3	38453107	38453120	+	12.8049	1.54e-05	0.407	TACTTTTGAACAAA
5-TAATTTTGATCAAT	STREME-5	Scaffold3	55800889	55800902	+	12.8049	1.54e-05	0.407	TACTTTTGAACAAA
5-TAATTTTGATCAAT	STREME-5	Scaffold5	6445330	6445343	+	12.7927	1.56e-05	0.407	TACTTTTGACCATT
5-TAATTTTGATCAAT	STREME-5	Scaffold5	6445330	6445343	+	12.7927	1.56e-05	0.407	TACTTTTGACCATT
5-TAATTTTGATCAAT	STREME-5	Scaffold4	23026740	23026753	+	12.7927	1.56e-05	0.407	TAATTTCGATCCAA
5-TAATTTTGATCAAT	STREME-5	Scaffold1	5862862	5862875	-	12.7805	1.57e-05	0.407	TAATTTGGTTCATT
5-TAATTTTGATCAAT	STREME-5	Scaffold4	22673638	22673651	-	12.7805	1.57e-05	0.407	TAATTTTCTTCAAA
5-TAATTTTGATCAAT	STREME-5	Scaffold4	31724225	31724238	-	12.7805	1.57e-05	0.407	TAATTTTCTTCAAA
5-TAATTTTGATCAAT	STREME-5	Scaffold4	31724225	31724238	-	12.7805	1.57e-05	0.407	TAATTTTCTTCAAA
5-TAATTTTGATCAAT	STREME-5	Scaffold2	12416333	12416346	+	12.7561	1.59e-05	0.407	AAATTTTCATCAAT
5-TAATTTTGATCAAT	STREME-5	Scaffold4	27901506	27901519	+	12.7561	1.59e-05	0.407	AAATTTTCATCAAT
5-TAATTTTGATCAAT	STREME-5	Scaffold10	34367824	34367837	-	12.7561	1.59e-05	0.407	AAATTTTCATCAAT
5-TAATTTTGATCAAT	STREME-5	Scaffold8	1970078	1970091	+	12.7073	1.64e-05	0.415	GAATTGTGATCAAT
5-TAATTTTGATCAAT	STREME-5	Scaffold7	37946882	37946895	+	12.7073	1.64e-05	0.415	TAATATTGATGAAA
5-TAATTTTGATCAAT	STREME-5	Scaffold1	40003058	40003071	+	12.7073	1.64e-05	0.415	TAATTTTGGTCCGT
5-TAATTTTGATCAAT	STREME-5	Scaffold6	8870522	8870535	+	12.6951	1.66e-05	0.416	TAATTTTAACCATT
5-TAATTTTGATCAAT	STREME-5	Scaffold5	4920527	4920540	+	12.6463	1.69e-05	0.418	TAACTTAGATCAAT
5-TAATTTTGATCAAT	STREME-5	Scaffold3	47699389	47699402	-	12.6341	1.7e-05	0.418	TAATATTGATCATA
5-TAATTTTGATCAAT	STREME-5	Scaffold10	26260470	26260483	-	12.622	1.72e-05	0.418	TAATATTAATCAAT
5-TAATTTTGATCAAT	STREME-5	Scaffold5	7062058	7062071	+	12.6098	1.73e-05	0.418	AAATTTTGATGAAA
5-TAATTTTGATCAAT	STREME-5	Scaffold8	37285240	37285253	-	12.6098	1.73e-05	0.418	TAGTTTTGGTGAAT
5-TAATTTTGATCAAT	STREME-5	Scaffold8	37285240	37285253	-	12.6098	1.73e-05	0.418	TAGTTTTGGTGAAT
5-TAATTTTGATCAAT	STREME-5	Scaffold1	28594978	28594991	+	12.5976	1.73e-05	0.418	TAATTTTTCTCAAT
5-TAATTTTGATCAAT	STREME-5	Scaffold8	41726475	41726488	+	12.5976	1.73e-05	0.418	TAATTTTTCTCAAT
5-TAATTTTGATCAAT	STREME-5	Scaffold1	44374569	44374582	-	12.5976	1.73e-05	0.418	TAATTTTTCTCAAT
5-TAATTTTGATCAAT	STREME-5	Scaffold5	17919196	17919209	-	12.5854	1.75e-05	0.418	TACTTTCGATCAAA
5-TAATTTTGATCAAT	STREME-5	Scaffold2	14784106	14784119	+	12.561	1.77e-05	0.418	TAATGTGGATCAAC
5-TAATTTTGATCAAT	STREME-5	Scaffold8	5035244	5035257	+	12.5488	1.78e-05	0.418	TAATTTTATTCAAA
5-TAATTTTGATCAAT	STREME-5	Scaffold6	7827709	7827722	+	12.5244	1.8e-05	0.418	AAATTTTAATCAAT
5-TAATTTTGATCAAT	STREME-5	Scaffold10	30569447	30569460	+	12.5244	1.8e-05	0.418	AAATTTTAATCAAT
5-TAATTTTGATCAAT	STREME-5	Scaffold7	43360734	43360747	-	12.5122	1.82e-05	0.418	TAATTTTGGAAAAT
5-TAATTTTGATCAAT	STREME-5	Scaffold7	30676025	30676038	-	12.5	1.84e-05	0.418	TAATTGTGAGCAAA
5-TAATTTTGATCAAT	STREME-5	Scaffold1	32105214	32105227	-	12.5	1.84e-05	0.418	TAATTGTGAGCAAA
5-TAATTTTGATCAAT	STREME-5	Scaffold1	38137735	38137748	-	12.5	1.84e-05	0.418	TAATTTACATCAAT
5-TAATTTTGATCAAT	STREME-5	Scaffold8	40783850	40783863	-	12.5	1.84e-05	0.418	TAATTGTGAGCAAA
5-TAATTTTGATCAAT	STREME-5	Scaffold8	41833675	41833688	+	12.5	1.84e-05	0.418	TAATTGTGAGCAAA
5-TAATTTTGATCAAT	STREME-5	Scaffold3	54891710	54891723	-	12.5	1.84e-05	0.418	TAATTGTGAGCAAA
5-TAATTTTGATCAAT	STREME-5	Scaffold3036	2665	2678	-	12.4878	1.85e-05	0.418	TAATTTCAATCAAA
5-TAATTTTGATCAAT	STREME-5	Scaffold1	5860516	5860529	+	12.4878	1.85e-05	0.418	TAATTTGAATCAAA
5-TAATTTTGATCAAT	STREME-5	Scaffold5	37784700	37784713	+	12.4878	1.85e-05	0.418	TAATTTCAATCAAA
5-TAATTTTGATCAAT	STREME-5	Scaffold2	54237109	54237122	+	12.4878	1.85e-05	0.418	TAATTTGAATCAAA
5-TAATTTTGATCAAT	STREME-5	Scaffold2	54237109	54237122	+	12.4878	1.85e-05	0.418	TAATTTGAATCAAA
5-TAATTTTGATCAAT	STREME-5	Scaffold6	336586	336599	+	12.4512	1.88e-05	0.418	TCATTTTGATCAAG
5-TAATTTTGATCAAT	STREME-5	Scaffold1	28595655	28595668	-	12.4512	1.88e-05	0.418	TAATCTTGTTCAAC
5-TAATTTTGATCAAT	STREME-5	Scaffold2	13136327	13136340	-	12.439	1.9e-05	0.418	TAATTTTGCTCATG
5-TAATTTTGATCAAT	STREME-5	Scaffold2	2597402	2597415	-	12.4268	1.91e-05	0.418	TAATTTTGGTGATG
5-TAATTTTGATCAAT	STREME-5	Scaffold10	34268801	34268814	-	12.4268	1.91e-05	0.418	TAAGTTTGATCACT
5-TAATTTTGATCAAT	STREME-5	Scaffold3	54898973	54898986	-	12.4268	1.91e-05	0.418	TAATTTTGGTGATG
5-TAATTTTGATCAAT	STREME-5	Scaffold5	13088202	13088215	-	12.4146	1.92e-05	0.418	TAATGTTGAACATT
5-TAATTTTGATCAAT	STREME-5	Scaffold3	54160435	54160448	-	12.4146	1.92e-05	0.418	TAATGTTGAACATT
5-TAATTTTGATCAAT	STREME-5	Scaffold9	30465676	30465689	-	12.3659	1.97e-05	0.418	TAATTTTGAACCTT
5-TAATTTTGATCAAT	STREME-5	Scaffold7	33511313	33511326	-	12.3659	1.97e-05	0.418	TAATTTTCAAGAAT
5-TAATTTTGATCAAT	STREME-5	Scaffold8	39695486	39695499	+	12.3659	1.97e-05	0.418	TACTTTTGTTCAAC
5-TAATTTTGATCAAT	STREME-5	Scaffold8	39695486	39695499	+	12.3659	1.97e-05	0.418	TACTTTTGTTCAAC
5-TAATTTTGATCAAT	STREME-5	Scaffold10	5370202	5370215	-	12.3537	1.98e-05	0.418	TAATTTCGAACAAG
5-TAATTTTGATCAAT	STREME-5	Scaffold11	11271888	11271901	+	12.3537	1.98e-05	0.418	TAATTTCGAACAAG
5-TAATTTTGATCAAT	STREME-5	Scaffold11	16432672	16432685	-	12.3537	1.98e-05	0.418	TAATTTCGAACAAG
5-TAATTTTGATCAAT	STREME-5	Scaffold9	37950975	37950988	-	12.3537	1.98e-05	0.418	TAATTTCGAACAAG
5-TAATTTTGATCAAT	STREME-5	Scaffold9	37950975	37950988	-	12.3537	1.98e-05	0.418	TAATTTCGAACAAG
5-TAATTTTGATCAAT	STREME-5	Scaffold5	38022463	38022476	+	12.3537	1.98e-05	0.418	TAATTTCGAACAAG
5-TAATTTTGATCAAT	STREME-5	Scaffold8	40790720	40790733	+	12.3537	1.98e-05	0.418	TAATTTCGAACAAG
5-TAATTTTGATCAAT	STREME-5	Scaffold6	2486430	2486443	+	12.3293	2.01e-05	0.421	TAATTTTGATATAT
5-TAATTTTGATCAAT	STREME-5	Scaffold2	39411764	39411777	-	12.3293	2.01e-05	0.421	TAGTTTTGATCATA
5-TAATTTTGATCAAT	STREME-5	Scaffold2	45778031	45778044	+	12.3049	2.05e-05	0.421	TACTTTTGATGAAG
5-TAATTTTGATCAAT	STREME-5	Scaffold8	37878566	37878579	-	12.2927	2.07e-05	0.421	TAATTTTGACAATT
5-TAATTTTGATCAAT	STREME-5	Scaffold3	41509733	41509746	+	12.2927	2.07e-05	0.421	TAACTTTGATCCAA
5-TAATTTTGATCAAT	STREME-5	Scaffold8	947370	947383	+	12.2805	2.08e-05	0.421	TAATTTTTACCAAA
5-TAATTTTGATCAAT	STREME-5	Scaffold7	15866	15879	-	12.2683	2.1e-05	0.421	TAATTTTATTCAAC
5-TAATTTTGATCAAT	STREME-5	Scaffold3	969071	969084	+	12.2683	2.1e-05	0.421	GAATTTTGTTCAAT
5-TAATTTTGATCAAT	STREME-5	Scaffold8	5184035	5184048	+	12.2683	2.1e-05	0.421	TAATTTTATTCAAC
5-TAATTTTGATCAAT	STREME-5	Scaffold11	6963603	6963616	-	12.2683	2.1e-05	0.421	TAATTTTATTCAAC
5-TAATTTTGATCAAT	STREME-5	Scaffold8	7415016	7415029	+	12.2683	2.1e-05	0.421	TAATGTTGATCCAA
5-TAATTTTGATCAAT	STREME-5	Scaffold3	50786638	50786651	+	12.2683	2.1e-05	0.421	TACTGTTGGTCAAT
5-TAATTTTGATCAAT	STREME-5	Scaffold3	4744016	4744029	+	12.2561	2.12e-05	0.421	TAATATTGGTCAAG
5-TAATTTTGATCAAT	STREME-5	Scaffold3	5148104	5148117	-	12.2561	2.12e-05	0.421	TAAATTTGAACAAT
5-TAATTTTGATCAAT	STREME-5	Scaffold10	37649133	37649146	+	12.2561	2.12e-05	0.421	TAACTTTGTCCAAT
5-TAATTTTGATCAAT	STREME-5	Scaffold8	40966778	40966791	-	12.2561	2.12e-05	0.421	TAATTTAGACCAAA
5-TAATTTTGATCAAT	STREME-5	Scaffold8	41726445	41726458	+	12.2439	2.13e-05	0.421	TAAGTTCGATCAAT
5-TAATTTTGATCAAT	STREME-5	Scaffold10	5333040	5333053	+	12.2317	2.14e-05	0.421	TAATGTTGTCCAAT
5-TAATTTTGATCAAT	STREME-5	Scaffold8	14767949	14767962	-	12.2317	2.14e-05	0.421	TAATGTTGTCCAAT
5-TAATTTTGATCAAT	STREME-5	Scaffold4	41135297	41135310	-	12.2317	2.14e-05	0.421	TAATTTTCACCACT
5-TAATTTTGATCAAT	STREME-5	Scaffold6	13068498	13068511	+	12.2073	2.18e-05	0.427	TAACTTTGGTCATA
5-TAATTTTGATCAAT	STREME-5	Scaffold1	23916917	23916930	-	12.1951	2.2e-05	0.429	GAATTTTGGTCAAA
5-TAATTTTGATCAAT	STREME-5	Scaffold5	35830511	35830524	-	12.1951	2.2e-05	0.429	TAATTTTGCTTAAT
5-TAATTTTGATCAAT	STREME-5	Scaffold2	41460610	41460623	+	12.1585	2.23e-05	0.432	TACTTTTGAACATT
5-TAATTTTGATCAAT	STREME-5	Scaffold2	8983702	8983715	-	12.1463	2.26e-05	0.433	TCATTTTGGTCAAA
5-TAATTTTGATCAAT	STREME-5	Scaffold8	5034165	5034178	+	12.1341	2.28e-05	0.433	TAATTTTAAAGAAT
5-TAATTTTGATCAAT	STREME-5	Scaffold11	6043271	6043284	-	12.1341	2.28e-05	0.433	TAATTTTCGTGAAA
5-TAATTTTGATCAAT	STREME-5	Scaffold7	32290599	32290612	-	12.1341	2.28e-05	0.433	TAATTTGGGTGATT
5-TAATTTTGATCAAT	STREME-5	Scaffold7	32290599	32290612	-	12.1341	2.28e-05	0.433	TAATTTGGGTGATT
5-TAATTTTGATCAAT	STREME-5	Scaffold3	51546199	51546212	-	12.1341	2.28e-05	0.433	TAATTTTAAAGAAT
5-TAATTTTGATCAAT	STREME-5	Scaffold5	3771944	3771957	-	12.122	2.3e-05	0.435	TAATTTTCATTAAT
5-TAATTTTGATCAAT	STREME-5	Scaffold3	38134090	38134103	-	12.122	2.3e-05	0.435	AAATTTTGATAAAT
5-TAATTTTGATCAAT	STREME-5	Scaffold4	19441589	19441602	-	12.1098	2.31e-05	0.435	TAATTGAGGTCAAT
5-TAATTTTGATCAAT	STREME-5	Scaffold6	13593086	13593099	+	12.0854	2.35e-05	0.44	AAATTTTGGACAAT
5-TAATTTTGATCAAT	STREME-5	Scaffold1	44323752	44323765	+	12.0854	2.35e-05	0.44	TACCTTTGATCAAA
5-TAATTTTGATCAAT	STREME-5	Scaffold10	8057385	8057398	+	12.061	2.39e-05	0.444	TAATCTTGTCCAAT
5-TAATTTTGATCAAT	STREME-5	Scaffold3	42728352	42728365	+	12.061	2.39e-05	0.444	TAATTTTCGTCATA
5-TAATTTTGATCAAT	STREME-5	Scaffold5	6856524	6856537	+	12.0488	2.4e-05	0.444	TAATTGGGGTCAAC
5-TAATTTTGATCAAT	STREME-5	Scaffold2	11944810	11944823	+	12.0366	2.41e-05	0.444	TAAATTGGATCAAT
5-TAATTTTGATCAAT	STREME-5	Scaffold6	21878426	21878439	-	12.0366	2.41e-05	0.444	AAATTTTGAGCAAT
5-TAATTTTGATCAAT	STREME-5	Scaffold5	1608371	1608384	-	12.0122	2.43e-05	0.447	TAATTTGGGTCACA
5-TAATTTTGATCAAT	STREME-5	Scaffold9	35147975	35147988	+	12	2.46e-05	0.449	TAATTTCGAGCAAA
5-TAATTTTGATCAAT	STREME-5	Scaffold3	3947690	3947703	-	11.9756	2.49e-05	0.452	TAATATTGAACAAA
5-TAATTTTGATCAAT	STREME-5	Scaffold3	31437576	31437589	-	11.9756	2.49e-05	0.452	TAATTGTGGAGAAT
5-TAATTTTGATCAAT	STREME-5	Scaffold5	40705903	40705916	-	11.939	2.52e-05	0.457	TACTTTTCATCAAA
5-TAATTTTGATCAAT	STREME-5	Scaffold8	8018587	8018600	+	11.9146	2.57e-05	0.459	TAATTGTGACAAAT
5-TAATTTTGATCAAT	STREME-5	Scaffold3	11771156	11771169	+	11.9146	2.57e-05	0.459	TAATTTTACTCAAA
5-TAATTTTGATCAAT	STREME-5	Scaffold1	35474810	35474823	+	11.9146	2.57e-05	0.459	TAATTTTAATCCAA
5-TAATTTTGATCAAT	STREME-5	Scaffold7	43567114	43567127	-	11.9146	2.57e-05	0.459	TAATTTCAATGAAT
5-TAATTTTGATCAAT	STREME-5	Scaffold1	44466662	44466675	+	11.9146	2.57e-05	0.459	TAATTTTAATCCAA
5-TAATTTTGATCAAT	STREME-5	Scaffold10	4686705	4686718	-	11.8902	2.62e-05	0.464	TAATTTTTATAAAT
5-TAATTTTGATCAAT	STREME-5	Scaffold6	21878516	21878529	+	11.8902	2.62e-05	0.464	TAATTTTGTCCATA
5-TAATTTTGATCAAT	STREME-5	Scaffold1	42380980	42380993	-	11.8902	2.62e-05	0.464	TAATTTTAATTAAT
5-TAATTTTGATCAAT	STREME-5	Scaffold6	6394150	6394163	+	11.878	2.64e-05	0.464	TAATTTTATCCAAT
5-TAATTTTGATCAAT	STREME-5	Scaffold2	18812806	18812819	+	11.878	2.64e-05	0.464	TAATTTTGACTAAA
5-TAATTTTGATCAAT	STREME-5	Scaffold9	36551913	36551926	+	11.8659	2.66e-05	0.465	TAATTTTGAAGATC
5-TAATTTTGATCAAT	STREME-5	Scaffold9	36551913	36551926	+	11.8659	2.66e-05	0.465	TAATTTTGAAGATC
5-TAATTTTGATCAAT	STREME-5	Scaffold1	27041423	27041436	-	11.8415	2.68e-05	0.466	AAATTTTGATCACA
5-TAATTTTGATCAAT	STREME-5	Scaffold1	27041423	27041436	-	11.8415	2.68e-05	0.466	AAATTTTGATCACA
5-TAATTTTGATCAAT	STREME-5	Scaffold4	27707737	27707750	-	11.8049	2.73e-05	0.469	TAATTTTTAGCAAT
5-TAATTTTGATCAAT	STREME-5	Scaffold4	19441474	19441487	-	11.7927	2.74e-05	0.469	TAATTTAGGTCACT
5-TAATTTTGATCAAT	STREME-5	Scaffold4	37469288	37469301	-	11.7927	2.74e-05	0.469	TAATCTTAATCAAA
5-TAATTTTGATCAAT	STREME-5	Scaffold3	44111271	44111284	-	11.7805	2.75e-05	0.469	TAATTTTCGTCATC
5-TAATTTTGATCAAT	STREME-5	Scaffold3	54361492	54361505	+	11.7805	2.75e-05	0.469	TAATTTAGAGCAAT
5-TAATTTTGATCAAT	STREME-5	Scaffold2	966779	966792	+	11.7683	2.77e-05	0.469	TAATTGTGAAGAAA
5-TAATTTTGATCAAT	STREME-5	Scaffold9	14152909	14152922	-	11.7683	2.77e-05	0.469	TAATTTGGGACAAC
5-TAATTTTGATCAAT	STREME-5	Scaffold9	14152909	14152922	-	11.7683	2.77e-05	0.469	TAATTTGGGACAAC
5-TAATTTTGATCAAT	STREME-5	Scaffold2	16336885	16336898	-	11.7561	2.78e-05	0.47	TAATTTTCACCAGT
5-TAATTTTGATCAAT	STREME-5	Scaffold5	49216504	49216517	+	11.7439	2.79e-05	0.47	TACTTGTGATCACT
5-TAATTTTGATCAAT	STREME-5	Scaffold4	21681674	21681687	-	11.7317	2.81e-05	0.47	TAATTTTTATGATT
5-TAATTTTGATCAAT	STREME-5	Scaffold10	37656096	37656109	-	11.7317	2.81e-05	0.47	TAATTTTGATAATG
5-TAATTTTGATCAAT	STREME-5	Scaffold7	1200192	1200205	+	11.7195	2.82e-05	0.47	AAATTTTGTTCAAA
5-TAATTTTGATCAAT	STREME-5	Scaffold9	33299114	33299127	+	11.7195	2.82e-05	0.47	TAATTTGGAGCAAC
5-TAATTTTGATCAAT	STREME-5	Scaffold9	3461644	3461657	-	11.7073	2.84e-05	0.473	TACTTTTAATCAAA
5-TAATTTTGATCAAT	STREME-5	Scaffold10	5360350	5360363	-	11.6829	2.87e-05	0.474	TAATTGTAAACAAT
5-TAATTTTGATCAAT	STREME-5	Scaffold5	39593568	39593581	+	11.6829	2.87e-05	0.474	TAATTGTAAACAAT
5-TAATTTTGATCAAT	STREME-5	Scaffold2	4268359	4268372	+	11.6707	2.89e-05	0.474	TAGTTTTGAACAAA
5-TAATTTTGATCAAT	STREME-5	Scaffold2	4268359	4268372	+	11.6707	2.89e-05	0.474	TAGTTTTGAACAAA
5-TAATTTTGATCAAT	STREME-5	Scaffold6	15326627	15326640	-	11.6585	2.91e-05	0.474	AAATTTGGATCAAA
5-TAATTTTGATCAAT	STREME-5	Scaffold1	36246564	36246577	-	11.6585	2.91e-05	0.474	TAATTTTGAAAATT
5-TAATTTTGATCAAT	STREME-5	Scaffold3	41509737	41509750	-	11.6585	2.91e-05	0.474	AAATTTGGATCAAA
5-TAATTTTGATCAAT	STREME-5	Scaffold11	7650083	7650096	-	11.6341	2.96e-05	0.476	TAACTTTGGTGATT
5-TAATTTTGATCAAT	STREME-5	Scaffold4	20460040	20460053	-	11.6341	2.96e-05	0.476	GAATTTTGCTCAAT
5-TAATTTTGATCAAT	STREME-5	Scaffold4	23316432	23316445	-	11.6341	2.96e-05	0.476	TAATTTCTGTCAAT
5-TAATTTTGATCAAT	STREME-5	Scaffold1	38762301	38762314	-	11.6341	2.96e-05	0.476	TAACTTTGGTGATT
5-TAATTTTGATCAAT	STREME-5	Scaffold6	13068553	13068566	+	11.622	2.98e-05	0.476	TAACTTTGTACAAT
5-TAATTTTGATCAAT	STREME-5	Scaffold6	13976772	13976785	+	11.622	2.98e-05	0.476	GAATTTTGGTGAAT
5-TAATTTTGATCAAT	STREME-5	Scaffold10	37289518	37289531	-	11.622	2.98e-05	0.476	TAATTTTAATGAGT
5-TAATTTTGATCAAT	STREME-5	Scaffold5	49725904	49725917	-	11.622	2.98e-05	0.476	TAATTTTGATTATC
5-TAATTTTGATCAAT	STREME-5	Scaffold2	1759751	1759764	+	11.6098	3e-05	0.478	TAATTTGGTTCAGT
5-TAATTTTGATCAAT	STREME-5	Scaffold5	2005995	2006008	-	11.561	3.07e-05	0.488	GAATTTTCATCAAT
5-TAATTTTGATCAAT	STREME-5	Scaffold10	370102	370115	+	11.5488	3.1e-05	0.489	TAATTTCGGTGAAG
5-TAATTTTGATCAAT	STREME-5	Scaffold10	370102	370115	+	11.5488	3.1e-05	0.489	TAATTTCGGTGAAG
5-TAATTTTGATCAAT	STREME-5	Scaffold1	6416001	6416014	+	11.5122	3.16e-05	0.493	AAATTGTGATCATT
5-TAATTTTGATCAAT	STREME-5	Scaffold3	15359101	15359114	+	11.5122	3.16e-05	0.493	TAAAGTTGATCAAT
5-TAATTTTGATCAAT	STREME-5	Scaffold10	36512188	36512201	+	11.5122	3.16e-05	0.493	TAATTTTGAAGTAT
5-TAATTTTGATCAAT	STREME-5	Scaffold5	9043158	9043171	-	11.5	3.18e-05	0.493	TCATTTTGGTCATT
5-TAATTTTGATCAAT	STREME-5	Scaffold3	18915120	18915133	-	11.5	3.18e-05	0.493	TAATTTTGTTAATT
5-TAATTTTGATCAAT	STREME-5	Scaffold4	28336287	28336300	+	11.5	3.18e-05	0.493	TAATTTTCCTCATT
5-TAATTTTGATCAAT	STREME-5	Scaffold7	43691661	43691674	-	11.4878	3.2e-05	0.496	TAATTTTCGTGATT
5-TAATTTTGATCAAT	STREME-5	Scaffold11	10629606	10629619	+	11.4756	3.23e-05	0.496	TCATTTTGGCCAAT
5-TAATTTTGATCAAT	STREME-5	Scaffold4	13913502	13913515	+	11.4756	3.23e-05	0.496	TAATTTTCACCCAT
5-TAATTTTGATCAAT	STREME-5	Scaffold2	17885014	17885027	-	11.4756	3.23e-05	0.496	TAATTTTAAACAAG
5-TAATTTTGATCAAT	STREME-5	Scaffold9	1206812	1206825	-	11.4634	3.25e-05	0.497	AAATTTTTATCAAT
5-TAATTTTGATCAAT	STREME-5	Scaffold7	11383491	11383504	+	11.4634	3.25e-05	0.497	AAATTTTTATCAAT
5-TAATTTTGATCAAT	STREME-5	Scaffold10	5287377	5287390	-	11.4512	3.28e-05	0.497	TAATTTTGGATAAT
5-TAATTTTGATCAAT	STREME-5	Scaffold10	5287377	5287390	-	11.4512	3.28e-05	0.497	TAATTTTGGATAAT
5-TAATTTTGATCAAT	STREME-5	Scaffold6	15502191	15502204	+	11.439	3.31e-05	0.497	TAATTTTCTTCACT
5-TAATTTTGATCAAT	STREME-5	Scaffold2	16350158	16350171	-	11.439	3.31e-05	0.497	TAATTTTCTTCACT
5-TAATTTTGATCAAT	STREME-5	Scaffold6	30676078	30676091	+	11.439	3.31e-05	0.497	AAATTTAGATCAAT
5-TAATTTTGATCAAT	STREME-5	Scaffold8	41832724	41832737	-	11.439	3.31e-05	0.497	AAATTTTGTTCAAC
5-TAATTTTGATCAAT	STREME-5	Scaffold3	49106485	49106498	+	11.439	3.31e-05	0.497	TAATTTGGATAATT
5-TAATTTTGATCAAT	STREME-5	Scaffold10	1698230	1698243	-	11.4146	3.36e-05	0.502	TAATTTTAGTAAAT
5-TAATTTTGATCAAT	STREME-5	Scaffold5	10837786	10837799	-	11.4146	3.36e-05	0.502	TAATTGTGAACATC
5-TAATTTTGATCAAT	STREME-5	Scaffold8	38924032	38924045	-	11.3902	3.4e-05	0.506	TAATATTGGTCCAT
5-TAATTTTGATCAAT	STREME-5	Scaffold1	4020341	4020354	+	11.378	3.42e-05	0.508	AAATTTGGATCAAC
5-TAATTTTGATCAAT	STREME-5	Scaffold1	25122181	25122194	-	11.3659	3.45e-05	0.511	TAATTTTTAACAAC
5-TAATTTTGATCAAT	STREME-5	Scaffold6	3526581	3526594	-	11.3537	3.48e-05	0.512	TAATTTGGAGCATT
5-TAATTTTGATCAAT	STREME-5	Scaffold4	11923647	11923660	+	11.3537	3.48e-05	0.512	TAATTTTGCTGATA
5-TAATTTTGATCAAT	STREME-5	Scaffold10	36006981	36006994	-	11.3293	3.53e-05	0.518	TAATATTGAACATT
5-TAATTTTGATCAAT	STREME-5	Scaffold3	41510813	41510826	-	11.3293	3.53e-05	0.518	GAATTTTAATCAAT
5-TAATTTTGATCAAT	STREME-5	Scaffold7	2850780	2850793	+	11.3049	3.56e-05	0.52	TACTTTTGATAAAA
5-TAATTTTGATCAAT	STREME-5	Scaffold11	101580	101593	+	11.2805	3.61e-05	0.52	TAATTGTGAAAAAT
5-TAATTTTGATCAAT	STREME-5	Scaffold3	1518035	1518048	+	11.2805	3.61e-05	0.52	TAATTGTGAAAAAT
5-TAATTTTGATCAAT	STREME-5	Scaffold8	3223428	3223441	+	11.2805	3.61e-05	0.52	TAATTGTGAAAAAT
5-TAATTTTGATCAAT	STREME-5	Scaffold11	6963900	6963913	+	11.2805	3.61e-05	0.52	TACTTTCGAACAAT
5-TAATTTTGATCAAT	STREME-5	Scaffold10	37685269	37685282	-	11.2805	3.61e-05	0.52	TAATTGTGAAAAAT
5-TAATTTTGATCAAT	STREME-5	Scaffold8	40966949	40966962	+	11.2805	3.61e-05	0.52	TAATTGTGAAAAAT
5-TAATTTTGATCAAT	STREME-5	Scaffold8	1969472	1969485	+	11.2683	3.64e-05	0.52	TAATTTTGATTTAT
5-TAATTTTGATCAAT	STREME-5	Scaffold1	42368195	42368208	+	11.2683	3.64e-05	0.52	TAACTTTGGACAAC
5-TAATTTTGATCAAT	STREME-5	Scaffold11	1314096	1314109	+	11.2561	3.68e-05	0.52	TAGTTTTTATCAAT
5-TAATTTTGATCAAT	STREME-5	Scaffold2	4532370	4532383	+	11.2561	3.68e-05	0.52	TAACATTGATCAAA
5-TAATTTTGATCAAT	STREME-5	Scaffold9	7799444	7799457	+	11.2561	3.68e-05	0.52	TAATTTGCTTCAAT
5-TAATTTTGATCAAT	STREME-5	Scaffold2	12077084	12077097	+	11.2561	3.68e-05	0.52	TAATTTTGCCCATA
5-TAATTTTGATCAAT	STREME-5	Scaffold2	39404322	39404335	+	11.2561	3.68e-05	0.52	TAATTTGGGTCAGC
5-TAATTTTGATCAAT	STREME-5	Scaffold3	57178128	57178141	+	11.2561	3.68e-05	0.52	TAATTTTGTACATA
5-TAATTTTGATCAAT	STREME-5	Scaffold8	38418907	38418920	+	11.2317	3.73e-05	0.521	TAATTTTGACTATT
5-TAATTTTGATCAAT	STREME-5	Scaffold1	5860548	5860561	-	11.2073	3.78e-05	0.521	TAATTTTAATAAAA
5-TAATTTTGATCAAT	STREME-5	Scaffold2	45985767	45985780	-	11.2073	3.78e-05	0.521	TAATTTTAATAAAA
5-TAATTTTGATCAAT	STREME-5	Scaffold5	2740428	2740441	+	11.1829	3.83e-05	0.521	TACTATTGGTCAAT
5-TAATTTTGATCAAT	STREME-5	Scaffold7	29895758	29895771	+	11.1829	3.83e-05	0.521	TAATTTGCGTCAAA
5-TAATTTTGATCAAT	STREME-5	Scaffold2	51166152	51166165	-	11.1829	3.83e-05	0.521	TACTATTGGTCAAT
5-TAATTTTGATCAAT	STREME-5	Scaffold8	39953806	39953819	+	11.1707	3.85e-05	0.521	TAATTGTGACGAAG
5-TAATTTTGATCAAT	STREME-5	Scaffold6	893429	893442	-	11.1585	3.88e-05	0.521	TAGTTTTGATCAGA
5-TAATTTTGATCAAT	STREME-5	Scaffold3	1517806	1517819	-	11.1585	3.88e-05	0.521	TAAATTTAATCAAT
5-TAATTTTGATCAAT	STREME-5	Scaffold5	1990571	1990584	-	11.1585	3.88e-05	0.521	AAACTTTGATCAAA
5-TAATTTTGATCAAT	STREME-5	Scaffold5	1992267	1992280	-	11.1585	3.88e-05	0.521	AAACTTTGATCAAA
5-TAATTTTGATCAAT	STREME-5	Scaffold1	37797822	37797835	-	11.1585	3.88e-05	0.521	TAATTTTAGCCATT
5-TAATTTTGATCAAT	STREME-5	Scaffold2	6433530	6433543	-	11.1463	3.91e-05	0.521	TAAATTTGACCAAA
5-TAATTTTGATCAAT	STREME-5	Scaffold5	1614872	1614885	-	11.1341	3.93e-05	0.521	TAGTGTTGGTCAAT
5-TAATTTTGATCAAT	STREME-5	Scaffold1	25126086	25126099	+	11.1341	3.93e-05	0.521	AAATGTTGATCAAA
5-TAATTTTGATCAAT	STREME-5	Scaffold2	6761952	6761965	+	11.122	3.95e-05	0.521	TAATTGTGAAGATT
5-TAATTTTGATCAAT	STREME-5	Scaffold1	34842743	34842756	+	11.122	3.95e-05	0.521	TAACTTTGACGAAC
5-TAATTTTGATCAAT	STREME-5	Scaffold3	41509875	41509888	+	11.122	3.95e-05	0.521	TAATTTTAAGCAAA
5-TAATTTTGATCAAT	STREME-5	Scaffold8	41907081	41907094	+	11.122	3.95e-05	0.521	TAATTTTAAGCAAA
5-TAATTTTGATCAAT	STREME-5	Scaffold2	51171534	51171547	-	11.122	3.95e-05	0.521	TAATTTTAAGCAAA
5-TAATTTTGATCAAT	STREME-5	Scaffold3	899052	899065	+	11.0854	4.01e-05	0.521	AAATTTGGATGAAT
5-TAATTTTGATCAAT	STREME-5	Scaffold3	899052	899065	+	11.0854	4.01e-05	0.521	AAATTTGGATGAAT
5-TAATTTTGATCAAT	STREME-5	Scaffold9	3056936	3056949	-	11.0854	4.01e-05	0.521	AACTTTTGGTCAAT
5-TAATTTTGATCAAT	STREME-5	Scaffold6	18402803	18402816	+	11.0854	4.01e-05	0.521	AAATTTTGCTCAAA
5-TAATTTTGATCAAT	STREME-5	Scaffold4	22882970	22882983	-	11.0854	4.01e-05	0.521	TAATATTAGTCAAT
5-TAATTTTGATCAAT	STREME-5	Scaffold8	39701266	39701279	-	11.0854	4.01e-05	0.521	AAATTTTGATCCAA
5-TAATTTTGATCAAT	STREME-5	Scaffold8	39701266	39701279	-	11.0854	4.01e-05	0.521	AAATTTTGATCCAA
5-TAATTTTGATCAAT	STREME-5	Scaffold2	51168007	51168020	+	11.0854	4.01e-05	0.521	AAATTTTGATCAGC
5-TAATTTTGATCAAT	STREME-5	Scaffold3	52911697	52911710	-	11.0854	4.01e-05	0.521	TAATTTTGTTTAAA
5-TAATTTTGATCAAT	STREME-5	Scaffold3	3185784	3185797	-	11.0732	4.04e-05	0.521	TAATTTTTAAGAAT
5-TAATTTTGATCAAT	STREME-5	Scaffold2	4268753	4268766	-	11.0732	4.04e-05	0.521	TAATATTGGCCAAA
5-TAATTTTGATCAAT	STREME-5	Scaffold2	4268753	4268766	-	11.0732	4.04e-05	0.521	TAATATTGGCCAAA
5-TAATTTTGATCAAT	STREME-5	Scaffold1	23722224	23722237	-	11.0732	4.04e-05	0.521	AAATTTTGGTGAAA
5-TAATTTTGATCAAT	STREME-5	Scaffold7	32593929	32593942	+	11.0732	4.04e-05	0.521	AAATTTTGTTCATT
5-TAATTTTGATCAAT	STREME-5	Scaffold9	32971924	32971937	+	11.0732	4.04e-05	0.521	AAATTTTGTTCATT
5-TAATTTTGATCAAT	STREME-5	Scaffold2	14728970	14728983	-	11.061	4.06e-05	0.521	AAATTTTGATTAAT
5-TAATTTTGATCAAT	STREME-5	Scaffold6	33706996	33707009	+	11.061	4.06e-05	0.521	AAATTTTGATTAAT
5-TAATTTTGATCAAT	STREME-5	Scaffold8	40416311	40416324	-	11.061	4.06e-05	0.521	AAATTTTGATTAAT
5-TAATTTTGATCAAT	STREME-5	Scaffold7	4239449	4239462	-	11.0488	4.09e-05	0.521	TAATTTTGCCGAAC
5-TAATTTTGATCAAT	STREME-5	Scaffold8	4501405	4501418	-	11.0488	4.09e-05	0.521	TAATTGTGGTAAAA
5-TAATTTTGATCAAT	STREME-5	Scaffold8	5035484	5035497	+	11.0488	4.09e-05	0.521	AAATTTTGTCCAAT
5-TAATTTTGATCAAT	STREME-5	Scaffold11	6489897	6489910	+	11.0488	4.09e-05	0.521	TAATTTTAATGATA
5-TAATTTTGATCAAT	STREME-5	Scaffold6	7922948	7922961	-	11.0488	4.09e-05	0.521	TAATTGTGGTAAAA
5-TAATTTTGATCAAT	STREME-5	Scaffold4	27708385	27708398	+	11.0488	4.09e-05	0.521	TAATTTTTACCAAG
5-TAATTTTGATCAAT	STREME-5	Scaffold2	54525323	54525336	-	11.0488	4.09e-05	0.521	AAATTTTGTCCAAT
5-TAATTTTGATCAAT	STREME-5	Scaffold11	5793039	5793052	-	11.0366	4.11e-05	0.521	TAATTTCGTTCATA
5-TAATTTTGATCAAT	STREME-5	Scaffold4	7506488	7506501	-	11.0244	4.14e-05	0.521	TACTTTTGATAAAC
5-TAATTTTGATCAAT	STREME-5	Scaffold6	13849602	13849615	-	11.0244	4.14e-05	0.521	TAATGTCGGTCAAC
5-TAATTTTGATCAAT	STREME-5	Scaffold1	23917691	23917704	+	11.0244	4.14e-05	0.521	TAATTTGGATTAAA
5-TAATTTTGATCAAT	STREME-5	Scaffold3	55884413	55884426	-	11.0244	4.14e-05	0.521	TACTTTTGATAAAC
5-TAATTTTGATCAAT	STREME-5	Scaffold6	1016675	1016688	-	11.0122	4.16e-05	0.521	TCATTTTGATCATC
5-TAATTTTGATCAAT	STREME-5	Scaffold7	1201697	1201710	+	11.0122	4.16e-05	0.521	AAATTTTCATCAAA
5-TAATTTTGATCAAT	STREME-5	Scaffold6	44109277	44109290	+	11.0122	4.16e-05	0.521	TAATGTTGGTCAGA
5-TAATTTTGATCAAT	STREME-5	Scaffold5	30812439	30812452	-	10.9878	4.2e-05	0.522	AAATTTTAGTCAAT
5-TAATTTTGATCAAT	STREME-5	Scaffold9	36213265	36213278	+	10.9878	4.2e-05	0.522	AAATTTTAGTCAAT
5-TAATTTTGATCAAT	STREME-5	Scaffold3	4738672	4738685	-	10.9756	4.23e-05	0.522	TAATTTCGGTCCAC
5-TAATTTTGATCAAT	STREME-5	Scaffold3	37316609	37316622	-	10.9756	4.23e-05	0.522	TAATTTGGCTCAGT
5-TAATTTTGATCAAT	STREME-5	Scaffold9	38189374	38189387	-	10.9756	4.23e-05	0.522	TAATTTTGTACATC
5-TAATTTTGATCAAT	STREME-5	Scaffold11	101611	101624	-	10.9634	4.26e-05	0.522	TAAGTTTGATAAAT
5-TAATTTTGATCAAT	STREME-5	Scaffold5	33802533	33802546	-	10.9634	4.26e-05	0.522	GAATTGTGATCAAA
5-TAATTTTGATCAAT	STREME-5	Scaffold8	37878728	37878741	-	10.9634	4.26e-05	0.522	TAGTTTTGACCACT
5-TAATTTTGATCAAT	STREME-5	Scaffold1	38329381	38329394	-	10.9634	4.26e-05	0.522	TAATTTACGTCAAT
5-TAATTTTGATCAAT	STREME-5	Scaffold1	38329381	38329394	-	10.9634	4.26e-05	0.522	TAATTTACGTCAAT
5-TAATTTTGATCAAT	STREME-5	Scaffold3	57350973	57350986	-	10.9634	4.26e-05	0.522	TAAGTTTGATAAAT
5-TAATTTTGATCAAT	STREME-5	Scaffold3	27839778	27839791	-	10.939	4.3e-05	0.524	TAACTTTGATAATT
5-TAATTTTGATCAAT	STREME-5	Scaffold3	1793157	1793170	-	10.9146	4.35e-05	0.524	TAATGTTGATAATT
5-TAATTTTGATCAAT	STREME-5	Scaffold1	20236681	20236694	-	10.9146	4.35e-05	0.524	TAATGTTGATAATT
5-TAATTTTGATCAAT	STREME-5	Scaffold1	20236681	20236694	-	10.9146	4.35e-05	0.524	TAATGTTGATAATT
5-TAATTTTGATCAAT	STREME-5	Scaffold10	37691511	37691524	-	10.9024	4.38e-05	0.524	TAATTGTGTTCTAT
5-TAATTTTGATCAAT	STREME-5	Scaffold4	33081433	33081446	+	10.8902	4.41e-05	0.524	TAATCTTGATCTAC
5-TAATTTTGATCAAT	STREME-5	Scaffold4	33103037	33103050	+	10.8902	4.41e-05	0.524	TAATCTTGATCTAC
5-TAATTTTGATCAAT	STREME-5	Scaffold9	36546163	36546176	-	10.8902	4.41e-05	0.524	TAATGTTCAACAAT
5-TAATTTTGATCAAT	STREME-5	Scaffold4	38975825	38975838	+	10.8902	4.41e-05	0.524	TAATTTAGTTGAAT
5-TAATTTTGATCAAT	STREME-5	Scaffold3	52543797	52543810	-	10.8902	4.41e-05	0.524	TAATTGTACTCAAT
5-TAATTTTGATCAAT	STREME-5	Scaffold8	40416307	40416320	+	10.878	4.44e-05	0.524	TAATATTAATCAAA
5-TAATTTTGATCAAT	STREME-5	Scaffold4	23885123	23885136	+	10.8659	4.46e-05	0.524	TACTCGTGATCAAT
5-TAATTTTGATCAAT	STREME-5	Scaffold9	38654719	38654732	+	10.8659	4.46e-05	0.524	TAGTTTTGGTGAAA
5-TAATTTTGATCAAT	STREME-5	Scaffold8	42939724	42939737	+	10.8659	4.46e-05	0.524	TAGTTTTGTTCATT
5-TAATTTTGATCAAT	STREME-5	Scaffold2	2595791	2595804	+	10.8537	4.51e-05	0.524	TAGTTTTGATTAAT
5-TAATTTTGATCAAT	STREME-5	Scaffold5	2747891	2747904	-	10.8537	4.51e-05	0.524	TACTTTTTGTCAAT
5-TAATTTTGATCAAT	STREME-5	Scaffold9	14139987	14140000	+	10.8537	4.51e-05	0.524	TAATTGTGACTAAT
5-TAATTTTGATCAAT	STREME-5	Scaffold9	14139987	14140000	+	10.8537	4.51e-05	0.524	TAATTGTGACTAAT
5-TAATTTTGATCAAT	STREME-5	Scaffold9	30314913	30314926	+	10.8537	4.51e-05	0.524	AAATTGTGAACAAT
5-TAATTTTGATCAAT	STREME-5	Scaffold1	44374292	44374305	-	10.8537	4.51e-05	0.524	TAATTTTTCTCAAA
5-TAATTTTGATCAAT	STREME-5	Scaffold5	49728542	49728555	-	10.8537	4.51e-05	0.524	TAATGTTCATCACT
5-TAATTTTGATCAAT	STREME-5	Scaffold6	3082862	3082875	-	10.8415	4.54e-05	0.524	TAATTTTGTAAAAT
5-TAATTTTGATCAAT	STREME-5	Scaffold2	3122125	3122138	-	10.8415	4.54e-05	0.524	TAATTTTGTAAAAT
5-TAATTTTGATCAAT	STREME-5	Scaffold2	6425223	6425236	+	10.8415	4.54e-05	0.524	TAATTTTGCCAAAT
5-TAATTTTGATCAAT	STREME-5	Scaffold4	21678874	21678887	-	10.8415	4.54e-05	0.524	TAATTTTTGTGAAA
5-TAATTTTGATCAAT	STREME-5	Scaffold10	32243695	32243708	-	10.8415	4.54e-05	0.524	GAATTTTGAGCAAT
5-TAATTTTGATCAAT	STREME-5	Scaffold10	32243695	32243708	-	10.8415	4.54e-05	0.524	GAATTTTGAGCAAT
5-TAATTTTGATCAAT	STREME-5	Scaffold6	43260626	43260639	-	10.8415	4.54e-05	0.524	TAATTTTTTTCATT
5-TAATTTTGATCAAT	STREME-5	Scaffold6	43260626	43260639	-	10.8415	4.54e-05	0.524	TAATTTTTTTCATT
5-TAATTTTGATCAAT	STREME-5	Scaffold11	7261349	7261362	+	10.8293	4.57e-05	0.524	TAATTTCGTTGAAC
5-TAATTTTGATCAAT	STREME-5	Scaffold5	28331532	28331545	+	10.8293	4.57e-05	0.524	TAATTTAGCTCAAA
5-TAATTTTGATCAAT	STREME-5	Scaffold4	41135051	41135064	+	10.8293	4.57e-05	0.524	TAATGTTGAGCATT
5-TAATTTTGATCAAT	STREME-5	Scaffold3	49114462	49114475	+	10.8293	4.57e-05	0.524	TAATTTTTATTAAT
5-TAATTTTGATCAAT	STREME-5	Scaffold2	1930530	1930543	-	10.8049	4.62e-05	0.528	TAATTTAGATTAAT
5-TAATTTTGATCAAT	STREME-5	Scaffold7	1999524	1999537	+	10.7927	4.65e-05	0.529	TAATATTGGCCAAC
5-TAATTTTGATCAAT	STREME-5	Scaffold2	2117745	2117758	-	10.7927	4.65e-05	0.529	TAATTTTCATAATT
5-TAATTTTGATCAAT	STREME-5	Scaffold8	6617832	6617845	-	10.7927	4.65e-05	0.529	TAATTTTCATAATT
5-TAATTTTGATCAAT	STREME-5	Scaffold1	36271011	36271024	+	10.7805	4.69e-05	0.529	TAATTTGGAAAAAT
5-TAATTTTGATCAAT	STREME-5	Scaffold4	37776392	37776405	-	10.7805	4.69e-05	0.529	AAATTTTAATCAAA
5-TAATTTTGATCAAT	STREME-5	Scaffold4	37776392	37776405	-	10.7805	4.69e-05	0.529	AAATTTTAATCAAA
5-TAATTTTGATCAAT	STREME-5	Scaffold7	43740282	43740295	-	10.7805	4.69e-05	0.529	TAATTGTAGCCAAT
5-TAATTTTGATCAAT	STREME-5	Scaffold2	8991144	8991157	+	10.7683	4.72e-05	0.529	TACTTTTGACCATC
5-TAATTTTGATCAAT	STREME-5	Scaffold6	15497759	15497772	-	10.7683	4.72e-05	0.529	TAATTTTGGAAAAA
5-TAATTTTGATCAAT	STREME-5	Scaffold4	36182211	36182224	-	10.7683	4.72e-05	0.529	TAATTTTGGAAAAA
5-TAATTTTGATCAAT	STREME-5	Scaffold3	55883918	55883931	+	10.7683	4.72e-05	0.529	TAATTTTGGGGATT
5-TAATTTTGATCAAT	STREME-5	Scaffold2	10717258	10717271	+	10.7561	4.76e-05	0.531	TAAATTTGATAAAT
5-TAATTTTGATCAAT	STREME-5	Scaffold7	42273521	42273534	-	10.7561	4.76e-05	0.531	TAACTTTAATCAAG
5-TAATTTTGATCAAT	STREME-5	Scaffold6	30676247	30676260	+	10.7439	4.79e-05	0.533	TAATTTTTGCCAAA
5-TAATTTTGATCAAT	STREME-5	Scaffold8	8017076	8017089	+	10.7317	4.83e-05	0.535	TAATTTTGGTAACA
5-TAATTTTGATCAAT	STREME-5	Scaffold3	55884011	55884024	-	10.7317	4.83e-05	0.535	TAATTTTGTCGAAG
5-TAATTTTGATCAAT	STREME-5	Scaffold9	38560717	38560730	+	10.6951	4.91e-05	0.542	TCATTTTGACGAAT
5-TAATTTTGATCAAT	STREME-5	Scaffold7	1200196	1200209	-	10.6829	4.95e-05	0.542	GAATTTTGAACAAA
5-TAATTTTGATCAAT	STREME-5	Scaffold11	4920631	4920644	+	10.6707	4.98e-05	0.542	TACTTTTGGCCAAG
5-TAATTTTGATCAAT	STREME-5	Scaffold4	31732323	31732336	+	10.6707	4.98e-05	0.542	TAATTTCAATCAGT
5-TAATTTTGATCAAT	STREME-5	Scaffold4	31732323	31732336	+	10.6707	4.98e-05	0.542	TAATTTCAATCAGT
5-TAATTTTGATCAAT	STREME-5	Scaffold3	55694850	55694863	-	10.6585	5.01e-05	0.542	TCATTTTGATCTAT
5-TAATTTTGATCAAT	STREME-5	Scaffold3	56778996	56779009	+	10.6585	5.01e-05	0.542	TAATTTTGGTTCAT
5-TAATTTTGATCAAT	STREME-5	Scaffold5	1195817	1195830	-	10.6463	5.03e-05	0.542	AAATTTTGAACAAG
5-TAATTTTGATCAAT	STREME-5	Scaffold5	1195817	1195830	-	10.6463	5.03e-05	0.542	AAATTTTGAACAAG
5-TAATTTTGATCAAT	STREME-5	Scaffold10	5286001	5286014	+	10.6463	5.03e-05	0.542	TAGTTGTGAACAAT
5-TAATTTTGATCAAT	STREME-5	Scaffold10	5286001	5286014	+	10.6463	5.03e-05	0.542	TAGTTGTGAACAAT
5-TAATTTTGATCAAT	STREME-5	Scaffold4	23770422	23770435	+	10.6341	5.05e-05	0.542	TACTTTTGACAAAT
5-TAATTTTGATCAAT	STREME-5	Scaffold8	39745851	39745864	-	10.6341	5.05e-05	0.542	TAAGATTGATCAAT
5-TAATTTTGATCAAT	STREME-5	Scaffold8	39745851	39745864	-	10.6341	5.05e-05	0.542	TAAGATTGATCAAT
5-TAATTTTGATCAAT	STREME-5	Scaffold7	41425010	41425023	+	10.6341	5.05e-05	0.542	AAATTGCGATCAAT
5-TAATTTTGATCAAT	STREME-5	Scaffold7	41425010	41425023	+	10.6341	5.05e-05	0.542	AAATTGCGATCAAT
5-TAATTTTGATCAAT	STREME-5	Scaffold7	41425010	41425023	+	10.6341	5.05e-05	0.542	AAATTGCGATCAAT
5-TAATTTTGATCAAT	STREME-5	Scaffold3	49577965	49577978	-	10.6341	5.05e-05	0.542	TACTTTTGACAAAT
5-TAATTTTGATCAAT	STREME-5	Scaffold4	21681736	21681749	-	10.622	5.1e-05	0.542	TCATTTTGACCATT
5-TAATTTTGATCAAT	STREME-5	Scaffold1	30868974	30868987	-	10.622	5.1e-05	0.542	TAATTTGGTTAAAT
5-TAATTTTGATCAAT	STREME-5	Scaffold5	32985598	32985611	+	10.622	5.1e-05	0.542	TAATTTGGAAGATT
5-TAATTTTGATCAAT	STREME-5	Scaffold2	22117131	22117144	-	10.6098	5.13e-05	0.542	TAATTTCCGTGAAT
5-TAATTTTGATCAAT	STREME-5	Scaffold6	22875639	22875652	+	10.6098	5.13e-05	0.542	TAACTTTGTTGAAA
5-TAATTTTGATCAAT	STREME-5	Scaffold6	22875639	22875652	+	10.6098	5.13e-05	0.542	TAACTTTGTTGAAA
5-TAATTTTGATCAAT	STREME-5	Scaffold1	41478127	41478140	+	10.6098	5.13e-05	0.542	TAATATTGCTGAAT
5-TAATTTTGATCAAT	STREME-5	Scaffold7	1999223	1999236	+	10.5976	5.17e-05	0.542	TAATTTTGAATATT
5-TAATTTTGATCAAT	STREME-5	Scaffold9	7799931	7799944	+	10.5976	5.17e-05	0.542	TAATTGTGACCCAC
5-TAATTTTGATCAAT	STREME-5	Scaffold3	52551167	52551180	+	10.5976	5.17e-05	0.542	TAAATTTGATGATT
5-TAATTTTGATCAAT	STREME-5	Scaffold1	27146689	27146702	+	10.5854	5.2e-05	0.542	TAACATTGACCAAT
5-TAATTTTGATCAAT	STREME-5	Scaffold4	37541134	37541147	+	10.5854	5.2e-05	0.542	TAATATTGTTCAAG
5-TAATTTTGATCAAT	STREME-5	Scaffold8	39695588	39695601	+	10.5854	5.2e-05	0.542	TAATATTGTTCAAG
5-TAATTTTGATCAAT	STREME-5	Scaffold8	39695588	39695601	+	10.5854	5.2e-05	0.542	TAATATTGTTCAAG
5-TAATTTTGATCAAT	STREME-5	Scaffold3	45112335	45112348	-	10.5854	5.2e-05	0.542	AAACTTTGATGAAT
5-TAATTTTGATCAAT	STREME-5	Scaffold8	11670882	11670895	+	10.5732	5.22e-05	0.542	TAGTTTTAATCAAA
5-TAATTTTGATCAAT	STREME-5	Scaffold1	6418157	6418170	-	10.561	5.27e-05	0.542	TAATTGAGATCACT
5-TAATTTTGATCAAT	STREME-5	Scaffold2	12393858	12393871	+	10.561	5.27e-05	0.542	TAATTTTAATAATT
5-TAATTTTGATCAAT	STREME-5	Scaffold4	21045018	21045031	-	10.5244	5.38e-05	0.542	GAATTTTGTTCAAA
5-TAATTTTGATCAAT	STREME-5	Scaffold1	36553782	36553795	+	10.5122	5.4e-05	0.542	TAAATTTGAACAAA
5-TAATTTTGATCAAT	STREME-5	Scaffold1	36553782	36553795	+	10.5122	5.4e-05	0.542	TAAATTTGAACAAA
5-TAATTTTGATCAAT	STREME-5	Scaffold3	5691526	5691539	-	10.5	5.43e-05	0.542	TAATTTGGAACACA
5-TAATTTTGATCAAT	STREME-5	Scaffold1	29512502	29512515	+	10.5	5.43e-05	0.542	AAATTTTGGGCAAT
5-TAATTTTGATCAAT	STREME-5	Scaffold2	2117664	2117677	+	10.4878	5.47e-05	0.542	TACTTTTGAAGAAA
5-TAATTTTGATCAAT	STREME-5	Scaffold2	4268704	4268717	-	10.4878	5.47e-05	0.542	TAATTTTGAAAAGT
5-TAATTTTGATCAAT	STREME-5	Scaffold2	4268704	4268717	-	10.4878	5.47e-05	0.542	TAATTTTGAAAAGT
5-TAATTTTGATCAAT	STREME-5	Scaffold8	4921137	4921150	-	10.4878	5.47e-05	0.542	TACTTTTGAAGAAA
5-TAATTTTGATCAAT	STREME-5	Scaffold2	8984485	8984498	-	10.4878	5.47e-05	0.542	TACTTTTGAAGAAA
5-TAATTTTGATCAAT	STREME-5	Scaffold8	11670855	11670868	-	10.4878	5.47e-05	0.542	TACTTTTGAAGAAA
5-TAATTTTGATCAAT	STREME-5	Scaffold8	11670999	11671012	+	10.4878	5.47e-05	0.542	TACTTTTGAAGAAA
5-TAATTTTGATCAAT	STREME-5	Scaffold4	22673418	22673431	-	10.4878	5.47e-05	0.542	TACTTTTGAAGAAA
5-TAATTTTGATCAAT	STREME-5	Scaffold4	22673634	22673647	+	10.4878	5.47e-05	0.542	TACTTTTGAAGAAA
5-TAATTTTGATCAAT	STREME-5	Scaffold4	31724221	31724234	+	10.4878	5.47e-05	0.542	TACTTTTGAAGAAA
5-TAATTTTGATCAAT	STREME-5	Scaffold4	31724221	31724234	+	10.4878	5.47e-05	0.542	TACTTTTGAAGAAA
5-TAATTTTGATCAAT	STREME-5	Scaffold2	8990227	8990240	+	10.4756	5.5e-05	0.542	TAACTTGGATCATA
5-TAATTTTGATCAAT	STREME-5	Scaffold6	16996454	16996467	-	10.4756	5.5e-05	0.542	TAATTTTAAGCATT
5-TAATTTTGATCAAT	STREME-5	Scaffold4	23322318	23322331	-	10.4634	5.54e-05	0.542	TAATTTTCTTGAAA
5-TAATTTTGATCAAT	STREME-5	Scaffold10	36512111	36512124	+	10.4634	5.54e-05	0.542	TAATTTGGGGCAAA
5-TAATTTTGATCAAT	STREME-5	Scaffold2	51171706	51171719	-	10.4634	5.54e-05	0.542	TAATTTCGTTGATT
5-TAATTTTGATCAAT	STREME-5	Scaffold3	1519786	1519799	+	10.4512	5.57e-05	0.542	TACTTTTGGTTAAT
5-TAATTTTGATCAAT	STREME-5	Scaffold11	6955487	6955500	-	10.4512	5.57e-05	0.542	ACATTTTGATCAAT
5-TAATTTTGATCAAT	STREME-5	Scaffold11	6955487	6955500	-	10.4512	5.57e-05	0.542	ACATTTTGATCAAT
5-TAATTTTGATCAAT	STREME-5	Scaffold2	8983927	8983940	-	10.4512	5.57e-05	0.542	TAATGTTGGTCCAC
5-TAATTTTGATCAAT	STREME-5	Scaffold6	11044558	11044571	+	10.4512	5.57e-05	0.542	TAATTTTGATTAGC
5-TAATTTTGATCAAT	STREME-5	Scaffold6	23864303	23864316	-	10.4512	5.57e-05	0.542	TAATGTTGATCCGT
5-TAATTTTGATCAAT	STREME-5	Scaffold2	6371293	6371306	-	10.439	5.61e-05	0.542	AAATTTTGATCCTT
5-TAATTTTGATCAAT	STREME-5	Scaffold2	6371293	6371306	-	10.439	5.61e-05	0.542	AAATTTTGATCCTT
5-TAATTTTGATCAAT	STREME-5	Scaffold5	7703933	7703946	-	10.439	5.61e-05	0.542	TAGTTTTGAACAAG
5-TAATTTTGATCAAT	STREME-5	Scaffold7	37363540	37363553	-	10.439	5.61e-05	0.542	TAATTTTGTTTATT
5-TAATTTTGATCAAT	STREME-5	Scaffold7	43535742	43535755	+	10.439	5.61e-05	0.542	TAGTTTTGAACAAG
5-TAATTTTGATCAAT	STREME-5	Scaffold2	967751	967764	+	10.4268	5.63e-05	0.542	TAAAATTGATCAAT
5-TAATTTTGATCAAT	STREME-5	Scaffold2	967755	967768	-	10.4268	5.63e-05	0.542	TAAAATTGATCAAT
5-TAATTTTGATCAAT	STREME-5	Scaffold8	16182882	16182895	-	10.4268	5.63e-05	0.542	AAATTTCGATCAAG
5-TAATTTTGATCAAT	STREME-5	Scaffold6	18435494	18435507	+	10.4268	5.63e-05	0.542	AAATTTTGGTGATT
5-TAATTTTGATCAAT	STREME-5	Scaffold9	1170547	1170560	-	10.4146	5.67e-05	0.542	AAATTTTGCCCAAT
5-TAATTTTGATCAAT	STREME-5	Scaffold3	1307434	1307447	+	10.4146	5.67e-05	0.542	AAATTTTGCCCAAT
5-TAATTTTGATCAAT	STREME-5	Scaffold10	5338911	5338924	-	10.4146	5.67e-05	0.542	TAATTGTCATAAAT
5-TAATTTTGATCAAT	STREME-5	Scaffold6	7927669	7927682	-	10.4146	5.67e-05	0.542	AAATTTTGCCCAAT
5-TAATTTTGATCAAT	STREME-5	Scaffold2	4794100	4794113	+	10.3902	5.74e-05	0.542	TAATATTGAGCAAA
5-TAATTTTGATCAAT	STREME-5	Scaffold6	15279118	15279131	-	10.3902	5.74e-05	0.542	TAATTTGACTCAAT
5-TAATTTTGATCAAT	STREME-5	Scaffold2	45985794	45985807	+	10.3902	5.74e-05	0.542	TAATTTTAAAGAAA
5-TAATTTTGATCAAT	STREME-5	Scaffold6	5474937	5474950	+	10.378	5.8e-05	0.542	TAATTTGAGTGAAT
5-TAATTTTGATCAAT	STREME-5	Scaffold1	10211012	10211025	-	10.378	5.8e-05	0.542	AAATTTTGATAAAA
5-TAATTTTGATCAAT	STREME-5	Scaffold9	34515596	34515609	-	10.378	5.8e-05	0.542	TAATTGTGGCAAAT
5-TAATTTTGATCAAT	STREME-5	Scaffold9	36555963	36555976	+	10.378	5.8e-05	0.542	TAATTTTCATTAAA
5-TAATTTTGATCAAT	STREME-5	Scaffold11	1920423	1920436	-	10.3659	5.82e-05	0.542	TAATTTTGGTTATA
5-TAATTTTGATCAAT	STREME-5	Scaffold11	11429649	11429662	-	10.3537	5.86e-05	0.542	TAACTTTTATGAAT
5-TAATTTTGATCAAT	STREME-5	Scaffold9	28066845	28066858	-	10.3537	5.86e-05	0.542	TAAATTTGTTCAAA
5-TAATTTTGATCAAT	STREME-5	Scaffold4	31722661	31722674	+	10.3537	5.86e-05	0.542	TAACTTTGATAAAG
5-TAATTTTGATCAAT	STREME-5	Scaffold4	31722661	31722674	+	10.3537	5.86e-05	0.542	TAACTTTGATAAAG
5-TAATTTTGATCAAT	STREME-5	Scaffold10	32245266	32245279	+	10.3537	5.86e-05	0.542	TAGTGTTGATGAAT
5-TAATTTTGATCAAT	STREME-5	Scaffold10	32245266	32245279	+	10.3537	5.86e-05	0.542	TAGTGTTGATGAAT
5-TAATTTTGATCAAT	STREME-5	Scaffold3	52568069	52568082	-	10.3537	5.86e-05	0.542	TAATTTTTGTAAAT
5-TAATTTTGATCAAT	STREME-5	Scaffold3	52568069	52568082	-	10.3537	5.86e-05	0.542	TAATTTTTGTAAAT
5-TAATTTTGATCAAT	STREME-5	Scaffold3	900071	900084	+	10.3415	5.89e-05	0.542	AAATTTTGGACAAA
5-TAATTTTGATCAAT	STREME-5	Scaffold3	900071	900084	+	10.3415	5.89e-05	0.542	AAATTTTGGACAAA
5-TAATTTTGATCAAT	STREME-5	Scaffold8	952254	952267	+	10.3415	5.89e-05	0.542	AAATTTTGGACAAA
5-TAATTTTGATCAAT	STREME-5	Scaffold3	1330207	1330220	+	10.3415	5.89e-05	0.542	AAATTTTGGACAAA
5-TAATTTTGATCAAT	STREME-5	Scaffold2	2392513	2392526	-	10.3415	5.89e-05	0.542	AAATTTTGGACAAA
5-TAATTTTGATCAAT	STREME-5	Scaffold8	3549036	3549049	-	10.3415	5.89e-05	0.542	TAATCTTGTTCATA
5-TAATTTTGATCAAT	STREME-5	Scaffold9	7799282	7799295	+	10.3415	5.89e-05	0.542	AAATTTTCACCAAT
5-TAATTTTGATCAAT	STREME-5	Scaffold3	57176892	57176905	-	10.3415	5.89e-05	0.542	TAATTTCGTTCACA
5-TAATTTTGATCAAT	STREME-5	Scaffold4	22667360	22667373	+	10.3293	5.94e-05	0.542	TACTTTTGTTGAAA
5-TAATTTTGATCAAT	STREME-5	Scaffold1	27147176	27147189	-	10.3293	5.94e-05	0.542	AAAATTTGATCAAT
5-TAATTTTGATCAAT	STREME-5	Scaffold5	30802777	30802790	+	10.3293	5.94e-05	0.542	TACTTTTGTTGAAA
5-TAATTTTGATCAAT	STREME-5	Scaffold1	30882051	30882064	-	10.3293	5.94e-05	0.542	TACTTTTGTTGAAA
5-TAATTTTGATCAAT	STREME-5	Scaffold1	38318389	38318402	+	10.3293	5.94e-05	0.542	TACTTTTGTTGAAA
5-TAATTTTGATCAAT	STREME-5	Scaffold1	38318389	38318402	+	10.3293	5.94e-05	0.542	TACTTTTGTTGAAA
5-TAATTTTGATCAAT	STREME-5	Scaffold8	38327285	38327298	-	10.3293	5.94e-05	0.542	TACTTTTGTTGAAA
5-TAATTTTGATCAAT	STREME-5	Scaffold9	38560507	38560520	+	10.3293	5.94e-05	0.542	TACTTTTGTTGAAA
5-TAATTTTGATCAAT	STREME-5	Scaffold1	44467832	44467845	+	10.3293	5.94e-05	0.542	TACTTTTGTTGAAA
5-TAATTTTGATCAAT	STREME-5	Scaffold3	967877	967890	-	10.3171	5.97e-05	0.542	TCATTTTGATCACC
5-TAATTTTGATCAAT	STREME-5	Scaffold3	5690785	5690798	-	10.3049	6.01e-05	0.542	TAATTTGCACCAAA
5-TAATTTTGATCAAT	STREME-5	Scaffold8	13968478	13968491	-	10.2927	6.03e-05	0.542	TAATATGGTTCAAT
5-TAATTTTGATCAAT	STREME-5	Scaffold8	13968478	13968491	-	10.2927	6.03e-05	0.542	TAATATGGTTCAAT
5-TAATTTTGATCAAT	STREME-5	Scaffold8	13968478	13968491	-	10.2927	6.03e-05	0.542	TAATATGGTTCAAT
5-TAATTTTGATCAAT	STREME-5	Scaffold8	13968515	13968528	-	10.2927	6.03e-05	0.542	TAATATGGTTCAAT
5-TAATTTTGATCAAT	STREME-5	Scaffold8	13968515	13968528	-	10.2927	6.03e-05	0.542	TAATATGGTTCAAT
5-TAATTTTGATCAAT	STREME-5	Scaffold8	13968515	13968528	-	10.2927	6.03e-05	0.542	TAATATGGTTCAAT
5-TAATTTTGATCAAT	STREME-5	Scaffold6	18401089	18401102	-	10.2927	6.03e-05	0.542	TAATTTGGGCCATA
5-TAATTTTGATCAAT	STREME-5	Scaffold4	23321180	23321193	-	10.2927	6.03e-05	0.542	GAGTTTTGATCAAT
5-TAATTTTGATCAAT	STREME-5	Scaffold10	32766540	32766553	+	10.2927	6.03e-05	0.542	GAGTTTTGATCAAT
5-TAATTTTGATCAAT	STREME-5	Scaffold5	41913535	41913548	+	10.2927	6.03e-05	0.542	AAATTTTGAGCAAA
5-TAATTTTGATCAAT	STREME-5	Scaffold10	705741	705754	+	10.2805	6.07e-05	0.542	TAAGTTTGTTCAAC
5-TAATTTTGATCAAT	STREME-5	Scaffold9	14153323	14153336	-	10.2805	6.07e-05	0.542	TAATTTTTATGCAT
5-TAATTTTGATCAAT	STREME-5	Scaffold9	14153323	14153336	-	10.2805	6.07e-05	0.542	TAATTTTTATGCAT
5-TAATTTTGATCAAT	STREME-5	Scaffold1	36357957	36357970	+	10.2805	6.07e-05	0.542	TACTTGTGATAAAT
5-TAATTTTGATCAAT	STREME-5	Scaffold1	36357957	36357970	+	10.2805	6.07e-05	0.542	TACTTGTGATAAAT
5-TAATTTTGATCAAT	STREME-5	Scaffold3	39737763	39737776	-	10.2805	6.07e-05	0.542	TAACTTTGGTCACG
5-TAATTTTGATCAAT	STREME-5	Scaffold2	48845473	48845486	+	10.2805	6.07e-05	0.542	TAACTTTTATCATT
5-TAATTTTGATCAAT	STREME-5	Scaffold2	2117131	2117144	+	10.2683	6.1e-05	0.542	TAATTTGGATAAGT
5-TAATTTTGATCAAT	STREME-5	Scaffold7	2850630	2850643	-	10.2561	6.14e-05	0.542	TAACTTTTACCAAT
5-TAATTTTGATCAAT	STREME-5	Scaffold6	8994143	8994156	-	10.2561	6.14e-05	0.542	TACTTTTGTTCATA
5-TAATTTTGATCAAT	STREME-5	Scaffold4	20246105	20246118	-	10.2561	6.14e-05	0.542	AAATATTGGTCAAT
5-TAATTTTGATCAAT	STREME-5	Scaffold9	28060447	28060460	-	10.2561	6.14e-05	0.542	TAATTTTTTTCAAG
5-TAATTTTGATCAAT	STREME-5	Scaffold9	29397376	29397389	-	10.2561	6.14e-05	0.542	TAATGTTTATCATT
5-TAATTTTGATCAAT	STREME-5	Scaffold3	86502	86515	+	10.2439	6.18e-05	0.542	TACTTTTGATTAAA
5-TAATTTTGATCAAT	STREME-5	Scaffold3	18905058	18905071	-	10.2439	6.18e-05	0.542	TACTTTTATTCAAT
5-TAATTTTGATCAAT	STREME-5	Scaffold5	10836555	10836568	-	10.2317	6.22e-05	0.542	TAATGTTGATGAGA
5-TAATTTTGATCAAT	STREME-5	Scaffold2	22812387	22812400	+	10.2317	6.22e-05	0.542	TAATTTTGGTCTCC
5-TAATTTTGATCAAT	STREME-5	Scaffold4	23025119	23025132	-	10.2317	6.22e-05	0.542	TAATATTGATCAGG
5-TAATTTTGATCAAT	STREME-5	Scaffold1	32469486	32469499	-	10.2317	6.22e-05	0.542	TACTTTTGTCCAAA
5-TAATTTTGATCAAT	STREME-5	Scaffold9	32973527	32973540	-	10.2317	6.22e-05	0.542	TAATTTTATTGAAA
5-TAATTTTGATCAAT	STREME-5	Scaffold3	33281605	33281618	+	10.2317	6.22e-05	0.542	TAATTTGGGACAGT
5-TAATTTTGATCAAT	STREME-5	Scaffold7	42216676	42216689	-	10.2317	6.22e-05	0.542	TAATATTAATCATT
5-TAATTTTGATCAAT	STREME-5	Scaffold11	1172525	1172538	-	10.2195	6.25e-05	0.542	TAAATGTGATGAAT
5-TAATTTTGATCAAT	STREME-5	Scaffold5	4544770	4544783	+	10.2195	6.25e-05	0.542	TAATATGGGTCAAA
5-TAATTTTGATCAAT	STREME-5	Scaffold10	31440703	31440716	-	10.2195	6.25e-05	0.542	TAAATGTGATGAAT
5-TAATTTTGATCAAT	STREME-5	Scaffold10	377155	377168	-	10.2073	6.29e-05	0.542	TAATTTTGCAAAAT
5-TAATTTTGATCAAT	STREME-5	Scaffold10	377155	377168	-	10.2073	6.29e-05	0.542	TAATTTTGCAAAAT
5-TAATTTTGATCAAT	STREME-5	Scaffold10	34368907	34368920	-	10.2073	6.29e-05	0.542	TAATTTTGCAAAAT
5-TAATTTTGATCAAT	STREME-5	Scaffold1	36013351	36013364	+	10.2073	6.29e-05	0.542	AAATTTTAATGAAT
5-TAATTTTGATCAAT	STREME-5	Scaffold5	47516479	47516492	-	10.2073	6.29e-05	0.542	TAATTTTTATCCTT
5-TAATTTTGATCAAT	STREME-5	Scaffold5	47516479	47516492	-	10.2073	6.29e-05	0.542	TAATTTTTATCCTT
5-TAATTTTGATCAAT	STREME-5	Scaffold1	10211516	10211529	+	10.1951	6.34e-05	0.542	TAATATTGATAAAC
5-TAATTTTGATCAAT	STREME-5	Scaffold3	38457376	38457389	+	10.1951	6.34e-05	0.542	TACTTTTGCTCAGT
5-TAATTTTGATCAAT	STREME-5	Scaffold2	54618550	54618563	-	10.1951	6.34e-05	0.542	TCATTTTGTTCAAC
5-TAATTTTGATCAAT	STREME-5	Scaffold8	4508585	4508598	+	10.1829	6.38e-05	0.542	TAATTGTAATAAAT
5-TAATTTTGATCAAT	STREME-5	Scaffold6	15502325	15502338	-	10.1829	6.38e-05	0.542	TAATTTTTTACAAT
5-TAATTTTGATCAAT	STREME-5	Scaffold1	28595372	28595385	+	10.1829	6.38e-05	0.542	TAATTTTTTACAAT
5-TAATTTTGATCAAT	STREME-5	Scaffold3	52584466	52584479	+	10.1829	6.38e-05	0.542	TAATTTTTTACAAT
5-TAATTTTGATCAAT	STREME-5	Scaffold3	52584757	52584770	-	10.1829	6.38e-05	0.542	TAATTTTTTACAAT
5-TAATTTTGATCAAT	STREME-5	Scaffold3	57349523	57349536	-	10.1829	6.38e-05	0.542	TAATTTACATGAAT
5-TAATTTTGATCAAT	STREME-5	Scaffold10	1702454	1702467	+	10.1707	6.43e-05	0.544	TAATTTGAATGAAA
5-TAATTTTGATCAAT	STREME-5	Scaffold2	18812810	18812823	-	10.1707	6.43e-05	0.544	TACTTTTAGTCAAA
5-TAATTTTGATCAAT	STREME-5	Scaffold5	10836484	10836497	-	10.1585	6.46e-05	0.544	TAATTGTGGACATA
5-TAATTTTGATCAAT	STREME-5	Scaffold6	13850774	13850787	+	10.1585	6.46e-05	0.544	TAATTTAGCCCAAT
5-TAATTTTGATCAAT	STREME-5	Scaffold9	36226430	36226443	-	10.1585	6.46e-05	0.544	TAATAGTGCTCAAT
5-TAATTTTGATCAAT	STREME-5	Scaffold8	3223296	3223309	+	10.1463	6.51e-05	0.544	TAATTTTTTTCACT
5-TAATTTTGATCAAT	STREME-5	Scaffold6	15340342	15340355	-	10.1463	6.51e-05	0.544	TAATAGTGGTGAAT
5-TAATTTTGATCAAT	STREME-5	Scaffold9	30459042	30459055	-	10.1463	6.51e-05	0.544	TAAATGTGATCATT
5-TAATTTTGATCAAT	STREME-5	Scaffold4	43291373	43291386	+	10.1463	6.51e-05	0.544	TAATTTTAATTAAA
5-TAATTTTGATCAAT	STREME-5	Scaffold8	5035026	5035039	-	10.1341	6.54e-05	0.544	TAATCTTGTTGAAC
5-TAATTTTGATCAAT	STREME-5	Scaffold3	7749759	7749772	-	10.1341	6.54e-05	0.544	TCATTTTGATGAAG
5-TAATTTTGATCAAT	STREME-5	Scaffold6	14064288	14064301	+	10.1341	6.54e-05	0.544	TAATGGTGTTCAAA
5-TAATTTTGATCAAT	STREME-5	Scaffold1	35950651	35950664	+	10.1341	6.54e-05	0.544	TAATTTTCAAAAAT
5-TAATTTTGATCAAT	STREME-5	Scaffold2	53779629	53779642	-	10.1341	6.54e-05	0.544	TAAGTTTGGTCCAT
5-TAATTTTGATCAAT	STREME-5	Scaffold5	1186514	1186527	-	10.122	6.59e-05	0.544	TAATTTGCATGAAC
5-TAATTTTGATCAAT	STREME-5	Scaffold5	1186514	1186527	-	10.122	6.59e-05	0.544	TAATTTGCATGAAC
5-TAATTTTGATCAAT	STREME-5	Scaffold2	3914278	3914291	+	10.122	6.59e-05	0.544	TCATTTTGATCAGA
5-TAATTTTGATCAAT	STREME-5	Scaffold9	30296186	30296199	-	10.122	6.59e-05	0.544	TAATTTTGGAAATT
5-TAATTTTGATCAAT	STREME-5	Scaffold9	30791496	30791509	-	10.122	6.59e-05	0.544	TAATTTGGCTCATC
5-TAATTTTGATCAAT	STREME-5	Scaffold8	41702023	41702036	+	10.122	6.59e-05	0.544	TAATTTTGATGCTG
5-TAATTTTGATCAAT	STREME-5	Scaffold7	43692905	43692918	+	10.122	6.59e-05	0.544	TAAGTTTGACCAAG
5-TAATTTTGATCAAT	STREME-5	Scaffold3	1519501	1519514	-	10.1098	6.64e-05	0.545	TAATTTACATCATT
5-TAATTTTGATCAAT	STREME-5	Scaffold5	7859092	7859105	-	10.0976	6.69e-05	0.545	TAATGTTCATCCAT
5-TAATTTTGATCAAT	STREME-5	Scaffold8	8009653	8009666	-	10.0976	6.69e-05	0.545	TCATGTTGGTCAAT
5-TAATTTTGATCAAT	STREME-5	Scaffold1	23723720	23723733	+	10.0976	6.69e-05	0.545	TAATTGTAAGCAAT
5-TAATTTTGATCAAT	STREME-5	Scaffold9	30301956	30301969	-	10.0976	6.69e-05	0.545	TAATTTTGTAGAAG
5-TAATTTTGATCAAT	STREME-5	Scaffold9	36235830	36235843	+	10.0976	6.69e-05	0.545	TAAATTTTATCAAT
5-TAATTTTGATCAAT	STREME-5	Scaffold3	38140901	38140914	-	10.0976	6.69e-05	0.545	TAATTGTAAGCAAT
5-TAATTTTGATCAAT	STREME-5	Scaffold3	55077505	55077518	+	10.0976	6.69e-05	0.545	TAATTTTACTCAGT
5-TAATTTTGATCAAT	STREME-5	Scaffold5	3267636	3267649	+	10.0854	6.73e-05	0.545	TAATGTTCGTGAAT
5-TAATTTTGATCAAT	STREME-5	Scaffold6	5474652	5474665	-	10.0854	6.73e-05	0.545	TAATTTAGGACAAA
5-TAATTTTGATCAAT	STREME-5	Scaffold4	11608144	11608157	+	10.0854	6.73e-05	0.545	TAATTTTGACCCGA
5-TAATTTTGATCAAT	STREME-5	Scaffold4	41970434	41970447	+	10.0854	6.73e-05	0.545	TAGTTTTGAGCAAA
5-TAATTTTGATCAAT	STREME-5	Scaffold1	37798255	37798268	-	10.0732	6.76e-05	0.548	GAATTTTGATGACT
5-TAATTTTGATCAAT	STREME-5	Scaffold2	11466922	11466935	-	10.061	6.8e-05	0.548	AAATTTTGAACAGT
5-TAATTTTGATCAAT	STREME-5	Scaffold2	11466922	11466935	-	10.061	6.8e-05	0.548	AAATTTTGAACAGT
5-TAATTTTGATCAAT	STREME-5	Scaffold9	37958534	37958547	+	10.061	6.8e-05	0.548	TAATGTTGGCCCAT
5-TAATTTTGATCAAT	STREME-5	Scaffold9	37958534	37958547	+	10.061	6.8e-05	0.548	TAATGTTGGCCCAT
5-TAATTTTGATCAAT	STREME-5	Scaffold11	1909347	1909360	+	10.0488	6.84e-05	0.548	TAATTTTCATGATG
5-TAATTTTGATCAAT	STREME-5	Scaffold1	38137050	38137063	-	10.0488	6.84e-05	0.548	TAATTGTGATGTAA
5-TAATTTTGATCAAT	STREME-5	Scaffold10	370169	370182	+	10.0366	6.87e-05	0.548	TAATGTTGACGACT
5-TAATTTTGATCAAT	STREME-5	Scaffold10	370169	370182	+	10.0366	6.87e-05	0.548	TAATGTTGACGACT
5-TAATTTTGATCAAT	STREME-5	Scaffold11	9582555	9582568	+	10.0366	6.87e-05	0.548	TAATGTTGACGACT
5-TAATTTTGATCAAT	STREME-5	Scaffold6	43621183	43621196	+	10.0366	6.87e-05	0.548	TAATTTGGAAGAAG
5-TAATTTTGATCAAT	STREME-5	Scaffold5	37867735	37867748	-	10.0122	6.93e-05	0.552	TAATTGTCTTCAAA
5-TAATTTTGATCAAT	STREME-5	Scaffold2	42023315	42023328	-	10.0122	6.93e-05	0.552	TAATTTTGGCGATG
5-TAATTTTGATCAAT	STREME-5	Scaffold3	49577479	49577492	-	9.9878	7e-05	0.556	AAATTGTCATCAAT
5-TAATTTTGATCAAT	STREME-5	Scaffold11	2534932	2534945	-	9.97561	7.05e-05	0.556	TAATTTTGGTACAA
5-TAATTTTGATCAAT	STREME-5	Scaffold8	4908266	4908279	-	9.97561	7.05e-05	0.556	TAATTTTGGAGTAT
5-TAATTTTGATCAAT	STREME-5	Scaffold10	33088513	33088526	-	9.97561	7.05e-05	0.556	TAATTTTCTTAAAT
5-TAATTTTGATCAAT	STREME-5	Scaffold2	39411080	39411093	+	9.97561	7.05e-05	0.556	TAATTTTGGAGTAT
5-TAATTTTGATCAAT	STREME-5	Scaffold5	49754413	49754426	+	9.97561	7.05e-05	0.556	TACCTTTGGTGAAT
5-TAATTTTGATCAAT	STREME-5	Scaffold5	49755597	49755610	+	9.97561	7.05e-05	0.556	TACTTTTGATGAGA
5-TAATTTTGATCAAT	STREME-5	Scaffold11	6963778	6963791	+	9.96341	7.08e-05	0.558	TAATTGTGCACAAC
5-TAATTTTGATCAAT	STREME-5	Scaffold8	41480227	41480240	+	9.95122	7.12e-05	0.558	TAATTTTATTGAAC
5-TAATTTTGATCAAT	STREME-5	Scaffold6	3076711	3076724	-	9.93902	7.16e-05	0.558	TAATGTTGTTGATT
5-TAATTTTGATCAAT	STREME-5	Scaffold4	18776825	18776838	+	9.93902	7.16e-05	0.558	TAAATTTGAAGAAT
5-TAATTTTGATCAAT	STREME-5	Scaffold5	32257305	32257318	+	9.93902	7.16e-05	0.558	TAATTTTGATATTT
5-TAATTTTGATCAAT	STREME-5	Scaffold8	35323687	35323700	-	9.93902	7.16e-05	0.558	TAACTTTGTCGAAT
5-TAATTTTGATCAAT	STREME-5	Scaffold6	5469772	5469785	-	9.92683	7.21e-05	0.558	TAATCTTCATCCAT
5-TAATTTTGATCAAT	STREME-5	Scaffold4	23370210	23370223	+	9.92683	7.21e-05	0.558	TAATCTTCATCCAT
5-TAATTTTGATCAAT	STREME-5	Scaffold4	23370629	23370642	-	9.92683	7.21e-05	0.558	TAATCTTCATCCAT
5-TAATTTTGATCAAT	STREME-5	Scaffold5	35821754	35821767	-	9.92683	7.21e-05	0.558	TAATCTTCATCCAT
5-TAATTTTGATCAAT	STREME-5	Scaffold3	38457077	38457090	+	9.92683	7.21e-05	0.558	TAATTTTGAGGTAT
5-TAATTTTGATCAAT	STREME-5	Scaffold8	1963563	1963576	+	9.91463	7.25e-05	0.558	TAAATTTGACCAAG
5-TAATTTTGATCAAT	STREME-5	Scaffold5	2741569	2741582	-	9.91463	7.25e-05	0.558	TAATTTGCATAAAT
5-TAATTTTGATCAAT	STREME-5	Scaffold10	5370353	5370366	-	9.91463	7.25e-05	0.558	TAATTTTGAAAATA
5-TAATTTTGATCAAT	STREME-5	Scaffold11	9871961	9871974	-	9.91463	7.25e-05	0.558	TAATTTTGACATAT
5-TAATTTTGATCAAT	STREME-5	Scaffold11	11271737	11271750	+	9.91463	7.25e-05	0.558	TAATTTTGAAAATA
5-TAATTTTGATCAAT	STREME-5	Scaffold10	30166090	30166103	-	9.91463	7.25e-05	0.558	TAATTTTGAAAATA
5-TAATTTTGATCAAT	STREME-5	Scaffold5	38022312	38022325	+	9.91463	7.25e-05	0.558	TAATTTTGAAAATA
5-TAATTTTGATCAAT	STREME-5	Scaffold8	40790570	40790583	+	9.91463	7.25e-05	0.558	TAATTTTGAAAATA
5-TAATTTTGATCAAT	STREME-5	Scaffold10	370543	370556	-	9.90244	7.32e-05	0.558	TAATTTGGGTAATT
5-TAATTTTGATCAAT	STREME-5	Scaffold10	370543	370556	-	9.90244	7.32e-05	0.558	TAATTTGGGTAATT
5-TAATTTTGATCAAT	STREME-5	Scaffold10	642218	642231	-	9.90244	7.32e-05	0.558	TAATTTTAAAAAAT
5-TAATTTTGATCAAT	STREME-5	Scaffold1	4030066	4030079	-	9.90244	7.32e-05	0.558	TAATTGTAATCACA
5-TAATTTTGATCAAT	STREME-5	Scaffold3	7642703	7642716	-	9.90244	7.32e-05	0.558	TACTTTTGGTGCAT
5-TAATTTTGATCAAT	STREME-5	Scaffold11	11430719	11430732	-	9.90244	7.32e-05	0.558	TAATTTTAAAAAAT
5-TAATTTTGATCAAT	STREME-5	Scaffold4	20467876	20467889	+	9.90244	7.32e-05	0.558	TAATTTTAAAAAAT
5-TAATTTTGATCAAT	STREME-5	Scaffold3	7640051	7640064	-	9.89024	7.36e-05	0.558	TAATTTTGTTGCTT
5-TAATTTTGATCAAT	STREME-5	Scaffold1	26448790	26448803	+	9.89024	7.36e-05	0.558	TCATGTTGATCAAA
5-TAATTTTGATCAAT	STREME-5	Scaffold8	41832624	41832637	-	9.89024	7.36e-05	0.558	TAAGTTTGTCCAAT
5-TAATTTTGATCAAT	STREME-5	Scaffold7	5236477	5236490	-	9.87805	7.42e-05	0.558	TAATGTTGTTCTAT
5-TAATTTTGATCAAT	STREME-5	Scaffold8	38418451	38418464	+	9.87805	7.42e-05	0.558	TACTTGTGTTCAAA
5-TAATTTTGATCAAT	STREME-5	Scaffold8	41152355	41152368	-	9.87805	7.42e-05	0.558	TAATGTTGATCCTA
5-TAATTTTGATCAAT	STREME-5	Scaffold3	5146619	5146632	+	9.86585	7.47e-05	0.558	TAATTTTGAGGACA
5-TAATTTTGATCAAT	STREME-5	Scaffold5	39577764	39577777	+	9.86585	7.47e-05	0.558	TAATTTTGTCGCAT
5-TAATTTTGATCAAT	STREME-5	Scaffold7	1314222	1314235	+	9.85366	7.52e-05	0.558	GAATTTTGTCCAAT
5-TAATTTTGATCAAT	STREME-5	Scaffold11	6279080	6279093	+	9.85366	7.52e-05	0.558	TACTGTTGGCCAAT
5-TAATTTTGATCAAT	STREME-5	Scaffold2	8989992	8990005	+	9.85366	7.52e-05	0.558	TACTGTTGGCCAAT
5-TAATTTTGATCAAT	STREME-5	Scaffold2	12078326	12078339	-	9.85366	7.52e-05	0.558	TACTGTTGGCCAAT
5-TAATTTTGATCAAT	STREME-5	Scaffold1	20249860	20249873	+	9.85366	7.52e-05	0.558	TACTGTTGGCCAAT
5-TAATTTTGATCAAT	STREME-5	Scaffold1	20249860	20249873	+	9.85366	7.52e-05	0.558	TACTGTTGGCCAAT
5-TAATTTTGATCAAT	STREME-5	Scaffold1	29007084	29007097	-	9.85366	7.52e-05	0.558	TAATTTTCAACACA
5-TAATTTTGATCAAT	STREME-5	Scaffold8	37292236	37292249	-	9.85366	7.52e-05	0.558	TACTGTTGGCCAAT
5-TAATTTTGATCAAT	STREME-5	Scaffold8	37292236	37292249	-	9.85366	7.52e-05	0.558	TACTGTTGGCCAAT
5-TAATTTTGATCAAT	STREME-5	Scaffold8	40428705	40428718	-	9.85366	7.52e-05	0.558	TAATTTTCAACACA
5-TAATTTTGATCAAT	STREME-5	Scaffold8	41655530	41655543	-	9.85366	7.52e-05	0.558	TACTGTTGGCCAAT
5-TAATTTTGATCAAT	STREME-5	Scaffold6	43270625	43270638	-	9.85366	7.52e-05	0.558	TAGTTGTGCTCAAT
5-TAATTTTGATCAAT	STREME-5	Scaffold6	43270625	43270638	-	9.85366	7.52e-05	0.558	TAGTTGTGCTCAAT
5-TAATTTTGATCAAT	STREME-5	Scaffold11	17393342	17393355	+	9.84146	7.56e-05	0.558	TACTTTTCATCCAT
5-TAATTTTGATCAAT	STREME-5	Scaffold4	22082421	22082434	-	9.84146	7.56e-05	0.558	TCATTTTGATCCAA
5-TAATTTTGATCAAT	STREME-5	Scaffold2	54238264	54238277	+	9.84146	7.56e-05	0.558	TCATTTTGCTCAAA
5-TAATTTTGATCAAT	STREME-5	Scaffold2	54238264	54238277	+	9.84146	7.56e-05	0.558	TCATTTTGCTCAAA
5-TAATTTTGATCAAT	STREME-5	Scaffold6	2485519	2485532	+	9.82927	7.61e-05	0.561	TCATTTTGGTGAAA
5-TAATTTTGATCAAT	STREME-5	Scaffold2	6774431	6774444	+	9.80488	7.71e-05	0.567	GAATTTTGGTCATA
5-TAATTTTGATCAAT	STREME-5	Scaffold5	48674478	48674491	-	9.80488	7.71e-05	0.567	TAACTTTGGTCAGG
5-TAATTTTGATCAAT	STREME-5	Scaffold6	15669661	15669674	-	9.79268	7.74e-05	0.567	TAATATAGATCAAA
5-TAATTTTGATCAAT	STREME-5	Scaffold6	15669661	15669674	-	9.79268	7.74e-05	0.567	TAATATAGATCAAA
5-TAATTTTGATCAAT	STREME-5	Scaffold1	37792162	37792175	+	9.79268	7.74e-05	0.567	TAATTTCAACCAAC
5-TAATTTTGATCAAT	STREME-5	Scaffold5	42076692	42076705	+	9.79268	7.74e-05	0.567	TAATGGTGATGAAG
5-TAATTTTGATCAAT	STREME-5	Scaffold9	30017383	30017396	+	9.78049	7.8e-05	0.568	TACTTTTGAACTAT
5-TAATTTTGATCAAT	STREME-5	Scaffold9	30017383	30017396	+	9.78049	7.8e-05	0.568	TACTTTTGAACTAT
5-TAATTTTGATCAAT	STREME-5	Scaffold4	39012930	39012943	-	9.78049	7.8e-05	0.568	TAATTTTGTATAAT
5-TAATTTTGATCAAT	STREME-5	Scaffold6	4024853	4024866	+	9.7561	7.87e-05	0.573	TAATTTTGACGTTT
5-TAATTTTGATCAAT	STREME-5	Scaffold1	4029256	4029269	+	9.7439	7.93e-05	0.573	TAATTTGGAACCAA
5-TAATTTTGATCAAT	STREME-5	Scaffold6	25951561	25951574	-	9.7439	7.93e-05	0.573	TAATTTTGTTTACT
5-TAATTTTGATCAAT	STREME-5	Scaffold2	49755180	49755193	+	9.7439	7.93e-05	0.573	TAATTTTAAAGATT
5-TAATTTTGATCAAT	STREME-5	Scaffold3	49766189	49766202	-	9.7439	7.93e-05	0.573	TAATGTTGATAAGT
5-TAATTTTGATCAAT	STREME-5	Scaffold3	52559631	52559644	-	9.7439	7.93e-05	0.573	TAATTTTAAAGATT
5-TAATTTTGATCAAT	STREME-5	Scaffold2	2124388	2124401	-	9.73171	7.99e-05	0.573	TAATTTTCATTATT
5-TAATTTTGATCAAT	STREME-5	Scaffold5	7698175	7698188	-	9.73171	7.99e-05	0.573	TAATTTTCACCAGC
5-TAATTTTGATCAAT	STREME-5	Scaffold1	23917002	23917015	-	9.73171	7.99e-05	0.573	TAATTGTCTTCAAC
5-TAATTTTGATCAAT	STREME-5	Scaffold2	26730889	26730902	-	9.73171	7.99e-05	0.573	TAATTTTCATTATT
5-TAATTTTGATCAAT	STREME-5	Scaffold11	7370904	7370917	-	9.71951	8.04e-05	0.573	TAATTGGAATCAAA
5-TAATTTTGATCAAT	STREME-5	Scaffold9	7799274	7799287	-	9.71951	8.04e-05	0.573	AAATTTTGAGGAAT
5-TAATTTTGATCAAT	STREME-5	Scaffold11	10738291	10738304	+	9.71951	8.04e-05	0.573	TAATTTGAGTCAAG
5-TAATTTTGATCAAT	STREME-5	Scaffold2	48845552	48845565	+	9.71951	8.04e-05	0.573	TAAATTTGATCCAA
5-TAATTTTGATCAAT	STREME-5	Scaffold2	5030365	5030378	-	9.70732	8.09e-05	0.573	TAAATTTGTTCATT
5-TAATTTTGATCAAT	STREME-5	Scaffold6	13601843	13601856	+	9.70732	8.09e-05	0.573	TAAATTTGTTCATT
5-TAATTTTGATCAAT	STREME-5	Scaffold1	26619446	26619459	-	9.70732	8.09e-05	0.573	TAATTTTAGCCCAT
5-TAATTTTGATCAAT	STREME-5	Scaffold1	30882066	30882079	+	9.70732	8.09e-05	0.573	TAATTTCGATCCCA
5-TAATTTTGATCAAT	STREME-5	Scaffold4	37780049	37780062	+	9.70732	8.09e-05	0.573	AAATTTTCAACAAT
5-TAATTTTGATCAAT	STREME-5	Scaffold4	37780049	37780062	+	9.70732	8.09e-05	0.573	AAATTTTCAACAAT
5-TAATTTTGATCAAT	STREME-5	Scaffold1	38104702	38104715	-	9.70732	8.09e-05	0.573	AAATTTTCAACAAT
5-TAATTTTGATCAAT	STREME-5	Scaffold1	44467817	44467830	-	9.70732	8.09e-05	0.573	TAATTTCGATCCCA
5-TAATTTTGATCAAT	STREME-5	Scaffold5	4910243	4910256	-	9.69512	8.15e-05	0.573	AAACTTTGTTCAAT
5-TAATTTTGATCAAT	STREME-5	Scaffold10	5286914	5286927	+	9.69512	8.15e-05	0.573	TAATTTGGATAATA
5-TAATTTTGATCAAT	STREME-5	Scaffold10	5286914	5286927	+	9.69512	8.15e-05	0.573	TAATTTGGATAATA
5-TAATTTTGATCAAT	STREME-5	Scaffold8	11668088	11668101	+	9.69512	8.15e-05	0.573	TAGTTTTGTTCAGT
5-TAATTTTGATCAAT	STREME-5	Scaffold8	40965908	40965921	-	9.69512	8.15e-05	0.573	TAATTGTGATCTTC
5-TAATTTTGATCAAT	STREME-5	Scaffold7	42275237	42275250	-	9.69512	8.15e-05	0.573	TAATTTTGCTAAGT
5-TAATTTTGATCAAT	STREME-5	Scaffold3	51551837	51551850	+	9.69512	8.15e-05	0.573	TAATTTTGGCTATT
5-TAATTTTGATCAAT	STREME-5	Scaffold3	5691287	5691300	+	9.68293	8.2e-05	0.575	TAATTTGGAGGAAA
5-TAATTTTGATCAAT	STREME-5	Scaffold8	36066580	36066593	-	9.68293	8.2e-05	0.575	TACCTTTAATCAAT
5-TAATTTTGATCAAT	STREME-5	Scaffold10	37493773	37493786	+	9.68293	8.2e-05	0.575	TAATTTTAAACTAT
5-TAATTTTGATCAAT	STREME-5	Scaffold11	7367838	7367851	-	9.67073	8.26e-05	0.576	TAATTTTGGTTACA
5-TAATTTTGATCAAT	STREME-5	Scaffold7	32291141	32291154	-	9.67073	8.26e-05	0.576	TAATTTCCAACAAA
5-TAATTTTGATCAAT	STREME-5	Scaffold7	32291141	32291154	-	9.67073	8.26e-05	0.576	TAATTTCCAACAAA
5-TAATTTTGATCAAT	STREME-5	Scaffold2	48846613	48846626	-	9.67073	8.26e-05	0.576	AAATTTTCATCACT
5-TAATTTTGATCAAT	STREME-5	Scaffold6	22876562	22876575	+	9.65854	8.3e-05	0.578	GAATTGTGAACAAT
5-TAATTTTGATCAAT	STREME-5	Scaffold6	22876562	22876575	+	9.65854	8.3e-05	0.578	GAATTGTGAACAAT
5-TAATTTTGATCAAT	STREME-5	Scaffold3	41500547	41500560	+	9.64634	8.35e-05	0.579	TAATGTTAATGAAA
5-TAATTTTGATCAAT	STREME-5	Scaffold7	43181929	43181942	+	9.64634	8.35e-05	0.579	TAATATTGACGATT
5-TAATTTTGATCAAT	STREME-5	Scaffold7	43181929	43181942	+	9.64634	8.35e-05	0.579	TAATATTGACGATT
5-TAATTTTGATCAAT	STREME-5	Scaffold3	6615370	6615383	+	9.63415	8.38e-05	0.579	TAATTGCGGCCAAC
5-TAATTTTGATCAAT	STREME-5	Scaffold4	18560299	18560312	-	9.63415	8.38e-05	0.579	AAACTTGGATCAAT
5-TAATTTTGATCAAT	STREME-5	Scaffold3	40687354	40687367	+	9.63415	8.38e-05	0.579	TAATCTTCATCATA
5-TAATTTTGATCAAT	STREME-5	Scaffold3	40687354	40687367	+	9.63415	8.38e-05	0.579	TAATCTTCATCATA
5-TAATTTTGATCAAT	STREME-5	Scaffold4	18543898	18543911	-	9.60976	8.49e-05	0.581	TAATATTGATCTTT
5-TAATTTTGATCAAT	STREME-5	Scaffold8	33460533	33460546	-	9.60976	8.49e-05	0.581	TAATTTTTGTGAAG
5-TAATTTTGATCAAT	STREME-5	Scaffold7	43540696	43540709	-	9.60976	8.49e-05	0.581	TAACTTTGGTGATC
5-TAATTTTGATCAAT	STREME-5	Scaffold4	20246299	20246312	+	9.59756	8.54e-05	0.581	TACTTTTGATTATT
5-TAATTTTGATCAAT	STREME-5	Scaffold2	6371009	6371022	-	9.58537	8.59e-05	0.581	TAATTTTATTGATT
5-TAATTTTGATCAAT	STREME-5	Scaffold2	6371009	6371022	-	9.58537	8.59e-05	0.581	TAATTTTATTGATT
5-TAATTTTGATCAAT	STREME-5	Scaffold2	8672800	8672813	-	9.58537	8.59e-05	0.581	TAATTTTATTGATT
5-TAATTTTGATCAAT	STREME-5	Scaffold6	18434606	18434619	+	9.58537	8.59e-05	0.581	TAATTTTATTGATT
5-TAATTTTGATCAAT	STREME-5	Scaffold4	23684850	23684863	-	9.58537	8.59e-05	0.581	TAATTTAGGTGAAG
5-TAATTTTGATCAAT	STREME-5	Scaffold4	23684850	23684863	-	9.58537	8.59e-05	0.581	TAATTTAGGTGAAG
5-TAATTTTGATCAAT	STREME-5	Scaffold3	31464308	31464321	+	9.58537	8.59e-05	0.581	TAATTTTATTGATT
5-TAATTTTGATCAAT	STREME-5	Scaffold5	39460990	39461003	-	9.57317	8.63e-05	0.581	TAATATTCGTCAAA
5-TAATTTTGATCAAT	STREME-5	Scaffold2	538244	538257	-	9.56098	8.67e-05	0.581	TAATTGTGATATAT
5-TAATTTTGATCAAT	STREME-5	Scaffold2	538244	538257	-	9.56098	8.67e-05	0.581	TAATTGTGATATAT
5-TAATTTTGATCAAT	STREME-5	Scaffold11	4583778	4583791	-	9.56098	8.67e-05	0.581	AAATTTTGAAGAAA
5-TAATTTTGATCAAT	STREME-5	Scaffold4	38976974	38976987	+	9.56098	8.67e-05	0.581	AAATTTGGATCCAT
5-TAATTTTGATCAAT	STREME-5	Scaffold1	42254026	42254039	+	9.56098	8.67e-05	0.581	TAATGTTTATCACT
5-TAATTTTGATCAAT	STREME-5	Scaffold11	101582	101595	-	9.54878	8.71e-05	0.581	TAATTTTTCACAAT
5-TAATTTTGATCAAT	STREME-5	Scaffold3	1518037	1518050	-	9.54878	8.71e-05	0.581	TAATTTTTCACAAT
5-TAATTTTGATCAAT	STREME-5	Scaffold8	3223430	3223443	-	9.54878	8.71e-05	0.581	TAATTTTTCACAAT
5-TAATTTTGATCAAT	STREME-5	Scaffold11	3979458	3979471	+	9.54878	8.71e-05	0.581	TAATTTGGATGTAA
5-TAATTTTGATCAAT	STREME-5	Scaffold6	13099494	13099507	-	9.54878	8.71e-05	0.581	TAACTTTCATCATC
5-TAATTTTGATCAAT	STREME-5	Scaffold3	31465313	31465326	-	9.54878	8.71e-05	0.581	TAATTTTTAACCAT
5-TAATTTTGATCAAT	STREME-5	Scaffold10	37685267	37685280	+	9.54878	8.71e-05	0.581	TAATTTTTCACAAT
5-TAATTTTGATCAAT	STREME-5	Scaffold8	40966951	40966964	-	9.54878	8.71e-05	0.581	TAATTTTTCACAAT
5-TAATTTTGATCAAT	STREME-5	Scaffold1	44375670	44375683	-	9.54878	8.71e-05	0.581	TAATTTTTAACCAT
5-TAATTTTGATCAAT	STREME-5	Scaffold7	871154	871167	+	9.53659	8.76e-05	0.581	TACTTGGGATCAAC
5-TAATTTTGATCAAT	STREME-5	Scaffold9	3044747	3044760	+	9.53659	8.76e-05	0.581	TAGTTTTGGCCAAG
5-TAATTTTGATCAAT	STREME-5	Scaffold8	7414494	7414507	-	9.53659	8.76e-05	0.581	TAATGTTGTTCACC
5-TAATTTTGATCAAT	STREME-5	Scaffold4	19442089	19442102	-	9.53659	8.76e-05	0.581	TAATTTTTGTCATG
5-TAATTTTGATCAAT	STREME-5	Scaffold7	28603743	28603756	-	9.53659	8.76e-05	0.581	TAATTTTTGTCATG
5-TAATTTTGATCAAT	STREME-5	Scaffold1	35371628	35371641	-	9.53659	8.76e-05	0.581	TAATTGTGACCCCT
5-TAATTTTGATCAAT	STREME-5	Scaffold1	35379804	35379817	-	9.53659	8.76e-05	0.581	TAATTGTGACCCCT
5-TAATTTTGATCAAT	STREME-5	Scaffold8	39528037	39528050	-	9.53659	8.76e-05	0.581	TAATTTTGTTCTTA
5-TAATTTTGATCAAT	STREME-5	Scaffold11	8352561	8352574	-	9.52439	8.83e-05	0.584	TAATTTACATCAAG
5-TAATTTTGATCAAT	STREME-5	Scaffold9	14140795	14140808	-	9.52439	8.83e-05	0.584	TAATTTTGATTTAA
5-TAATTTTGATCAAT	STREME-5	Scaffold9	14140795	14140808	-	9.52439	8.83e-05	0.584	TAATTTTGATTTAA
5-TAATTTTGATCAAT	STREME-5	Scaffold2	6425081	6425094	-	9.5122	8.88e-05	0.585	TAATTTCCTTCAAA
5-TAATTTTGATCAAT	STREME-5	Scaffold8	40966396	40966409	-	9.5122	8.88e-05	0.585	TAATTTTGTCCTAA
5-TAATTTTGATCAAT	STREME-5	Scaffold3	54361284	54361297	+	9.5122	8.88e-05	0.585	TAATTTAGGTCATG
5-TAATTTTGATCAAT	STREME-5	Scaffold2	2390934	2390947	+	9.5	8.95e-05	0.586	TAATTTTAATTATT
5-TAATTTTGATCAAT	STREME-5	Scaffold11	7370496	7370509	-	9.5	8.95e-05	0.586	TAATTTCAACGAAT
5-TAATTTTGATCAAT	STREME-5	Scaffold11	11430969	11430982	+	9.5	8.95e-05	0.586	TAATTTTAATTATT
5-TAATTTTGATCAAT	STREME-5	Scaffold5	32266039	32266052	-	9.5	8.95e-05	0.586	TAATTTTAATTATT
5-TAATTTTGATCAAT	STREME-5	Scaffold8	36699490	36699503	-	9.5	8.95e-05	0.586	TAATTTTAATTATT
5-TAATTTTGATCAAT	STREME-5	Scaffold2	41447197	41447210	+	9.5	8.95e-05	0.586	TAACCTTGATCATC
5-TAATTTTGATCAAT	STREME-5	Scaffold9	994963	994976	+	9.4878	9.01e-05	0.589	TAATTTTATCCATT
5-TAATTTTGATCAAT	STREME-5	Scaffold5	3572571	3572584	+	9.4878	9.01e-05	0.589	TAATCTTGGGCAAC
5-TAATTTTGATCAAT	STREME-5	Scaffold6	5474155	5474168	+	9.46341	9.12e-05	0.591	TAATTTTTGACATT
5-TAATTTTGATCAAT	STREME-5	Scaffold5	8244897	8244910	-	9.46341	9.12e-05	0.591	TAACTTTGAACATG
5-TAATTTTGATCAAT	STREME-5	Scaffold11	11430206	11430219	-	9.46341	9.12e-05	0.591	TAACTTTTTTCAAT
5-TAATTTTGATCAAT	STREME-5	Scaffold8	45044	45057	+	9.45122	9.16e-05	0.591	TAATTTGGACCTAA
5-TAATTTTGATCAAT	STREME-5	Scaffold8	45044	45057	+	9.45122	9.16e-05	0.591	TAATTTGGACCTAA
5-TAATTTTGATCAAT	STREME-5	Scaffold7	5228884	5228897	-	9.45122	9.16e-05	0.591	TAATTTTCTACAAC
5-TAATTTTGATCAAT	STREME-5	Scaffold10	5370856	5370869	+	9.45122	9.16e-05	0.591	GAATTTTGAACAAG
5-TAATTTTGATCAAT	STREME-5	Scaffold2	17885414	17885427	+	9.45122	9.16e-05	0.591	TAATTTTGATGTCC
5-TAATTTTGATCAAT	STREME-5	Scaffold2	17885523	17885536	+	9.45122	9.16e-05	0.591	TAATTTTGATGTCC
5-TAATTTTGATCAAT	STREME-5	Scaffold2	17885632	17885645	+	9.45122	9.16e-05	0.591	TAATTTTGATGTCC
5-TAATTTTGATCAAT	STREME-5	Scaffold1	44369675	44369688	-	9.45122	9.16e-05	0.591	AAATTTGGGCCAAT
5-TAATTTTGATCAAT	STREME-5	Scaffold5	7850090	7850103	-	9.43902	9.22e-05	0.592	TAAATTTGCTCAAC
5-TAATTTTGATCAAT	STREME-5	Scaffold3	31437990	31438003	+	9.43902	9.22e-05	0.592	AAATCTCGATCAAT
5-TAATTTTGATCAAT	STREME-5	Scaffold7	33519258	33519271	+	9.43902	9.22e-05	0.592	TAATTTTCACGAGT
5-TAATTTTGATCAAT	STREME-5	Scaffold1	35473224	35473237	+	9.43902	9.22e-05	0.592	TAATTTCAAACAAA
5-TAATTTTGATCAAT	STREME-5	Scaffold3	7749514	7749527	+	9.42683	9.26e-05	0.593	TAATTTTGGAAACT
5-TAATTTTGATCAAT	STREME-5	Scaffold11	9858386	9858399	-	9.42683	9.26e-05	0.593	TAACTTTGAAGACT
5-TAATTTTGATCAAT	STREME-5	Scaffold3	37323022	37323035	-	9.42683	9.26e-05	0.593	TAATTTTGCTGACG
5-TAATTTTGATCAAT	STREME-5	Scaffold7	43536167	43536180	-	9.42683	9.26e-05	0.593	TAATATTGTTCATA
5-TAATTTTGATCAAT	STREME-5	Scaffold6	15279941	15279954	+	9.41463	9.32e-05	0.594	TAATGTAGTTCAAT
5-TAATTTTGATCAAT	STREME-5	Scaffold6	23864128	23864141	+	9.41463	9.32e-05	0.594	TAATTTTGCTACAT
5-TAATTTTGATCAAT	STREME-5	Scaffold10	37492987	37493000	-	9.41463	9.32e-05	0.594	TAATTTTTAGCATT
5-TAATTTTGATCAAT	STREME-5	Scaffold3	908612	908625	+	9.40244	9.36e-05	0.594	AAATTTTGTTGAAA
5-TAATTTTGATCAAT	STREME-5	Scaffold3	908612	908625	+	9.40244	9.36e-05	0.594	AAATTTTGTTGAAA
5-TAATTTTGATCAAT	STREME-5	Scaffold1	23923827	23923840	+	9.40244	9.36e-05	0.594	AAATTTTGTTGAAA
5-TAATTTTGATCAAT	STREME-5	Scaffold1	34945229	34945242	+	9.40244	9.36e-05	0.594	TAACCTTGGTCAAG
5-TAATTTTGATCAAT	STREME-5	Scaffold3	55793066	55793079	-	9.40244	9.36e-05	0.594	AAATTTTGTTGAAA
5-TAATTTTGATCAAT	STREME-5	Scaffold8	39532822	39532835	-	9.39024	9.41e-05	0.595	TACTTTTAATGAAA
5-TAATTTTGATCAAT	STREME-5	Scaffold1	40013596	40013609	+	9.39024	9.41e-05	0.595	TACTTTTAATGAAA
5-TAATTTTGATCAAT	STREME-5	Scaffold3	55694952	55694965	-	9.39024	9.41e-05	0.595	TAATTTTTTTCCAT
5-TAATTTTGATCAAT	STREME-5	Scaffold2	5023165	5023178	-	9.37805	9.47e-05	0.597	TAATTTTGGAGATG
5-TAATTTTGATCAAT	STREME-5	Scaffold8	41701801	41701814	-	9.37805	9.47e-05	0.597	TAATCTTAACCAAA
5-TAATTTTGATCAAT	STREME-5	Scaffold3	998875	998888	-	9.36585	9.5e-05	0.599	TAATTGTAAAGAAT
5-TAATTTTGATCAAT	STREME-5	Scaffold4	20459838	20459851	+	9.35366	9.56e-05	0.6	TAATTTTTATGTAT
5-TAATTTTGATCAAT	STREME-5	Scaffold2	5232718	5232731	-	9.34146	9.61e-05	0.6	AAATTTGGATGAAA
5-TAATTTTGATCAAT	STREME-5	Scaffold8	11668880	11668893	-	9.34146	9.61e-05	0.6	TAGTTTTCTTCAAT
5-TAATTTTGATCAAT	STREME-5	Scaffold4	20238898	20238911	+	9.34146	9.61e-05	0.6	AAATTTGGATGAAA
5-TAATTTTGATCAAT	STREME-5	Scaffold4	23880663	23880676	+	9.34146	9.61e-05	0.6	GAATTTTGAACACT
5-TAATTTTGATCAAT	STREME-5	Scaffold6	30668011	30668024	+	9.34146	9.61e-05	0.6	AACTTTTGGTCAAA
5-TAATTTTGATCAAT	STREME-5	Scaffold5	31434733	31434746	+	9.34146	9.61e-05	0.6	TAATTTTCATACAT
5-TAATTTTGATCAAT	STREME-5	Scaffold5	31434733	31434746	+	9.34146	9.61e-05	0.6	TAATTTTCATACAT
5-TAATTTTGATCAAT	STREME-5	Scaffold5	6550943	6550956	-	9.32927	9.66e-05	0.6	TAATTTTTAAGAAA
5-TAATTTTGATCAAT	STREME-5	Scaffold1	34951475	34951488	+	9.32927	9.66e-05	0.6	AAATTTTGTTCATA
5-TAATTTTGATCAAT	STREME-5	Scaffold5	6451864	6451877	-	9.31707	9.73e-05	0.6	TAATTTGTGTGAAT
5-TAATTTTGATCAAT	STREME-5	Scaffold5	6451864	6451877	-	9.31707	9.73e-05	0.6	TAATTTGTGTGAAT
5-TAATTTTGATCAAT	STREME-5	Scaffold5	35830501	35830514	-	9.31707	9.73e-05	0.6	TAATTTTACTGAAC
5-TAATTTTGATCAAT	STREME-5	Scaffold10	37648444	37648457	+	9.31707	9.73e-05	0.6	TAATTTTTGTCCAA
5-TAATTTTGATCAAT	STREME-5	Scaffold3	43099918	43099931	-	9.31707	9.73e-05	0.6	AAATTTTATTCAAT
5-TAATTTTGATCAAT	STREME-5	Scaffold2	49756071	49756084	-	9.31707	9.73e-05	0.6	TAGTTTTGGTTAAT
5-TAATTTTGATCAAT	STREME-5	Scaffold3	55877257	55877270	-	9.31707	9.73e-05	0.6	TAATTTTGACAATG
5-TAATTTTGATCAAT	STREME-5	Scaffold5	12227849	12227862	+	9.30488	9.78e-05	0.6	TAATTGCCATCATT
5-TAATTTTGATCAAT	STREME-5	Scaffold5	12227849	12227862	+	9.30488	9.78e-05	0.6	TAATTGCCATCATT
5-TAATTTTGATCAAT	STREME-5	Scaffold1	45071539	45071552	-	9.30488	9.78e-05	0.6	GAATTTTGGGCAAT
5-TAATTTTGATCAAT	STREME-5	Scaffold7	15883	15896	+	9.29268	9.83e-05	0.6	TACTGGTGATCAAA
5-TAATTTTGATCAAT	STREME-5	Scaffold8	4920876	4920889	-	9.29268	9.83e-05	0.6	TAATTTGGTTGAGT
5-TAATTTTGATCAAT	STREME-5	Scaffold9	30800120	30800133	-	9.29268	9.83e-05	0.6	TAATTTTTGTTAAT
5-TAATTTTGATCAAT	STREME-5	Scaffold10	33087347	33087360	-	9.29268	9.83e-05	0.6	TAATTTTTGTTAAT
5-TAATTTTGATCAAT	STREME-5	Scaffold2	51530495	51530508	+	9.29268	9.83e-05	0.6	TAATTGTGTGCAAA
5-TAATTTTGATCAAT	STREME-5	Scaffold8	20688	20701	+	9.28049	9.89e-05	0.6	TAATTTTTATCTTT
5-TAATTTTGATCAAT	STREME-5	Scaffold8	20688	20701	+	9.28049	9.89e-05	0.6	TAATTTTTATCTTT
5-TAATTTTGATCAAT	STREME-5	Scaffold5	3569732	3569745	+	9.28049	9.89e-05	0.6	TAAGTTTCATGAAT
5-TAATTTTGATCAAT	STREME-5	Scaffold6	5471121	5471134	+	9.28049	9.89e-05	0.6	TAATTTTTATCTTT
5-TAATTTTGATCAAT	STREME-5	Scaffold3	7734627	7734640	+	9.28049	9.89e-05	0.6	TAATTTTTATCTTT
5-TAATTTTGATCAAT	STREME-5	Scaffold11	15884435	15884448	-	9.28049	9.89e-05	0.6	TAATTTTTATCTTT
5-TAATTTTGATCAAT	STREME-5	Scaffold9	23594385	23594398	-	9.28049	9.89e-05	0.6	AAATTTTGAAGAAC
5-TAATTTTGATCAAT	STREME-5	Scaffold1	36358196	36358209	-	9.28049	9.89e-05	0.6	TAACCTTGAGCAAT
5-TAATTTTGATCAAT	STREME-5	Scaffold1	36358196	36358209	-	9.28049	9.89e-05	0.6	TAACCTTGAGCAAT
5-TAATTTTGATCAAT	STREME-5	Scaffold1	38318008	38318021	+	9.28049	9.89e-05	0.6	TAATTTTGAAATAT
5-TAATTTTGATCAAT	STREME-5	Scaffold1	38318008	38318021	+	9.28049	9.89e-05	0.6	TAATTTTGAAATAT
5-TAATTTTGATCAAT	STREME-5	Scaffold5	8245195	8245208	+	9.26829	9.94e-05	0.6	TAACTTTGTTGACT
5-TAATTTTGATCAAT	STREME-5	Scaffold7	30666412	30666425	-	9.26829	9.94e-05	0.6	TAATTTAGATGACA
5-TAATTTTGATCAAT	STREME-5	Scaffold1	37710134	37710147	+	9.26829	9.94e-05	0.6	TAATTTTGTTTAGT
5-TAATTTTGATCAAT	STREME-5	Scaffold1	37710134	37710147	+	9.26829	9.94e-05	0.6	TAATTTTGTTTAGT
5-TAATTTTGATCAAT	STREME-5	Scaffold5	46808698	46808711	-	9.26829	9.94e-05	0.6	TACTTTTCATCATC
5-TAATTTTGATCAAT	STREME-5	Scaffold8	4908448	4908461	-	9.2561	0.0001	0.6	AAATTTTGGTGAGT
5-TAATTTTGATCAAT	STREME-5	Scaffold11	8352648	8352661	-	9.2561	0.0001	0.6	AAATTTCAATCAAT
5-TAATTTTGATCAAT	STREME-5	Scaffold4	23060530	23060543	+	9.2561	0.0001	0.6	AAATTTTGGTGAGT
5-TAATTTTGATCAAT	STREME-5	Scaffold1	32472676	32472689	-	9.2561	0.0001	0.6	TAATCTTGGACCAT
5-TAATTTTGATCAAT	STREME-5	Scaffold2	39410898	39410911	+	9.2561	0.0001	0.6	AAATTTTGGTGAGT
5-TAATTTTGATCAAT	STREME-5	Scaffold2	45898892	45898905	+	9.2561	0.0001	0.6	TAATTGTGAAAAAC

# FIMO (Find Individual Motif Occurrences): Version 5.5.7 compiled on Aug 29 2024 at 17:50:14
# The format of this file is described at https://meme-suite.org/meme/doc/fimo-output-format.html#tsv_results.
# fimo --verbosity 1 --oc fimo_out_6 --bgfile ./background --motif 5-TAATTTTGATCAAT streme_out/streme.xml 2KB_UP_DOWN_drought_1E1c_cluster_all.fa
